mtllib portable-environment-filter.mtl
o portable-environment-filter
v -0.036974916048347954 0.39450710229575636 0.1517093524336815
v -0.03189711794257164 0.1345701575279236 0.20820346400141718
v -0.032372916117310524 0.3941892497241497 0.20820346400141718
v -0.036974916048347954 0.39450710229575636 0.1517093524336815
v -0.035705467127263545 0.1333007037639618 0.1517093524336815
v -0.03189711794257164 0.1345701575279236 0.20820346400141718
v 0.2101076252758503 0.2189941018819809 -0.03586439341306687
v 0.21772498711943628 0.2189941018819809 -0.03538794387131929
v 0.20883819088339806 0.2247069537639618 -0.03840329367667437
v 0.20883819088339806 0.2234375 0.026025356724858284
v 0.2101076252758503 0.2189941018819809 -0.03586439341306687
v 0.20883819088339806 0.2234375 0.026025356724858284
v 0.20883819088339806 0.21772464811801912 0.023327857069671155
v 0.2101076252758503 0.21328125 -0.029040694423019885
v 0.2164548747241497 0.2126462034881115 -0.027770594134926798
v 0.2101076252758503 0.21328125 -0.029040694423019885
v -0.13139651343226433 0.5700194537639618 0.032531856931746005
v -0.12758751288056375 0.5941402956843377 0.03221465572714806
v -0.16186526343226434 0.6017576575279237 0.032373255118727684
v -0.13139651343226433 0.5700194537639618 0.032531856931746005
v -0.16186526343226434 0.6017576575279237 0.032373255118727684
v -0.16440417096018792 0.5700194537639618 0.032531856931746005
v -0.12885761559009554 0.5712889075279236 0.029992956668138504
v -0.12885761559009554 0.5839847043156624 0.029834354855120183
v -0.12885761559009554 0.5839847043156624 0.029834354855120183
v -0.10727501288056374 0.37546405121684073 0.1504392594099045
v 0.09711943119764328 0.3865725513547659 0.151074305921793
v -0.10537117123603822 0.3833986021578312 0.1498048521578312
v -0.10727501288056374 0.37546405121684073 0.1504392594099045
v -0.10854511559009553 0.1510742962360382 0.2094728983938694
v -0.10854511559009553 0.1510742962360382 0.1504392594099045
v -0.10727501288056374 0.37546405121684073 0.1504392594099045
v -0.10727501288056374 0.37546405121684073 0.2094728983938694
v -0.10854511559009553 0.1510742962360382 0.2094728983938694
v -0.10727501288056374 0.37546405121684073 0.1504392594099045
v -0.10854511559009553 0.1510742962360382 0.1504392594099045
v 0.09711943119764328 0.3865725513547659 0.151074305921793
v -0.10537117123603822 0.3821291483938694 0.2094728983938694
v -0.10727501288056374 0.37546405121684073 0.2094728983938694
v 0.16440419033169748 0.5700194537639618 -0.03681664355099201
v 0.1669430784881115 0.5700194537639618 -0.03443569373339415
v 0.16440419033169748 0.5268555462360383 -0.03649879340082407
v 0.16440419033169748 0.5700194537639618 -0.03681664355099201
v 0.1282225787639618 0.5268555462360383 -0.03649879340082407
v 0.12758818119764329 0.56875 -0.03618159461766481
v 0.1282225787639618 0.5268555462360383 -0.03649879340082407
v 0.16440419033169748 0.5700194537639618 -0.03681664355099201
v 0.1669430784881115 0.5700194537639618 0.03046875484287739
v 0.1669430784881115 0.5700194537639618 -0.03443569373339415
v 0.12758818119764329 0.56875 -0.03618159461766481
v 0.16440419033169748 0.5700194537639618 0.03284905571490526
v 0.06569843105971813 0.1333007037639618 0.20820346400141718
v 0.06569843105971813 0.1333007037639618 0.1498048521578312
v 0.06538058333098888 0.3948243010789156 0.20820346400141718
v 0.06569843105971813 0.1333007037639618 0.20820346400141718
v 0.06538058333098888 0.3948243010789156 0.20820346400141718
v 0.05712883360683918 0.3948243010789156 0.20820346400141718
v 0.06569843105971813 0.1333007037639618 0.20820346400141718
v 0.05712883360683918 0.3948243010789156 0.20820346400141718
v 0.05712883360683918 0.1345701575279236 0.20820346400141718
v -0.22280276343226432 0.42846700027585033 -0.037133844755589965
v -0.22153330966830254 0.4303708516061306 -0.03745104353874922
v -0.2202638752758503 0.43164029568433765 0.024280104786157608
v -0.22280276343226432 0.42846700027585033 -0.037133844755589965
v -0.22153330966830254 0.4278319537639618 -0.03919694442301989
v -0.22153330966830254 0.4303708516061306 -0.03745104353874922
v -0.22280276343226432 0.42846700027585033 -0.037133844755589965
v -0.2266111247241497 0.4303708516061306 -0.03760964293032885
v -0.22534167096018792 0.42846700027585033 -0.040307793952524665
v -0.22280276343226432 0.42846700027585033 -0.037133844755589965
v -0.2202638752758503 0.43164029568433765 0.024280104786157608
v -0.22153330966830254 0.42846700027585033 0.023645055852830412
v -0.22280276343226432 0.42846700027585033 -0.037133844755589965
v -0.22153330966830254 0.42846700027585033 0.023645055852830412
v -0.2266111247241497 0.4303708516061306 -0.03760964293032885
v -0.22153330966830254 0.4278319537639618 -0.03919694442301989
v -0.11552742123603821 0.22216804623603822 0.20820346400141718
v -0.11616181880235672 0.2151857502758503 0.20820346400141718
v 0.11489238440990449 0.2145507037639618 0.2094728983938694
v -0.11552742123603821 0.22216804623603822 0.20820346400141718
v 0.11489238440990449 0.22216804623603822 0.20820346400141718
v -0.11679686531424523 0.22216804623603822 0.151074305921793
v -0.11552742123603821 0.22216804623603822 0.20820346400141718
v 0.11489238440990449 0.2145507037639618 0.2094728983938694
v 0.11489238440990449 0.22216804623603822 0.20820346400141718
v 0.12695313468575478 0.5839847043156624 -0.0011777940802858212
v 0.1263180784881115 0.5700194537639618 0.029834354855120183
v 0.1263180784881115 0.5827145919203759 0.029516507126390933
v 0.12695313468575478 0.5839847043156624 -0.0011777940802858212
v 0.1263180784881115 0.5827145919203759 0.029516507126390933
v 0.11743193119764328 0.59921875 0.029675106517970562
v 0.12695313468575478 0.5839847043156624 -0.0011777940802858212
v 0.11870138496160508 0.6004882037639618 -0.0011030440786271357
v 0.12695313468575478 0.5852541580796242 -0.032373243011534214
v 0.12695313468575478 0.56875 -0.001461844086588826
v 0.12695313468575478 0.5839847043156624 -0.0011777940802858212
v 0.12695313468575478 0.5852541580796242 -0.032373243011534214
v 0.12695313468575478 0.56875 -0.001461844086588826
v 0.11870138496160508 0.6004882037639618 -0.0011030440786271357
v 0.2278805784881115 0.03427709192037583 0.1447264075279236
v 0.2266111247241497 0.03300765752792358 -0.16123054623603822
v 0.2278805784881115 0.057129158079624175 -0.16059549003839493
v 0.2278805784881115 0.03427709192037583 0.1447264075279236
v 0.2278805784881115 0.057129158079624175 0.14409200996160507
v 0.17709998711943628 0.03427709192037583 0.19677776023745538
v 0.2278805784881115 0.03427709192037583 0.1447264075279236
v 0.16821319088339806 0.03427709192037583 0.1866208516061306
v 0.21518544033169748 0.03427709192037583 0.1352052040398121
v 0.2278805784881115 0.03427709192037583 0.1447264075279236
v 0.21518544033169748 0.03427709192037583 0.1352052040398121
v 0.2266111247241497 0.03300765752792358 -0.16123054623603822
v 0.2278805784881115 0.03427709192037583 0.1447264075279236
v 0.2278805784881115 0.057129158079624175 -0.16059549003839493
v 0.2278805784881115 0.057129158079624175 0.14409200996160507
v 0.2278805784881115 0.03427709192037583 0.1447264075279236
v 0.17709998711943628 0.03427709192037583 0.19677776023745538
v 0.16821319088339806 0.03427709192037583 0.1866208516061306
v -0.2202638752758503 0.39609375 -0.04173584468662739
v -0.22153330966830254 0.39577655121684074 -0.039514143206179145
v -0.2202638752758503 0.38879425041377547 -0.04141864348202944
v -0.22280276343226432 0.3878420002758503 -0.04348109178245068
v -0.2202638752758503 0.42275414839386943 -0.04189444407820702
v -0.22280276343226432 0.42275414839386943 -0.03983134441077709
v -0.22153330966830254 0.39609375 -0.04475119449198246
v -0.21137705966830253 0.21137674972414972 -0.020550394244492055
v -0.21137705966830253 0.2107423521578312 0.007934555783867836
v -0.2101076252758503 0.2126462034881115 -0.028405643068253994
v -0.21772430911660196 0.2107423521578312 -0.02039179364219308
v -0.21137705966830253 0.21137674972414972 -0.020550394244492055
v -0.21772430911660196 0.2126462034881115 -0.02729479353874922
v -0.21772430911660196 0.2107423521578312 -0.02039179364219308
v -0.2101076252758503 0.2126462034881115 -0.028405643068253994
v 0.2101076252758503 0.4456055462360382 0.13203125968575477
v 0.2113770790398121 0.48623054623603823 0.13203125968575477
v 0.1669430784881115 0.48623054623603823 0.1790041483938694
v 0.17836944088339807 0.4443361021578312 0.19804721400141717
v 0.2266111247241497 0.4449704997241497 0.14409200996160507
v 0.20883819088339806 0.4443361021578312 -0.14790034219622614
v 0.1669430784881115 0.4449704997241497 0.1790041483938694
v 0.2012208290398121 0.3384887997992337 -0.03665739521384239
v 0.2012208290398121 0.331228950060904 0.026819005049765112
v 0.2012208290398121 0.33833020040765405 0.023803655244410037
v 0.2012208290398121 0.3384887997992337 -0.03665739521384239
v 0.2012208290398121 0.33118865005671977 -0.03998994380235672
v 0.2012208290398121 0.331228950060904 0.026819005049765112
v 0.2012208290398121 0.3384887997992337 -0.03665739521384239
v 0.2012208290398121 0.33833020040765405 0.023803655244410037
v 0.2012208290398121 0.34388445047661664 -0.027453392930328845
v 0.2012208290398121 0.3384887997992337 -0.03665739521384239
v 0.2012208290398121 0.34388445047661664 -0.027453392930328845
v 0.2113770790398121 0.34816925041377544 -0.028722844272851943
v 0.2113770790398121 0.33952034963294864 -0.03903769366443157
v 0.2012208290398121 0.33118865005671977 -0.03998994380235672
v -0.1542479209601879 0.6208007037639618 0.02792985700070858
v -0.16440417096018792 0.6042972043156624 0.028882104717195035
v -0.14853506907820702 0.6220701575279236 0.032373255118727684
v -0.13393542096018793 0.6334958419203759 0.028723505325615406
v -0.1542479209601879 0.6220701575279236 0.0038083558436483146
v -0.1656736247241497 0.6042972043156624 -0.0012895940779344528
v -0.22153330966830254 0.3840329997241497 0.023645055852830412
v -0.2202638752758503 0.3884763978421688 0.027771255187690257
v -0.22153330966830254 0.3872069489210844 0.029357905313372613
v -0.22153330966830254 0.3840329997241497 0.023645055852830412
v -0.22534167096018792 0.3849852498620749 -0.03760964293032885
v -0.22280276343226432 0.38371580094099045 -0.03729244414716959
v -0.2202638752758503 0.3865725513547659 -0.03681664355099201
v -0.2202638752758503 0.38625469878315927 0.023645055852830412
v -0.2202638752758503 0.3865725513547659 -0.03681664355099201
v -0.22153330966830254 0.3840329997241497 0.023645055852830412
v -0.2266111247241497 0.3849852498620749 0.024280104786157608
v -0.22534167096018792 0.3849852498620749 -0.03760964293032885
v -0.22153330966830254 0.3872069489210844 0.029357905313372613
v 0.03046908173710108 0.5433597043156624 0.1472659543156624
v 0.03015123400837183 0.5319333419203759 0.16503889784216882
v 0.03142068292945623 0.53828125 0.140918055921793
v -0.033166566863656044 0.5420895919203759 0.1479003518819809
v 0.21772498711943628 0.21645520403981208 -0.03745104353874922
v 0.21772498711943628 0.22407254651188852 -0.0379268441349268
v 0.2164548747241497 0.2082027956843376 -0.028564244881272318
v -0.05109876841306687 0.5497069537639618 0.06474585644900799
v -0.029675416462123395 0.5839847043156624 0.08569340780377388
v -0.051733165979385376 0.5839847043156624 0.06506370417773724
v -0.05903331935405731 0.5497069537639618 0.03602300491183996
v -0.05109876841306687 0.5497069537639618 0.06474585644900799
v -0.029675416462123395 0.5497069537639618 0.0844239540398121
v -0.029675416462123395 0.5839847043156624 0.08569340780377388
v -0.009521517064422369 0.09775415807962418 0.19423821344971656
v -0.009243966918438673 0.09648470431566239 0.18916039839386942
v -0.010116267204284669 0.06728540807962417 0.19423821344971656
v 0.013250582292675972 0.06855484247207642 0.1955076478421688
v -0.009521517064422369 0.09775415807962418 0.19423821344971656
v 0.013250582292675972 0.06855484247207642 0.1955076478421688
v 0.012854082603007555 0.09775415807962418 0.19423821344971656
v 0.012854082603007555 0.09775415807962418 0.19423821344971656
v 0.22407223656773567 0.42338854596018793 -0.039672745019197465
v 0.2304201252758503 0.4322753518819809 -0.03903769366443157
v 0.22534169033169746 0.42338854596018793 0.026183956116437913
v 0.22407223656773567 0.42338854596018793 -0.039672745019197465
v 0.2202638752758503 0.42275414839386943 0.026025356724858284
v 0.21899444088339806 0.42275414839386943 -0.039672745019197465
v 0.22534169033169746 0.4417972043156624 -0.03919694442301989
v 0.2304201252758503 0.4322753518819809 -0.03903769366443157
v 0.22407223656773567 0.42338854596018793 -0.039672745019197465
v 0.22534169033169746 0.42338854596018793 0.026183956116437913
v 0.2202638752758503 0.42275414839386943 0.026025356724858284
v 0.2113770790398121 0.3399168505333364 0.02634255550801754
v 0.21772498711943628 0.33190299989655614 0.028405655175447464
v 0.21899444088339806 0.3387267000973225 0.025549556128680706
v 0.2012208290398121 0.33833020040765405 0.023803655244410037
v 0.2113770790398121 0.3322995001915842 0.029357905313372613
v 0.2113770790398121 0.3484864491969347 0.015948406420648098
v 0.20249028280377387 0.34547109939157966 0.010156256053596735
v -0.16440417096018792 0.5700194537639618 -0.035546543262898925
v -0.16186526343226434 0.6017576575279237 -0.03522934447973967
v -0.1320309206843376 0.5852541580796242 -0.03522934447973967
v -0.13139651343226433 0.5700194537639618 -0.035546543262898925
v -0.16821251288056374 0.5700194537639618 -0.032531844824552535
v -0.21137705966830253 0.21582014784216882 0.026501806266605855
v -0.21772430911660196 0.2234375 0.028247055783867835
v -0.2189944215118885 0.21645520403981208 0.025073106586933135
v -0.21137705966830253 0.21582014784216882 0.026501806266605855
v -0.2189944215118885 0.21645520403981208 0.025073106586933135
v -0.2101076252758503 0.2075683981180191 0.016821355652064086
v -0.21137705966830253 0.21582014784216882 0.026501806266605855
v -0.20122080966830255 0.22407254651188852 0.02713620625436306
v -0.21137705966830253 0.22216804623603822 0.029516507126390933
v -0.20122080966830255 0.2170896016061306 0.02412085644900799
v -0.20122080966830255 0.22407254651188852 0.02713620625436306
v -0.21772430911660196 0.2234375 0.028247055783867835
v 0.17836944088339807 0.4456055462360382 -0.20947223976254464
v -0.1783694215118885 0.4449704997241497 -0.20947223976254464
v -0.16694305911660196 0.4456055462360382 -0.19296874031424524
v 0.17836944088339807 0.4456055462360382 -0.20947223976254464
v 0.1656736247241497 0.4456055462360382 -0.19169928655028343
v 0.22534169033169746 0.4449704997241497 -0.1586916483938694
v -0.1783694215118885 0.4195802040398121 -0.20947223976254464
v 0.17836944088339807 0.4456055462360382 -0.20947223976254464
v 0.17836944088339807 0.4189451478421688 -0.20947223976254464
v -0.1783694215118885 0.4195802040398121 -0.20947223976254464
v -0.16694305911660196 0.4456055462360382 -0.19296874031424524
v 0.17836944088339807 0.4189451478421688 -0.20947223976254464
v 0.1377444311976433 0.38435085229575633 0.14218750968575478
v 0.1282225787639618 0.4018066018819809 0.14218750968575478
v 0.135839930921793 0.38371580094099045 0.2107423521578312
v 0.1377444311976433 0.38435085229575633 0.14218750968575478
v -0.138378819078207 0.1434569537639618 0.14282255619764328
v -0.1377444215118885 0.38435085229575633 0.14218750968575478
v 0.1377444311976433 0.38435085229575633 0.14218750968575478
v -0.1377444215118885 0.38435085229575633 0.14218750968575478
v -0.12822256907820703 0.4024416483938694 0.1415531024336815
v 0.1377444311976433 0.38435085229575633 0.14218750968575478
v 0.135839930921793 0.38371580094099045 0.2107423521578312
v 0.1377444311976433 0.1434569537639618 0.14218750968575478
v -0.12822256907820703 0.4024416483938694 0.1415531024336815
v 0.1377444311976433 0.38435085229575633 0.14218750968575478
v 0.1377444311976433 0.1434569537639618 0.14218750968575478
v -0.138378819078207 0.1434569537639618 0.14282255619764328
v -0.08759756907820702 0.6144527956843376 -0.03221399467438459
v -0.08759756907820702 0.6157229080796242 -0.0010087940798257477
v -0.10156217068433762 0.6106444537639618 -0.0006519440677948297
v -0.08759756907820702 0.6144527956843376 -0.03221399467438459
v -0.10156217068433762 0.6106444537639618 -0.03189679346978665
v -0.08759756907820702 0.6208007037639618 -0.035546543262898925
v -0.10156217068433762 0.6106444537639618 -0.03189679346978665
v -0.2101076252758503 0.2234375 -0.0379268441349268
v -0.2101076252758503 0.32956235008314255 0.025866754911839963
v -0.21137705966830253 0.32976059992797674 -0.03856189306825399
v -0.21772430911660196 0.3298204000806436 -0.03856189306825399
v -0.21772430911660196 0.2247069537639618 -0.0379268441349268
v -0.2101076252758503 0.22407254651188852 0.025866754911839963
v -0.2101076252758503 0.2234375 -0.0379268441349268
v -0.2101076252758503 0.2183597043156624 -0.03618159461766481
v -0.2101076252758503 0.22407254651188852 0.025866754911839963
v -0.2101076252758503 0.2183597043156624 -0.03618159461766481
v 0.12885763496160507 0.5700194537639618 0.032373255118727684
v 0.1593263849616051 0.6030270919203758 0.03189680557698012
v 0.1282225787639618 0.5839847043156624 0.03205605633556843
v 0.16313473656773567 0.5700194537639618 0.03221465572714806
v 0.014202832430601121 0.06855484247207642 0.1904298521578312
v 0.013409182894974947 0.09775415807962418 0.18916039839386942
v 0.014202832430601121 0.06855484247207642 0.1904298521578312
v -0.00991801735945046 0.06855484247207642 0.18916039839386942
v -0.010116267204284669 0.06728540807962417 0.19423821344971656
v -0.2266111247241497 0.4195802040398121 0.14409200996160507
v -0.2101076252758503 0.4195802040398121 -0.14790034219622614
v -0.2101076252758503 0.4189451478421688 0.13203125968575477
v -0.2266111247241497 0.4195802040398121 0.14409200996160507
v -0.2266111247241497 0.4443361021578312 0.14409200996160507
v -0.2266111247241497 0.4443361021578312 -0.1586916483938694
v -0.2266111247241497 0.4195802040398121 0.14409200996160507
v -0.2266111247241497 0.4443361021578312 -0.1586916483938694
v -0.2266111247241497 0.4189451478421688 -0.1574215456843376
v -0.2266111247241497 0.4195802040398121 0.14409200996160507
v -0.2101076252758503 0.4189451478421688 0.13203125968575477
v -0.1783694215118885 0.4189451478421688 0.19677776023745538
v -0.2101076252758503 0.4195802040398121 -0.14790034219622614
v -0.2266111247241497 0.4443361021578312 0.14409200996160507
v -0.2189944215118885 0.3322995001915842 0.028405655175447464
v -0.21772430911660196 0.2234375 0.028247055783867835
v -0.2189944215118885 0.3322995001915842 0.028405655175447464
v -0.21772430911660196 0.32989970007911323 0.024914504773914815
v -0.2164548747241497 0.22407254651188852 0.025073106586933135
v -0.21772430911660196 0.32989970007911323 0.024914504773914815
v -0.002360467170365155 0.5750979080796242 -0.019995293952524664
v 0.025707833468914032 0.5750979080796242 -0.012933044508099557
v 0.02634288240224123 0.5166992962360383 -0.01221934361383319
v -0.002360467170365155 0.5750979080796242 -0.019995293952524664
v -0.0019834671751596034 0.5166992962360383 -0.019915994256734848
v -0.029516817070543766 0.5750979080796242 -0.012695144210010768
v -0.0019834671751596034 0.5166992962360383 -0.019915994256734848
v 0.1263180784881115 0.026660408079624175 0.1955076478421688
v 0.11616248711943626 0.03300765752792358 0.1955076478421688
v 0.1180663287639618 0.025390295684337618 0.1955076478421688
v 0.12695313468575478 0.03300765752792358 0.1955076478421688
v 0.1282225787639618 0.026660408079624175 0.18789096400141717
v 0.12885763496160507 0.03300765752792358 0.18789096400141717
v 0.1263180784881115 0.026660408079624175 0.1955076478421688
v 0.1250486344099045 0.022851407527923584 0.191699305921793
v 0.1282225787639618 0.026660408079624175 0.18789096400141717
v 0.1180663287639618 0.025390295684337618 0.1955076478421688
v -0.22153330966830254 0.3903808981180191 0.025866754911839963
v -0.22153330966830254 0.39577655121684074 0.02634255550801754
v -0.22153330966830254 0.3884763978421688 0.022851405106484892
v -0.22153330966830254 0.3903808981180191 0.025866754911839963
v -0.22534167096018792 0.39641094878315924 0.02729480564594269
v -0.22153330966830254 0.39577655121684074 0.02634255550801754
v -0.22153330966830254 0.3884763978421688 0.022851405106484892
v -0.22534167096018792 0.3897458516061306 0.026025356724858284
v -0.11552742123603821 0.03427709192037583 -0.1993166483938694
v -0.11552742123603821 0.025390295684337618 -0.2005861021578312
v -0.11933576315641403 0.025390295684337618 -0.2069333516061306
v -0.11743192151188851 0.03427709192037583 -0.2069333516061306
v 0.22534169033169746 0.42846700027585033 0.025390956737101077
v 0.22534169033169746 0.42846700027585033 0.026183956116437913
v 0.2215333290398121 0.4214847043156624 0.025390956737101077
v 0.2215333290398121 0.4278319537639618 0.025390956737101077
v 0.22280278280377389 0.42846700027585033 0.023010655865073205
v 0.2266111247241497 0.4322753518819809 0.023010655865073205
v 0.2101076252758503 0.3453125 0.00765700563788414
v 0.21772498711943628 0.34507459970191123 -0.020153894554823637
v 0.21772498711943628 0.34547109939157966 0.0075380560941994195
v 0.2101076252758503 0.3453125 0.00765700563788414
v 0.2101076252758503 0.34547109939157966 -0.021106143482029438
v 0.21772498711943628 0.34507459970191123 -0.020153894554823637
v 0.2101076252758503 0.34229715019464496 0.01618630550801754
v 0.2101076252758503 0.34285289943218233 -0.028564244881272318
v 0.2101076252758503 0.34285289943218233 -0.028564244881272318
v -0.12060521692037583 0.59921875 0.029357905313372613
v -0.10410171747207642 0.6119139075279236 0.032373255118727684
v -0.21137705966830253 0.2075683981180191 -0.028564244881272318
v -0.21137705966830253 0.21645520403981208 -0.03903769366443157
v -0.20249026343226434 0.2126462034881115 -0.028405643068253994
v -0.21772430911660196 0.2082027956843376 -0.02808844428509474
v -0.20122080966830255 0.2107423521578312 -0.021026843786239625
v -0.21772430911660196 0.20566389784216882 -0.021026843786239625
v -0.2101076252758503 0.2050295002758503 -0.021344043780118227
v 0.1282225787639618 0.4018066018819809 0.14218750968575478
v -0.11044896692037583 0.4119628518819809 0.14028300940990449
v 0.1098145790398121 0.4119628518819809 0.140918055921793
v 0.1098145790398121 0.4119628518819809 0.140918055921793
v 0.12695313468575478 0.40212380066514014 0.2107423521578312
v 0.1282225787639618 0.4018066018819809 0.14218750968575478
v -0.12822256907820703 0.4024416483938694 0.1415531024336815
v -0.11044896692037583 0.4119628518819809 0.14028300940990449
v -0.0020627671736292543 0.5852541580796242 0.035705806128680705
v 0.02666008360683918 0.5839847043156624 -0.013250894658267499
v -0.002261017169803381 0.5852541580796242 -0.020629693940281867
v -0.0020627671736292543 0.5852541580796242 0.035705806128680705
v -0.0015817672188859434 0.5839847043156624 0.09394515752792358
v 0.04792483374476433 0.5839847043156624 0.06538090780377388
v 0.055542181059718136 0.5839847043156624 0.03649880550801754
v -0.0020627671736292543 0.5852541580796242 0.035705806128680705
v 0.026025683619081974 0.5839847043156624 0.08569340780377388
v 0.04792483374476433 0.5839847043156624 0.06538090780377388
v -0.05205101855099201 0.5839847043156624 0.00765700563788414
v -0.05903331935405731 0.5839847043156624 0.03618160672485828
v 0.04792483374476433 0.5839847043156624 0.007696656091138721
v -0.0020627671736292543 0.5852541580796242 0.035705806128680705
v -0.002261017169803381 0.5852541580796242 -0.020629693940281867
v -0.030627666600048543 0.5839847043156624 -0.013171593751758337
v -0.0015817672188859434 0.5839847043156624 0.09394515752792358
v -0.05205101855099201 0.5839847043156624 0.00765700563788414
v -0.09267601370811462 0.3938720509409905 0.20820346400141718
v -0.08378921747207642 0.1345701575279236 0.20820346400141718
v -0.08442361503839493 0.3941892497241497 0.20820346400141718
v -0.09267601370811462 0.3938720509409905 0.20820346400141718
v -0.09267601370811462 0.3948243010789156 0.1504392594099045
v -0.09331042096018792 0.13583959192037584 0.20820346400141718
v -0.09267601370811462 0.3938720509409905 0.20820346400141718
v -0.09331042096018792 0.13583959192037584 0.20820346400141718
v -0.08378921747207642 0.1345701575279236 0.20820346400141718
v 0.1320315793156624 0.6373048424720764 -0.001958444103365764
v 0.15107398629188537 0.6246097043156624 0.009759756363928318
v 0.1504395790398121 0.6246097043156624 -0.03142099287360907
v 0.1320315793156624 0.6373048424720764 -0.001958444103365764
v 0.1294920325279236 0.6360354080796242 -0.03522934447973967
v 0.1034666806459427 0.6449222043156624 -0.03126239348202944
v 0.1504395790398121 0.6246097043156624 -0.03142099287360907
v 0.1320315793156624 0.6373048424720764 -0.001958444103365764
v 0.1034666806459427 0.6449222043156624 -0.03126239348202944
v 0.1034666806459427 0.6449222043156624 0.01618630550801754
v 0.1320315793156624 0.6373048424720764 -0.001958444103365764
v 0.1307614862918854 0.6360354080796242 0.029357905313372613
v 0.15107398629188537 0.6246097043156624 0.009759756363928318
v 0.1320315793156624 0.6373048424720764 -0.001958444103365764
v 0.1034666806459427 0.6449222043156624 0.01618630550801754
v 0.1307614862918854 0.6360354080796242 0.029357905313372613
v 0.06569843105971813 0.1333007037639618 0.1498048521578312
v 0.06601563468575478 0.3948243010789156 0.1504392594099045
v 0.06538058333098888 0.3948243010789156 0.20820346400141718
v -0.2266111247241497 0.42275414839386943 -0.044433341920375825
v -0.22534167096018792 0.42275414839386943 -0.04125939514487982
v -0.2266111247241497 0.4303708516061306 -0.04252949543297291
v -0.2266111247241497 0.42275414839386943 -0.044433341920375825
v -0.22534167096018792 0.39545869864523414 -0.04379894435405731
v -0.2266111247241497 0.39577655121684074 -0.04094219394028187
v -0.22534167096018792 0.42275414839386943 -0.04125939514487982
v -0.22280276343226432 0.43164029568433765 -0.04316389299929142
v -0.22153330966830254 0.42338854596018793 -0.04506839327514172
v -0.22153330966830254 0.42338854596018793 -0.04506839327514172
v -0.13330101370811462 0.1421875 0.18408196344971658
v -0.13393542096018793 0.38371580094099045 0.18408196344971658
v -0.16694305911660196 0.4195802040398121 0.17773471400141716
v -0.13330101370811462 0.1421875 0.18408196344971658
v -0.16694305911660196 0.4195802040398121 0.17773471400141716
v -0.1656736247241497 0.05585970431566239 0.1802736021578312
v -0.13330101370811462 0.1421875 0.18408196344971658
v -0.1656736247241497 0.05585970431566239 0.1802736021578312
v -0.11108401343226433 0.12187500000000001 0.18408196344971658
v 0.04570313468575478 0.5750979080796242 0.008132805628702045
v 0.046655384823679924 0.5166992962360383 0.007974205631762743
v 0.2202638752758503 0.3849852498620749 0.023645055852830412
v 0.22280278280377389 0.3833986021578312 -0.03776824474334717
v 0.22280278280377389 0.38371580094099045 0.023645055852830412
v 0.2202638752758503 0.3849852498620749 0.023645055852830412
v 0.22280278280377389 0.38752414770424365 0.029040706530213355
v 0.2202638752758503 0.3891114491969347 0.02713620625436306
v 0.2202638752758503 0.3849852498620749 0.023645055852830412
v 0.2202638752758503 0.38562030121684077 -0.03745104353874922
v 0.22280278280377389 0.3833986021578312 -0.03776824474334717
v 0.22280278280377389 0.38752414770424365 0.029040706530213355
v 0.2215333290398121 0.3878420002758503 0.022692805714905263
v 0.2202638752758503 0.38562030121684077 -0.03745104353874922
v -0.09013646692037583 0.6449222043156624 -0.035546543262898925
v -0.10664061531424522 0.6373048424720764 -0.03507074508816004
v -0.10917951315641404 0.6423826575279236 -0.03189679346978665
v -0.09077151343226433 0.6487305462360382 -0.033166244812309745
v -0.20122080966830255 0.3382508995011449 0.024755905382335186
v -0.2101076252758503 0.3397582499310374 0.026025356724858284
v -0.2101076252758503 0.3323398001957685 0.029675106517970562
v -0.20249026343226434 0.3429322003386915 0.017138555645942688
v -0.20122080966830255 0.3312685999087989 0.027612655796110632
v -0.20122080966830255 0.3382508995011449 0.024755905382335186
v -0.20122080966830255 0.33162544975057245 -0.04014854319393635
v -0.20249026343226434 0.33896460039541126 -0.03681664355099201
v -0.20122080966830255 0.3382508995011449 0.024755905382335186
v -0.20122080966830255 0.3312685999087989 0.027612655796110632
v -0.20122080966830255 0.33162544975057245 -0.04014854319393635
v -0.20122080966830255 0.3382508995011449 0.024755905382335186
v -0.20249026343226434 0.33896460039541126 -0.03681664355099201
v -0.20249026343226434 0.3429322003386915 0.017138555645942688
v 0.2113770790398121 0.48623054623603823 0.13203125968575477
v 0.2113770790398121 0.4868649534881115 -0.14790034219622614
v 0.1656736247241497 0.53828125 0.11616215780377388
v 0.2113770790398121 0.48623054623603823 0.13203125968575477
v 0.1656736247241497 0.53828125 0.11616215780377388
v 0.14599618092179298 0.5395507037639619 0.13647465780377388
v 0.2113770790398121 0.48623054623603823 0.13203125968575477
v 0.20883819088339806 0.4443361021578312 -0.14790034219622614
v 0.2113770790398121 0.4868649534881115 -0.14790034219622614
v 0.2113770790398121 0.48623054623603823 0.13203125968575477
v 0.14599618092179298 0.5395507037639619 0.13647465780377388
v 0.1669430784881115 0.48623054623603823 0.1790041483938694
v 0.12885763496160507 0.026660408079624175 -0.2005861021578312
v 0.1263180784881115 0.026660408079624175 -0.2069333516061306
v 0.12885763496160507 0.027929842472076416 -0.2005861021578312
v 0.12885763496160507 0.026660408079624175 -0.2005861021578312
v 0.125683680921793 0.022851407527923584 -0.2005861021578312
v 0.1263180784881115 0.026660408079624175 -0.2069333516061306
v -0.22153330966830254 0.42275414839386943 0.026501806266605855
v -0.22280276343226432 0.4271975465118885 0.025708155520260335
v -0.2202638752758503 0.42275414839386943 0.029199305921792984
v -0.22153330966830254 0.42275414839386943 0.026501806266605855
v -0.2189944215118885 0.39577655121684074 0.029040706530213355
v -0.22153330966830254 0.39577655121684074 0.02634255550801754
v -0.22153330966830254 0.42275414839386943 0.026501806266605855
v -0.22534167096018792 0.42275414839386943 0.026819005049765112
v -0.2266111247241497 0.42846700027585033 0.02634255550801754
v -0.22534167096018792 0.42275414839386943 0.026819005049765112
v -0.2202638752758503 0.42275414839386943 0.029199305921792984
v -0.22280276343226432 0.4271975465118885 0.025708155520260335
v -0.21772430911660196 0.3472170002758503 -0.028564244881272318
v -0.21772430911660196 0.33658429952338337 -0.03618159461766481
v -0.21772430911660196 0.3427735997363925 -0.02792984489351511
v -0.2101076252758503 0.3510253494605422 -0.021423343475908043
v -0.2101076252758503 0.3484864491969347 -0.028722844272851943
v -0.2189944215118885 0.34991449993103746 -0.021581944078207016
v -0.21772430911660196 0.3392824505455792 -0.03824469428509474
v 0.08632813468575477 0.6208007037639618 0.03443635478615761
v 0.08759757876396179 0.6157229080796242 0.03221465572714806
v 0.08696318119764328 0.6182617962360383 -0.03618159461766481
v 0.08632813468575477 0.6208007037639618 0.03443635478615761
v 0.0895020790398121 0.6423826575279236 0.03507075477391482
v -0.08950206935405731 0.6182617962360383 0.03475355599075556
v 0.08759757876396179 0.6157229080796242 0.03221465572714806
v 0.09013648629188538 0.6449222043156624 -0.03681664355099201
v 0.0895020790398121 0.6423826575279236 0.03507075477391482
v 0.2164548747241497 0.2082027956843376 0.015631206426769496
v 0.2164548747241497 0.21010729596018793 0.007577705942094326
v 0.21772498711943628 0.21201179623603822 0.014441055990755559
v 0.2101076252758503 0.21582014784216882 0.026660405658185483
v 0.2101076252758503 0.2075683981180191 0.016662756260484458
v 0.21772498711943628 0.21582014784216882 0.025549556128680706
v 0.21772498711943628 0.20566389784216882 0.008331705629825593
v -0.06252446733415128 0.3948243010789156 0.20820346400141718
v -0.05236821733415127 0.1333007037639618 0.20820346400141718
v -0.05363766625523567 0.39450710229575636 0.20820346400141718
v -0.06252446733415128 0.3948243010789156 0.20820346400141718
v -0.06284166611731053 0.3948243010789156 0.151074305921793
v -0.06252446733415128 0.1345701575279236 0.20820346400141718
v -0.06252446733415128 0.3948243010789156 0.20820346400141718
v -0.06252446733415128 0.1345701575279236 0.20820346400141718
v -0.05236821733415127 0.1333007037639618 0.20820346400141718
v -0.12504861503839493 0.021581953763961794 0.18916039839386942
v -0.12504861503839493 0.022851407527923584 0.191699305921793
v -0.12949201315641404 0.026660408079624175 0.18789096400141717
v -0.11870136559009552 0.022851407527923584 0.18916039839386942
v 0.22534169033169746 0.39577655121684074 -0.04411614313721657
v 0.2266111247241497 0.42211910188198093 -0.04062499515712261
v 0.2266111247241497 0.39609375 -0.04062499515712261
v 0.22534169033169746 0.39577655121684074 -0.04411614313721657
v 0.22534169033169746 0.3878420002758503 -0.04252949543297291
v 0.22280278280377389 0.3872069489210844 -0.042846694216132165
v 0.22280278280377389 0.39514149986207486 -0.04506839327514172
v 0.2266111247241497 0.42211910188198093 -0.04348109178245068
v 0.22280278280377389 0.39514149986207486 -0.04506839327514172
v 0.2266111247241497 0.39609375 -0.04062499515712261
v 0.014917182270437479 0.1345701575279236 0.20820346400141718
v 0.02237528245896101 0.1333007037639618 0.20820346400141718
v 0.013091982901096344 0.3948243010789156 0.20820346400141718
v 0.014917182270437479 0.1345701575279236 0.20820346400141718
v 0.013091982901096344 0.3948243010789156 0.20820346400141718
v 0.012457582913339139 0.39450710229575636 0.151074305921793
v 0.014917182270437479 0.1345701575279236 0.20820346400141718
v 0.012457582913339139 0.39450710229575636 0.151074305921793
v 0.014917182270437479 0.1333007037639618 0.1517093524336815
v -0.2266111247241497 0.4341798521578312 -0.03808609489351511
v -0.2266111247241497 0.4310058981180191 0.023327857069671155
v -0.22534167096018792 0.4341798521578312 0.024597305990755557
v -0.2266111247241497 0.4341798521578312 -0.03808609489351511
v -0.22280276343226432 0.4348142497241497 -0.03856189306825399
v -0.2266111247241497 0.4341798521578312 -0.03808609489351511
v -0.22534167096018792 0.4341798521578312 0.024597305990755557
v -0.22280276343226432 0.4348142497241497 -0.03856189306825399
v -0.2266111247241497 0.4341798521578312 -0.03808609489351511
v -0.2266111247241497 0.4303708516061306 -0.03760964293032885
v -0.2266111247241497 0.4310058981180191 0.023327857069671155
v -0.13393542096018793 0.38371580094099045 0.18408196344971658
v -0.11171842068433761 0.4068850465118885 0.18408196344971658
v -0.16313471719622613 0.4189451478421688 0.1802736021578312
v -0.16694305911660196 0.4195802040398121 0.17773471400141716
v 0.04855988509953022 0.5497069537639618 0.007339805644005537
v 0.02681868299841881 0.5497069537639618 -0.013568094652146102
v 0.12758818119764329 0.1282229080796242 0.14218750968575478
v -0.138378819078207 0.1434569537639618 0.14282255619764328
v 0.1377444311976433 0.1434569537639618 0.14218750968575478
v 0.12758818119764329 0.1282229080796242 0.14218750968575478
v 0.10917953252792359 0.11806665807962417 0.1415531024336815
v -0.12885761559009554 0.1282229080796242 0.14218750968575478
v 0.12758818119764329 0.1282229080796242 0.14218750968575478
v 0.10917953252792359 0.11806665807962417 0.20820346400141718
v 0.10917953252792359 0.11806665807962417 0.1415531024336815
v 0.12758818119764329 0.1282229080796242 0.14218750968575478
v -0.12885761559009554 0.1282229080796242 0.14218750968575478
v -0.138378819078207 0.1434569537639618 0.14282255619764328
v 0.12695313468575478 0.1282229080796242 0.2094728983938694
v 0.1377444311976433 0.1434569537639618 0.14218750968575478
v -0.2101076252758503 0.4449704997241497 -0.14726529568433763
v -0.2266111247241497 0.4189451478421688 -0.1574215456843376
v -0.2266111247241497 0.4443361021578312 -0.1586916483938694
v -0.023168916255235674 0.06347640752792359 0.1853513978421688
v -0.023168916255235674 0.06347640752792359 0.18789096400141717
v -0.022216666117310525 0.1028319537639618 0.1853513978421688
v 0.026025683619081974 0.06347640752792359 0.1853513978421688
v 0.1796388752758503 0.4189451478421688 0.19677776023745538
v -0.16694305911660196 0.4195802040398121 0.17773471400141716
v -0.16313471719622613 0.4189451478421688 0.1802736021578312
v 0.1796388752758503 0.4189451478421688 0.19677776023745538
v 0.17836944088339807 0.4443361021578312 0.19804721400141717
v -0.1783694215118885 0.4443361021578312 0.1955076478421688
v 0.1796388752758503 0.4189451478421688 0.19677776023745538
v 0.16440419033169748 0.4189451478421688 0.17773471400141716
v 0.2266111247241497 0.4195802040398121 0.14409200996160507
v -0.1783694215118885 0.4443361021578312 0.1955076478421688
v -0.1783694215118885 0.4189451478421688 0.19677776023745538
v 0.1796388752758503 0.4189451478421688 0.19677776023745538
v -0.16313471719622613 0.4189451478421688 0.1802736021578312
v 0.16440419033169748 0.4189451478421688 0.17773471400141716
v 0.20883819088339806 0.2247069537639618 -0.03840329367667437
v 0.21772498711943628 0.22407254651188852 -0.0379268441349268
v 0.2101076252758503 0.32980025007855146 -0.03872049488127232
v 0.2101076252758503 0.329423249932006 0.025549556128680706
v 0.20883819088339806 0.2247069537639618 -0.03840329367667437
v 0.2101076252758503 0.329423249932006 0.025549556128680706
v 0.20883819088339806 0.2234375 0.026025356724858284
v -0.2189944215118885 0.44370104596018795 0.025708155520260335
v -0.22534167096018792 0.4424316018819809 -0.03935554381459951
v -0.22534167096018792 0.4417972043156624 0.026183956116437913
v -0.2189944215118885 0.44370104596018795 0.025708155520260335
v -0.2189944215118885 0.44370104596018795 -0.03919694442301989
v -0.22534167096018792 0.4424316018819809 -0.03935554381459951
v -0.2189944215118885 0.44370104596018795 0.025708155520260335
v -0.22534167096018792 0.4417972043156624 0.026183956116437913
v -0.2202638752758503 0.42338854596018793 0.026025356724858284
v -0.21772430911660196 0.2170896016061306 -0.03824469428509474
v -0.21137705966830253 0.21645520403981208 -0.03903769366443157
v -0.21137705966830253 0.2228024534881115 -0.04221164286136627
v -0.20122080966830255 0.21772464811801912 -0.03681664355099201
v -0.21772430911660196 0.2170896016061306 -0.03824469428509474
v -0.20249026343226434 0.2126462034881115 -0.028405643068253994
v 0.1282225787639618 0.5281250000000001 0.033166905865073204
v 0.125683680921793 0.5700194537639618 0.03078595604747534
v 0.125683680921793 0.5268555462360383 0.029992956668138504
v 0.1282225787639618 0.5700194537639618 0.033007655106484894
v 0.16440419033169748 0.5268555462360383 0.03284905571490526
v 0.16440419033169748 0.5700194537639618 0.03284905571490526
v 0.22534169033169746 0.3849852498620749 0.023169255256652834
v 0.22534169033169746 0.3881591990590096 -0.03665739521384239
v 0.22534169033169746 0.3878420002758503 0.022692805714905263
v 0.22534169033169746 0.3881591990590096 0.02808845639228821
v 0.22280278280377389 0.38752414770424365 0.029040706530213355
v 0.22534169033169746 0.3849852498620749 0.023169255256652834
v 0.22534169033169746 0.3849852498620749 -0.03745104353874922
v 0.22534169033169746 0.3849852498620749 0.023169255256652834
v 0.22534169033169746 0.3849852498620749 -0.03745104353874922
v 0.22534169033169746 0.3881591990590096 -0.03665739521384239
v -0.0015817672188859434 0.5839847043156624 0.09394515752792358
v -0.2101076252758503 0.32956235008314255 0.025866754911839963
v -0.2101076252758503 0.33634640043601394 -0.03618159461766481
v -0.21137705966830253 0.32976059992797674 -0.03856189306825399
v -0.2101076252758503 0.32956235008314255 0.025866754911839963
v -0.2164548747241497 0.22407254651188852 0.025073106586933135
v -0.21772430911660196 0.32989970007911323 0.024914504773914815
v -0.2101076252758503 0.32956235008314255 0.025866754911839963
v -0.2101076252758503 0.22407254651188852 0.025866754911839963
v -0.2164548747241497 0.22407254651188852 0.025073106586933135
v -0.2101076252758503 0.3362670995295048 0.023327857069671155
v -0.2101076252758503 0.32956235008314255 0.025866754911839963
v -0.21772430911660196 0.32989970007911323 0.024914504773914815
v -0.2101076252758503 0.3362670995295048 0.023327857069671155
v 0.16440419033169748 0.5395507037639619 -0.1288572959601879
v 0.2113770790398121 0.4868649534881115 -0.14790034219622614
v 0.16821319088339806 0.48623054623603823 -0.19169928655028343
v 0.16440419033169748 0.5395507037639619 -0.1288572959601879
v 0.1656736247241497 0.53828125 0.11616215780377388
v 0.2113770790398121 0.4868649534881115 -0.14790034219622614
v 0.16440419033169748 0.5395507037639619 -0.1288572959601879
v 0.16821319088339806 0.48623054623603823 -0.19169928655028343
v 0.1485350787639618 0.5395507037639619 -0.14790034219622614
v 0.1485350787639618 0.5395507037639619 -0.14790034219622614
v 0.026184283010661603 0.1028319537639618 0.18789096400141717
v 0.025232032872736454 0.06347640752792359 0.18916039839386942
v 0.026025683619081974 0.06347640752792359 0.1853513978421688
v -0.022375267930328846 0.1015625 0.18789096400141717
v 0.02634288240224123 0.1028319537639618 0.1853513978421688
v -0.22153330966830254 0.39577655121684074 -0.039514143206179145
v -0.22280276343226432 0.42275414839386943 -0.03983134441077709
v -0.22280276343226432 0.42275414839386943 -0.03983134441077709
v -0.138378819078207 0.1434569537639618 0.14282255619764328
v -0.13710936531424522 0.1434569537639618 0.2094728983938694
v -0.1377444215118885 0.38435085229575633 0.14218750968575478
v -0.138378819078207 0.1434569537639618 0.14282255619764328
v -0.12885761559009554 0.1282229080796242 0.14218750968575478
v -0.13710936531424522 0.1434569537639618 0.2094728983938694
v 0.2202638752758503 0.42275414839386943 -0.04221164286136627
v 0.2215333290398121 0.39577655121684074 -0.03919694442301989
v 0.2215333290398121 0.42211910188198093 -0.040307793952524665
v 0.21899444088339806 0.39577655121684074 -0.04252949543297291
v 0.2202638752758503 0.42275414839386943 -0.04221164286136627
v 0.22280278280377389 0.43164029568433765 -0.042846694216132165
v 0.22407223656773567 0.42275414839386943 -0.04475119449198246
v 0.2215333290398121 0.42211910188198093 -0.040307793952524665
v 0.2202638752758503 0.4303708516061306 -0.04157724287360907
v 0.22407223656773567 0.42275414839386943 -0.04475119449198246
v 0.11552743092179299 0.2799316018819809 0.2094728983938694
v 0.11489238440990449 0.2802488006651402 0.151074305921793
v -0.11679686531424523 0.27961439825594425 0.151074305921793
v 0.11552743092179299 0.2799316018819809 0.2094728983938694
v -0.11679686531424523 0.27961439825594425 0.151074305921793
v -0.11679686531424523 0.2799316018819809 0.20820346400141718
v 0.11552743092179299 0.2799316018819809 0.2094728983938694
v -0.11679686531424523 0.2799316018819809 0.20820346400141718
v 0.11489238440990449 0.2716798521578312 0.20820346400141718
v -0.08759756907820702 0.6157229080796242 -0.0010087940798257477
v -0.10092776343226433 0.6106444537639618 0.029834354855120183
v -0.10156217068433762 0.6106444537639618 -0.0006519440677948297
v -0.08759756907820702 0.6144527956843376 0.03046875484287739
v 0.16440419033169748 0.6055666580796242 -0.0017406940722139552
v 0.16440419033169748 0.6042972043156624 0.029357905313372613
v 0.1472656346857548 0.6220701575279236 0.031738206185400485
v 0.1472656346857548 0.6220701575279236 0.031738206185400485
v 0.2101076252758503 0.2107423521578312 -0.021581944078207016
v 0.20883819088339806 0.2107423521578312 0.008132805628702045
v 0.2164548747241497 0.21010729596018793 0.007577705942094326
v 0.20883819088339806 0.2126462034881115 0.016107005812227727
v 0.2164548747241497 0.2107423521578312 -0.020629693940281867
v 0.2101076252758503 0.2107423521578312 -0.021581944078207016
v 0.2164548747241497 0.2107423521578312 -0.020629693940281867
v -0.1656736247241497 0.5268555462360383 0.033007655106484894
v -0.16821251288056374 0.5700194537639618 0.03031015545129776
v -0.16821251288056374 0.5268555462360383 0.030151556059718133
v -0.1656736247241497 0.56875 0.033166905865073204
v -0.13012706935405732 0.5268555462360383 0.03284905571490526
v -0.21772430911660196 0.3453125 -0.020550394244492055
v -0.2101076252758503 0.3430907997302711 -0.029040694423019885
v -0.21772430911660196 0.3453125 -0.020550394244492055
v -0.2101076252758503 0.34562970120459796 -0.020550394244492055
v -0.21772430911660196 0.3449953000061214 0.006863356102257967
v -0.2189944215118885 0.3502317011356354 0.007696656091138721
v -0.2101076252758503 0.34562970120459796 -0.020550394244492055
v -0.2189944215118885 0.3502317011356354 0.007696656091138721
v 0.03570548165589571 0.5141604080796242 0.11298820376396179
v -0.038562217541038994 0.5458985924720764 0.14218750968575478
v 0.03618193361908197 0.5458985924720764 0.14282255619764328
v 0.03586408346891403 0.4843260459601879 0.14409200996160507
v 0.03570548165589571 0.5141604080796242 0.11298820376396179
v -0.03808576799929142 0.5141604080796242 0.11298820376396179
v -0.038562217541038994 0.5458985924720764 0.14218750968575478
v 0.2266111247241497 0.03300765752792358 -0.16123054623603822
v 0.21518544033169748 0.03427709192037583 -0.1510742962360382
v 0.17836944088339807 0.03427709192037583 -0.2107423521578312
v 0.17709998711943628 0.057129158079624175 -0.2107423521578312
v 0.21518544033169748 0.03427709192037583 0.1352052040398121
v 0.2266111247241497 0.03300765752792358 -0.16123054623603822
v 0.17836944088339807 0.03427709192037583 -0.2107423521578312
v 0.17709998711943628 0.057129158079624175 -0.2107423521578312
v -0.04951146692037583 0.5166992962360383 0.0641114540398121
v -0.028723166324198246 0.5763673424720764 0.0844239540398121
v -0.04919426813721657 0.5750979080796242 0.06379425525665283
v -0.05744601786136627 0.5166992962360383 0.03602300491183996
v -0.04951146692037583 0.5166992962360383 0.0641114540398121
v -0.02888176813721657 0.5166992962360383 0.0844239540398121
v -0.028723166324198246 0.5763673424720764 0.0844239540398121
v -0.09775381907820702 0.13710970431566238 0.2094728983938694
v -0.11171842068433761 0.11806665807962417 0.20820346400141718
v 0.10917953252792359 0.11806665807962417 0.20820346400141718
v -0.09775381907820702 0.13710970431566238 0.2094728983938694
v 0.10917953252792359 0.11806665807962417 0.20820346400141718
v 0.09648438468575478 0.13837915807962417 0.2094728983938694
v -0.09775381907820702 0.13710970431566238 0.2094728983938694
v -0.10283226370811463 0.13964859247207642 0.2094728983938694
v -0.11171842068433761 0.11806665807962417 0.20820346400141718
v -0.0971194215118885 0.13710970431566238 0.151074305921793
v -0.10283226370811463 0.13964859247207642 0.1504392594099045
v -0.09775381907820702 0.13710970431566238 0.2094728983938694
v 0.09648438468575478 0.13837915807962417 0.2094728983938694
v -0.0971194215118885 0.13710970431566238 0.151074305921793
v 0.2202638752758503 0.4297364540398121 0.023169255256652834
v 0.2215333290398121 0.4310058981180191 -0.0379268441349268
v 0.22280278280377389 0.42846700027585033 -0.037133844755589965
v 0.2202638752758503 0.4297364540398121 0.023169255256652834
v 0.2215333290398121 0.4278319537639618 0.025390956737101077
v 0.2202638752758503 0.4297364540398121 0.027612655796110632
v 0.2202638752758503 0.4297364540398121 0.023169255256652834
v 0.22280278280377389 0.42846700027585033 -0.037133844755589965
v 0.22280278280377389 0.42846700027585033 0.023010655865073205
v 0.2202638752758503 0.4297364540398121 0.023169255256652834
v 0.2215333290398121 0.4341798521578312 0.02412085644900799
v 0.2215333290398121 0.4310058981180191 -0.0379268441349268
v 0.22280278280377389 0.42846700027585033 0.023010655865073205
v 0.2215333290398121 0.4341798521578312 0.02412085644900799
v 0.04157693050801754 0.39450710229575636 0.1504392594099045
v 0.042847033217549325 0.3948243010789156 0.20820346400141718
v 0.04252918064594269 0.1333007037639618 0.1504392594099045
v -0.16440417096018792 0.6042972043156624 -0.03189679346978665
v -0.15234342068433762 0.6220701575279236 -0.031738194078207015
v -0.14853506907820702 0.61953125 -0.034912143275141715
v -0.21772430911660196 0.20566389784216882 0.008291405625641346
v -0.21137705966830253 0.2050295002758503 0.008966105617582798
v -0.21772430911660196 0.2082027956843376 0.016107005812227727
v -0.21772430911660196 0.20566389784216882 0.008291405625641346
v -0.21772430911660196 0.20566389784216882 -0.021026843786239625
v -0.2101076252758503 0.2050295002758503 -0.021344043780118227
v -0.2164548747241497 0.21328125 0.015155405830591917
v -0.21772430911660196 0.2107423521578312 0.007617355789989233
v -0.21137705966830253 0.2050295002758503 0.008966105617582798
v -0.21772430911660196 0.2107423521578312 0.007617355789989233
v 0.03396023213863373 0.3948243010789156 0.20820346400141718
v 0.03253153245896101 0.39450710229575636 0.151074305921793
v 0.03586408346891403 0.1345701575279236 0.20820346400141718
v 0.03396023213863373 0.3948243010789156 0.20820346400141718
v 0.04379863440990448 0.1345701575279236 0.2069333516061306
v 0.042847033217549325 0.3948243010789156 0.20820346400141718
v 0.03396023213863373 0.3948243010789156 0.20820346400141718
v 0.03586408346891403 0.1345701575279236 0.20820346400141718
v 0.04379863440990448 0.1345701575279236 0.2069333516061306
v 0.21772498711943628 0.3366636004298926 -0.03475354388356209
v 0.21772498711943628 0.3387267000973225 -0.03824469428509474
v 0.21772498711943628 0.3430907997302711 -0.026818992942571642
v 0.2101076252758503 0.34285289943218233 -0.028564244881272318
v 0.21772498711943628 0.32987955007702113 -0.03760964293032885
v 0.21772498711943628 0.33206159989349543 -0.0411007933318615
v 0.2101076252758503 0.33587059983983636 -0.036340194009244445
v -0.12060521692037583 0.59921875 0.029357905313372613
v -0.10410171747207642 0.6119139075279236 0.032373255118727684
v 0.21899444088339806 0.4430666483938694 -0.03919694442301989
v 0.22534169033169746 0.4417972043156624 0.026025356724858284
v 0.22534169033169746 0.4417972043156624 -0.03919694442301989
v 0.21899444088339806 0.42275414839386943 -0.039672745019197465
v 0.21899444088339806 0.4430666483938694 -0.03919694442301989
v 0.2202638752758503 0.4430666483938694 0.025549556128680706
v 0.22534169033169746 0.4417972043156624 0.026025356724858284
v 0.11870138496160508 0.022851407527923584 0.18916039839386942
v 0.11933578252792358 0.022851407527923584 0.1904298521578312
v 0.11616248711943626 0.025390295684337618 0.18916039839386942
v 0.125683680921793 0.022851407527923584 0.18916039839386942
v -0.2101076252758503 0.4195802040398121 -0.14790034219622614
v -0.2101076252758503 0.054589591920375824 -0.14790034219622614
v -0.2101076252758503 0.4189451478421688 0.13203125968575477
v -0.2101076252758503 0.4195802040398121 -0.14790034219622614
v -0.1656736247241497 0.4208496481180191 -0.19296874031424524
v -0.16821251288056374 0.05585970431566239 -0.19423819407820703
v -0.2101076252758503 0.4195802040398121 -0.14790034219622614
v -0.1656736247241497 0.4208496481180191 -0.19296874031424524
v -0.2101076252758503 0.4195802040398121 -0.14790034219622614
v -0.16821251288056374 0.05585970431566239 -0.19423819407820703
v -0.2101076252758503 0.054589591920375824 -0.14790034219622614
v -0.2189944215118885 0.39577655121684074 0.029040706530213355
v 0.11616248711943626 0.6068360924720765 -0.034912143275141715
v 0.1294920325279236 0.6360354080796242 -0.03522934447973967
v 0.1466305784881115 0.6220701575279236 -0.03507074508816004
v 0.11616248711943626 0.6068360924720765 -0.034912143275141715
v 0.09965832903981209 0.6144527956843376 -0.035705794021487235
v 0.12124028280377389 0.6017576575279237 -0.034912143275141715
v 0.09838888496160507 0.6106444537639618 -0.03189679346978665
v 0.11743193119764328 0.59921875 -0.032373243011534214
v 0.11743193119764328 0.59921875 -0.032373243011534214
v 0.1656736247241497 0.057129158079624175 0.1802736021578312
v 0.10791007876396179 0.12060554623603821 0.18281250968575477
v -0.11108401343226433 0.12187500000000001 0.18408196344971658
v 0.1656736247241497 0.057129158079624175 0.1802736021578312
v -0.1783694215118885 0.057129158079624175 0.19677776023745538
v 0.17709998711943628 0.057129158079624175 0.19804721400141717
v 0.1656736247241497 0.057129158079624175 0.1802736021578312
v 0.17709998711943628 0.057129158079624175 0.19804721400141717
v 0.2101076252758503 0.05585970431566239 0.1333007037639618
v 0.1656736247241497 0.057129158079624175 0.1802736021578312
v -0.11108401343226433 0.12187500000000001 0.18408196344971658
v -0.1656736247241497 0.05585970431566239 0.1802736021578312
v 0.1656736247241497 0.057129158079624175 0.1802736021578312
v 0.16440419033169748 0.4189451478421688 0.17773471400141716
v 0.1313965328037739 0.1409180462360382 0.18281250968575477
v -0.1783694215118885 0.057129158079624175 0.19677776023745538
v 0.1656736247241497 0.057129158079624175 0.1802736021578312
v 0.1313965328037739 0.1409180462360382 0.18281250968575477
v 0.10791007876396179 0.12060554623603821 0.18281250968575477
v 0.16440419033169748 0.4189451478421688 0.17773471400141716
v -0.029675416462123395 0.5166992962360383 -0.012457243911921979
v -0.050146518275141716 0.5763673424720764 0.007974205631762743
v -0.12504861503839493 0.022851407527923584 -0.1993166483938694
v -0.11933576315641403 0.022851407527923584 -0.2005861021578312
v -0.12885761559009554 0.026660408079624175 -0.1993166483938694
v 0.2266111247241497 0.42211910188198093 0.026977606862783433
v 0.22534169033169746 0.39609375 0.026977606862783433
v 0.22280278280377389 0.39577655121684074 0.025866754911839963
v 0.2266111247241497 0.42211910188198093 0.026977606862783433
v 0.2266111247241497 0.4310058981180191 0.028882104717195035
v 0.2266111247241497 0.42275414839386943 0.03062735665589571
v 0.2215333290398121 0.4214847043156624 0.025390956737101077
v 0.2266111247241497 0.42275414839386943 0.03062735665589571
v 0.2012208290398121 0.331228950060904 0.026819005049765112
v 0.2012208290398121 0.33118865005671977 -0.03998994380235672
v 0.2012208290398121 0.2234375 0.026660405658185483
v 0.2012208290398121 0.331228950060904 0.026819005049765112
v 0.2101076252758503 0.22216804623603822 0.029516507126390933
v 0.2113770790398121 0.3322995001915842 0.029357905313372613
v 0.2012208290398121 0.2234375 0.026660405658185483
v 0.2012208290398121 0.331228950060904 0.026819005049765112
v -0.16821251288056374 0.4868649534881115 0.17773471400141716
v -0.16821251288056374 0.4456055462360382 0.1790041483938694
v 0.1669430784881115 0.48623054623603823 0.1790041483938694
v -0.1656736247241497 0.5395507037639619 0.11616215780377388
v -0.21137705966830253 0.48623054623603823 0.1339357599616051
v -0.14726561531424523 0.5408201575279236 0.13710970431566238
v -0.16821251288056374 0.4868649534881115 0.17773471400141716
v -0.21137705966830253 0.48623054623603823 0.1339357599616051
v -0.16821251288056374 0.4456055462360382 0.1790041483938694
v -0.21137705966830253 0.32976059992797674 -0.03856189306825399
v -0.2101076252758503 0.33634640043601394 -0.03618159461766481
v -0.21772430911660196 0.3298204000806436 -0.03856189306825399
v 0.02634288240224123 0.5484375 0.08505835160613061
v 0.04728978238999844 0.5497069537639618 0.0641114540398121
v 0.04728978238999844 0.5497069537639618 0.0641114540398121
v 0.20883819088339806 0.2107423521578312 0.008132805628702045
v 0.20883819088339806 0.2126462034881115 0.016107005812227727
v 0.11044898629188538 0.4119628518819809 0.2094728983938694
v -0.11044896692037583 0.4119628518819809 0.14028300940990449
v -0.11108401343226433 0.4119628518819809 0.2094728983938694
v 0.11044898629188538 0.4119628518819809 0.2094728983938694
v -0.11044896692037583 0.4119628518819809 0.14028300940990449
v -0.12822256907820703 0.4024416483938694 0.1415531024336815
v -0.11108401343226433 0.4119628518819809 0.2094728983938694
v -0.03189711794257164 0.1345701575279236 0.20820346400141718
v -0.021899467334151268 0.1333007037639618 0.20820346400141718
v -0.032372916117310524 0.3941892497241497 0.20820346400141718
v 0.2304201252758503 0.4322753518819809 -0.03903769366443157
v 0.22534169033169746 0.4417972043156624 0.026025356724858284
v 0.2304201252758503 0.43164029568433765 0.025866754911839963
v 0.22534169033169746 0.42338854596018793 0.026183956116437913
v 0.2304201252758503 0.4322753518819809 -0.03903769366443157
v 0.09648438468575478 0.38879425041377547 0.2094728983938694
v 0.11044898629188538 0.4119628518819809 0.2094728983938694
v -0.09457986503839493 0.38942864798009397 0.2094728983938694
v 0.09648438468575478 0.38879425041377547 0.2094728983938694
v -0.09521492123603821 0.39006369933485985 0.151074305921793
v 0.10410173684358597 0.3827635508030653 0.2094728983938694
v 0.11044898629188538 0.4119628518819809 0.2094728983938694
v 0.09648438468575478 0.38879425041377547 0.2094728983938694
v -0.09457986503839493 0.38942864798009397 0.2094728983938694
v -0.09521492123603821 0.39006369933485985 0.151074305921793
v -0.10854511559009553 0.6411132037639619 0.028882104717195035
v -0.09077151343226433 0.6449222043156624 0.03395990524441004
v -0.09140592068433762 0.6461916580796242 -9.879409335553647e-05
v -0.13393542096018793 0.6334958419203759 0.028723505325615406
v -0.10600556880235672 0.6385742962360382 0.033166905865073204
v -0.10854511559009553 0.6411132037639619 0.028882104717195035
v -0.09140592068433762 0.6461916580796242 -9.879409335553647e-05
v -0.10917951315641404 0.6423826575279236 -0.03189679346978665
v -0.13520486503839493 0.6360354080796242 -0.009124694112688304
v -0.10854511559009553 0.6411132037639619 0.028882104717195035
v -0.13520486503839493 0.6360354080796242 -0.009124694112688304
v -0.12695311531424522 0.026660408079624175 0.1955076478421688
v -0.11870136559009552 0.022851407527923584 0.191699305921793
v -0.12695311531424522 0.026660408079624175 0.1955076478421688
v -0.13012706935405732 0.03300765752792358 0.18916039839386942
v -0.12949201315641404 0.026660408079624175 0.18789096400141717
v -0.11679686531424523 0.025390295684337618 0.1955076478421688
v -0.12695311531424522 0.03427709192037583 0.1955076478421688
v -0.12695311531424522 0.03427709192037583 0.1955076478421688
v 0.2215333290398121 0.39577655121684074 -0.03919694442301989
v 0.21899444088339806 0.39577655121684074 -0.04252949543297291
v 0.22280278280377389 0.3903808981180191 -0.039514143206179145
v 0.2215333290398121 0.39577655121684074 -0.03919694442301989
v 0.22534169033169746 0.39006369933485985 -0.04014854319393635
v 0.2266111247241497 0.39609375 -0.04062499515712261
v 0.22280278280377389 0.3903808981180191 -0.039514143206179145
v 0.2266111247241497 0.39609375 -0.04062499515712261
v 0.21772498711943628 0.33190299989655614 0.028405655175447464
v 0.2164548747241497 0.22407254651188852 0.024914504773914815
v 0.21772498711943628 0.3298600499285385 0.024914504773914815
v 0.21772498711943628 0.3298600499285385 0.024914504773914815
v 0.21772498711943628 0.22216804623603822 0.02792985700070858
v -0.10156217068433762 0.6106444537639618 -0.03189679346978665
v -0.10156217068433762 0.6106444537639618 -0.0006519440677948297
v -0.12060521692037583 0.59921875 -0.0010835440814844332
v -0.10410171747207642 0.6119139075279236 -0.034912143275141715
v -0.12060521692037583 0.59921875 -0.032373243011534214
v -0.10410171747207642 0.6119139075279236 -0.034912143275141715
v -0.21137705966830253 0.35118394885212184 0.008331705629825593
v -0.20249026343226434 0.3452332003042102 -0.022851392999291422
v 0.10283228307962418 0.6119139075279236 0.03269045632332564
v 0.12124028280377389 0.6017576575279237 0.03221465572714806
v 0.1282225787639618 0.6334958419203759 0.032531856931746005
v 0.10283228307962418 0.6119139075279236 0.03269045632332564
v 0.08442363440990448 0.61953125 0.03348410706967116
v 0.0977538287639618 0.6106444537639618 0.030151556059718133
v 0.09711943119764328 0.6411132037639619 0.033007655106484894
v 0.1282225787639618 0.6334958419203759 0.032531856931746005
v 0.11743193119764328 0.59921875 0.029675106517970562
v 0.0977538287639618 0.6106444537639618 0.030151556059718133
v 0.11616248711943626 0.03427709192037583 -0.2069333516061306
v 0.11743193119764328 0.026660408079624175 -0.2069333516061306
v 0.11489238440990449 0.03427709192037583 -0.2005861021578312
v 0.1263180784881115 0.03427709192037583 -0.2069333516061306
v -0.22915001288056375 0.4322753518819809 0.025866754911839963
v -0.22534167096018792 0.4240236021578312 -0.039514143206179145
v -0.22407221719622614 0.42338854596018793 0.025708155520260335
v -0.22915001288056375 0.4322753518819809 0.025866754911839963
v -0.22407221719622614 0.42338854596018793 0.025708155520260335
v -0.22915001288056375 0.4322753518819809 0.025866754911839963
v -0.2304201252758503 0.4322753518819809 -0.03998994380235672
v -0.22534167096018792 0.4240236021578312 -0.039514143206179145
v -0.22915001288056375 0.4322753518819809 0.025866754911839963
v -0.22534167096018792 0.4417972043156624 0.026183956116437913
v -0.2304201252758503 0.4322753518819809 -0.03998994380235672
v -0.0020627671736292543 0.5497069537639618 0.0926757037639618
v -0.0020627671736292543 0.5497069537639618 0.0926757037639618
v 0.16821319088339806 0.03427709192037583 -0.1993166483938694
v 0.21518544033169748 0.03427709192037583 -0.1510742962360382
v 0.19868194088339805 0.0 -0.1447263978421688
v 0.16821319088339806 0.03427709192037583 -0.1993166483938694
v -0.17075205966830254 0.03300765752792358 -0.1993166483938694
v -0.1783694215118885 0.03300765752792358 -0.2107423521578312
v 0.16821319088339806 0.03427709192037583 -0.1993166483938694
v 0.1586913287639618 0.0 -0.18789028599858285
v -0.17075205966830254 0.03300765752792358 -0.1993166483938694
v 0.16821319088339806 0.03427709192037583 -0.1993166483938694
v 0.19868194088339805 0.0 -0.1447263978421688
v 0.1586913287639618 0.0 -0.18789028599858285
v 0.16821319088339806 0.03427709192037583 -0.1993166483938694
v -0.1783694215118885 0.03300765752792358 -0.2107423521578312
v 0.17836944088339807 0.03427709192037583 -0.2107423521578312
v 0.16821319088339806 0.03427709192037583 -0.1993166483938694
v 0.17836944088339807 0.03427709192037583 -0.2107423521578312
v 0.21518544033169748 0.03427709192037583 -0.1510742962360382
v -0.2202638752758503 0.42338854596018793 0.026025356724858284
v -0.22407221719622614 0.42338854596018793 0.025708155520260335
v -0.2189944215118885 0.4240236021578312 -0.039672745019197465
v -0.05236821733415127 0.1333007037639618 0.20820346400141718
v -0.051733165979385376 0.1345701575279236 0.1517093524336815
v -0.05363766625523567 0.39450710229575636 0.20820346400141718
v 0.2266111247241497 0.4310058981180191 -0.03776824474334717
v 0.22534169033169746 0.42846700027585033 -0.04014854319393635
v 0.2266111247241497 0.4310058981180191 -0.04221164286136627
v 0.22280278280377389 0.42846700027585033 -0.037133844755589965
v 0.2266111247241497 0.4310058981180191 -0.03776824474334717
v 0.2266111247241497 0.4341798521578312 -0.03824469428509474
v 0.2266111247241497 0.4322753518819809 0.023010655865073205
v 0.2266111247241497 0.4310058981180191 -0.03776824474334717
v 0.22280278280377389 0.42846700027585033 0.023010655865073205
v 0.22280278280377389 0.42846700027585033 -0.037133844755589965
v 0.2266111247241497 0.4341798521578312 -0.03824469428509474
v 0.2266111247241497 0.4310058981180191 -0.03776824474334717
v 0.2266111247241497 0.4322753518819809 0.023010655865073205
v 0.22280278280377389 0.42846700027585033 0.023010655865073205
v -0.09965831935405732 0.3881591990590096 0.151074305921793
v 0.09711943119764328 0.3865725513547659 0.151074305921793
v -0.10727501288056374 0.1434569537639618 0.151074305921793
v -0.10283226370811463 0.13964859247207642 0.1504392594099045
v 0.09711943119764328 0.3865725513547659 0.151074305921793
v 0.10664063468575478 0.14853540807962418 0.1504392594099045
v 0.10283228307962418 0.38435085229575633 0.1504392594099045
v -0.10854511559009553 0.1510742962360382 0.1504392594099045
v 0.09711943119764328 0.3865725513547659 0.151074305921793
v 0.10283228307962418 0.38435085229575633 0.1504392594099045
v 0.09711943119764328 0.3865725513547659 0.151074305921793
v -0.10283226370811463 0.13964859247207642 0.1504392594099045
v 0.10664063468575478 0.14853540807962418 0.1504392594099045
v -0.1320309206843376 0.6347652956843376 -0.034912143275141715
v -0.12314476370811463 0.6017576575279237 -0.03507074508816004
v -0.14853506907820702 0.61953125 -0.034912143275141715
v -0.15234342068433762 0.6220701575279236 -0.031738194078207015
v -0.13520486503839493 0.6360354080796242 -0.009124694112688304
v -0.10917951315641404 0.6423826575279236 -0.03189679346978665
v -0.10664061531424522 0.6373048424720764 -0.03507074508816004
v 0.22280278280377389 0.39514149986207486 -0.04506839327514172
v 0.2202638752758503 0.3881591990590096 -0.04189444407820702
v 0.13647498711943626 0.1447264075279236 0.2094728983938694
v 0.10664063468575478 0.37451180107891563 0.2094728983938694
v 0.10727568119764329 0.1510742962360382 0.2094728983938694
v 0.13647498711943626 0.1447264075279236 0.2094728983938694
v 0.135839930921793 0.38371580094099045 0.2107423521578312
v 0.10664063468575478 0.37451180107891563 0.2094728983938694
v 0.13647498711943626 0.1447264075279236 0.2094728983938694
v 0.13647498711943626 0.1447264075279236 0.2094728983938694
v 0.1377444311976433 0.1434569537639618 0.14218750968575478
v 0.135839930921793 0.38371580094099045 0.2107423521578312
v 0.10727568119764329 0.1510742962360382 0.2094728983938694
v -0.04982931949198246 0.5166992962360383 0.0077363059390336275
v -0.056494416669011116 0.5763673424720764 0.03618160672485828
v -0.21137705966830253 0.33214090019464493 -0.042846694216132165
v -0.21772430911660196 0.2228024534881115 -0.04125939514487982
v -0.20249026343226434 0.22407254651188852 -0.04014854319393635
v -0.20122080966830255 0.33162544975057245 -0.04014854319393635
v -0.21137705966830253 0.33214090019464493 -0.042846694216132165
v -0.21137705966830253 0.3399168505333364 -0.039672745019197465
v -0.21772430911660196 0.3322201998904348 -0.04141864348202944
v -0.21772430911660196 0.3322201998904348 -0.04141864348202944
v 0.12124028280377389 0.6017576575279237 0.03221465572714806
v 0.1593263849616051 0.6030270919203758 0.03189680557698012
v 0.1263180784881115 0.5827145919203759 0.029516507126390933
v 0.1282225787639618 0.5839847043156624 0.03205605633556843
v 0.1282225787639618 0.6334958419203759 0.032531856931746005
v 0.1593263849616051 0.6030270919203758 0.03189680557698012
v 0.2012208290398121 0.2107423521578312 -0.022692793607711793
v 0.2101076252758503 0.2075683981180191 -0.028722844272851943
v 0.20883819088339806 0.20566389784216882 -0.0211854443885386
v 0.2012208290398121 0.2107423521578312 -0.022692793607711793
v 0.2012208290398121 0.2107423521578312 0.008093155780807137
v 0.2012208290398121 0.2126462034881115 0.01697995625436306
v 0.2101076252758503 0.2050295002758503 0.00876785577274859
v 0.2012208290398121 0.2151857502758503 -0.034912143275141715
v 0.2012208290398121 0.2151857502758503 -0.034912143275141715
v 0.20883819088339806 0.20566389784216882 -0.0211854443885386
v -0.2266111247241497 0.42275414839386943 0.03031015545129776
v -0.22534167096018792 0.39577655121684074 0.029516507126390933
v -0.22280276343226432 0.42275414839386943 0.03142100498080254
v -0.22534167096018792 0.42275414839386943 0.026819005049765112
v -0.22534167096018792 0.39641094878315924 0.02729480564594269
v -0.2266111247241497 0.42275414839386943 0.03031015545129776
v -0.22280276343226432 0.42275414839386943 0.03142100498080254
v -0.22280276343226432 0.43164029568433765 0.029992956668138504
v -0.22534167096018792 0.4310058981180191 0.028564256988465788
v 0.04570313468575478 0.5166992962360383 0.06442865766584874
v 0.05427273213863373 0.5166992962360383 0.03602300491183996
v 0.05332048200070858 0.5763673424720764 0.03665805626660586
v 0.04475088454782963 0.5750979080796242 0.0641114540398121
v 0.025390632264316083 0.5166992962360383 0.0844239540398121
v 0.21772498711943628 0.3472170002758503 0.01547260582447052
v 0.2113770790398121 0.3510253494605422 0.007934555783867836
v 0.2113770790398121 0.3484864491969347 0.015948406420648098
v 0.21772498711943628 0.3472170002758503 0.01547260582447052
v 0.21772498711943628 0.3472170002758503 0.01547260582447052
v 0.21772498711943628 0.3426150003448129 0.014520355686545373
v 0.21899444088339806 0.3497559005394578 0.007617355789989233
v 0.21772498711943628 0.3365049998275936 0.022534206323325635
v 0.21772498711943628 0.3426150003448129 0.014520355686545373
v 0.21899444088339806 0.3497559005394578 0.007617355789989233
v -0.03872081693261862 0.5116208419203758 0.17773471400141716
v 0.03618193361908197 0.5458985924720764 0.14282255619764328
v -0.022693118080496788 0.1333007037639618 0.1517093524336815
v -0.022851717472076417 0.3941892497241497 0.2069333516061306
v -0.021899467334151268 0.1333007037639618 0.20820346400141718
v -0.022693118080496788 0.1333007037639618 0.1517093524336815
v -0.022693118080496788 0.39450710229575636 0.151074305921793
v -0.022851717472076417 0.3941892497241497 0.2069333516061306
v 0.20883819088339806 0.4443361021578312 -0.14790034219622614
v 0.11616248711943626 0.03300765752792358 0.1955076478421688
v 0.11489238440990449 0.03300765752792358 0.18789096400141717
v -0.22280276343226432 0.3903808981180191 -0.03935554381459951
v -0.22280276343226432 0.3903808981180191 -0.03935554381459951
v -0.1377444215118885 0.38435085229575633 0.14218750968575478
v -0.12758751288056375 0.4024416483938694 0.2094728983938694
v -0.1377444215118885 0.38435085229575633 0.14218750968575478
v -0.13710936531424522 0.1434569537639618 0.2094728983938694
v -0.13710936531424522 0.3840329997241497 0.2107423521578312
v -0.13710936531424522 0.3840329997241497 0.2107423521578312
v 0.09013648629188538 0.65 -0.030151543952524663
v 0.09013648629188538 0.6474610924720764 -0.03411849495023489
v -0.09140592068433762 0.65 -0.029516495019197463
v 0.09013648629188538 0.65 -0.030151543952524663
v 0.09013648629188538 0.65 0.029834354855120183
v 0.09013648629188538 0.6474610924720764 -0.03411849495023489
v 0.09013648629188538 0.65 0.029834354855120183
v 0.20883819088339806 0.2234375 0.026025356724858284
v 0.2164548747241497 0.22407254651188852 0.024914504773914815
v 0.20883819088339806 0.21772464811801912 0.023327857069671155
v 0.20883819088339806 0.2234375 0.026025356724858284
v 0.2164548747241497 0.2183597043156624 0.022534206323325635
v 0.21772498711943628 0.22216804623603822 0.02792985700070858
v -0.16821251288056374 0.48750000000000004 -0.19169928655028343
v -0.2101076252758503 0.48623054623603823 -0.14790034219622614
v -0.16821251288056374 0.48750000000000004 -0.19169928655028343
v 0.16821319088339806 0.48623054623603823 -0.19169928655028343
v -0.16694305911660196 0.4456055462360382 -0.19296874031424524
v -0.16821251288056374 0.48750000000000004 -0.19169928655028343
v -0.14790001288056373 0.5395507037639619 -0.15043924003839493
v 0.1466305784881115 0.5395507037639619 -0.15170869380235671
v -0.16821251288056374 0.48750000000000004 -0.19169928655028343
v 0.1466305784881115 0.5395507037639619 -0.15170869380235671
v -0.14790001288056373 0.5395507037639619 -0.15043924003839493
v -0.20122080966830255 0.21201179623603822 0.016662756260484458
v -0.20122080966830255 0.2107423521578312 0.008132805628702045
v -0.20122080966830255 0.2107423521578312 0.008132805628702045
v 0.125683680921793 0.3976803977042437 0.18408196344971658
v 0.13393543064594268 0.3821291483938694 0.18408196344971658
v 0.16440419033169748 0.4189451478421688 0.17773471400141716
v 0.11044898629188538 0.4075194537639618 0.18408196344971658
v 0.2101076252758503 0.3322201998904348 -0.04221164286136627
v 0.2012208290398121 0.2228024534881115 -0.03998994380235672
v 0.2101076252758503 0.3322201998904348 -0.04221164286136627
v -0.16694305911660196 0.5700194537639618 -0.033801293745636944
v -0.1783694215118885 0.03427709192037583 0.19804721400141717
v -0.1694826252758503 0.03300765752792358 0.1853513978421688
v 0.17709998711943628 0.03427709192037583 0.19677776023745538
v -0.1783694215118885 0.03427709192037583 0.19804721400141717
v -0.1783694215118885 0.057129158079624175 0.19677776023745538
v -0.2266111247241497 0.03427709192037583 0.1447264075279236
v -0.1783694215118885 0.03427709192037583 0.19804721400141717
v 0.17709998711943628 0.057129158079624175 0.19804721400141717
v -0.1783694215118885 0.057129158079624175 0.19677776023745538
v -0.21518542096018792 0.03427709192037583 0.1352052040398121
v -0.1783694215118885 0.03427709192037583 0.19804721400141717
v 0.17709998711943628 0.03427709192037583 0.19677776023745538
v 0.17709998711943628 0.057129158079624175 0.19804721400141717
v -0.1783694215118885 0.03427709192037583 0.19804721400141717
v -0.21518542096018792 0.03427709192037583 0.1352052040398121
v -0.1694826252758503 0.03300765752792358 0.1853513978421688
v 0.05427273213863373 0.5166992962360383 0.03602300491183996
v 0.05332048200070858 0.5763673424720764 0.03665805626660586
v 0.11489238440990449 0.2710448008030653 0.151074305921793
v 0.11489238440990449 0.2716798521578312 0.20820346400141718
v -0.11679686531424523 0.27072760201990603 0.1517093524336815
v -0.12314476370811463 0.6017576575279237 -0.03507074508816004
v -0.12885761559009554 0.5839847043156624 -0.032531844824552535
v -0.20122080966830255 0.34562970120459796 0.008212105929851532
v -0.20249026343226434 0.3452332003042102 -0.022851392999291422
v -0.21137705966830253 0.35118394885212184 0.008331705629825593
v -0.20122080966830255 0.34562970120459796 0.008212105929851532
v -0.21137705966830253 0.35118394885212184 0.008331705629825593
v -0.21137705966830253 0.348645051009953 0.016266255360096692
v 0.1669430784881115 0.56875 0.029199305921792984
v 0.16440419033169748 0.6042972043156624 0.029357905313372613
v 0.1593263849616051 0.6030270919203758 0.03189680557698012
v 0.12885763496160507 0.03427709192037583 -0.2005861021578312
v -0.2202638752758503 0.4297364540398121 0.02808845639228821
v -0.22407221719622614 0.42910139784216883 0.023645055852830412
v -0.22153330966830254 0.42846700027585033 0.023645055852830412
v -0.22153330966830254 0.42846700027585033 0.023645055852830412
v 0.125683680921793 0.5700194537639618 0.03078595604747534
v 0.1282225787639618 0.5700194537639618 0.033007655106484894
v 0.1263180784881115 0.5700194537639618 -0.03427709434181452
v 0.125683680921793 0.5268555462360383 -0.034594944491982464
v 0.125683680921793 0.5268555462360383 -0.034594944491982464
v 0.21518544033169748 0.03427709192037583 -0.1510742962360382
v 0.21518544033169748 0.03427709192037583 0.1352052040398121
v 0.19741248711943626 0.001269453763961792 0.1288573056459427
v 0.19741248711943626 0.001269453763961792 0.1288573056459427
v -0.022851717472076417 0.3941892497241497 0.2069333516061306
v -0.032372916117310524 0.3941892497241497 0.20820346400141718
v -0.021899467334151268 0.1333007037639618 0.20820346400141718
v -0.09331042096018792 0.1345701575279236 0.151074305921793
v -0.09331042096018792 0.13583959192037584 0.20820346400141718
v -0.09267601370811462 0.3948243010789156 0.1504392594099045
v 0.2266111247241497 0.42211910188198093 -0.04062499515712261
v 0.22280278280377389 0.4278319537639618 -0.039514143206179145
v 0.2215333290398121 0.42211910188198093 -0.040307793952524665
v 0.2266111247241497 0.42211910188198093 -0.04062499515712261
v 0.2266111247241497 0.42211910188198093 -0.04348109178245068
v -0.16694305911660196 0.5700194537639618 -0.033801293745636944
v -0.16694305911660196 0.5268555462360383 -0.03427709434181452
v -0.16821251288056374 0.5268555462360383 0.030151556059718133
v -0.1656736247241497 0.56875 0.033166905865073204
v -0.1656736247241497 0.56875 -0.03586439341306687
v -0.21772430911660196 0.34753419905900956 0.015551905520260334
v -0.21772430911660196 0.3427735997363925 0.014520355686545373
v -0.2189944215118885 0.3391238499432802 0.025231705978512764
v -0.2189944215118885 0.3502317011356354 0.007696656091138721
v -0.21772430911660196 0.3449953000061214 0.006863356102257967
v 0.08442363440990448 0.61953125 -0.035705794021487235
v 0.08442363440990448 0.6144527956843376 -0.03189679346978665
v 0.08823263496160508 0.6449222043156624 -0.035546543262898925
v -0.2202638752758503 0.4303708516061306 -0.04189444407820702
v -0.2202638752758503 0.4329103983938694 -0.03745104353874922
v -0.2202638752758503 0.4329103983938694 -0.03745104353874922
v 0.22534169033169746 0.39609375 0.026977606862783433
v 0.22534169033169746 0.3903808981180191 0.026183956116437913
v 0.22280278280377389 0.391015300527215 0.025390956737101077
v 0.22280278280377389 0.39577655121684074 0.025866754911839963
v 0.22534169033169746 0.39609375 0.026977606862783433
v 0.22534169033169746 0.39577655121684074 0.029675106517970562
v 0.22534169033169746 0.3903808981180191 0.026183956116437913
v 0.22534169033169746 0.39577655121684074 0.029675106517970562
v 0.2101076252758503 0.329423249932006 0.025549556128680706
v -0.1783694215118885 0.4443361021578312 0.1955076478421688
v -0.16821251288056374 0.4456055462360382 0.1790041483938694
v 0.1669430784881115 0.4449704997241497 0.1790041483938694
v 0.1669430784881115 0.48623054623603823 0.1790041483938694
v -0.16821251288056374 0.4456055462360382 0.1790041483938694
v -0.1783694215118885 0.4443361021578312 0.1955076478421688
v 0.1669430784881115 0.4449704997241497 0.1790041483938694
v -0.2101076252758503 0.4449704997241497 0.1333007037639618
v -0.2101076252758503 0.2189941018819809 0.023645055852830412
v -0.21772430911660196 0.2189941018819809 0.022375606931746006
v -0.2101076252758503 0.2189941018819809 0.023645055852830412
v -0.2101076252758503 0.22407254651188852 0.025866754911839963
v -0.2101076252758503 0.2183597043156624 -0.03618159461766481
v -0.2101076252758503 0.2189941018819809 0.023645055852830412
v -0.2101076252758503 0.2126462034881115 0.015948406420648098
v -0.21772430911660196 0.2189941018819809 0.022375606931746006
v -0.2101076252758503 0.2189941018819809 0.023645055852830412
v -0.2101076252758503 0.2183597043156624 -0.03618159461766481
v -0.2101076252758503 0.2126462034881115 0.015948406420648098
v -0.09457986503839493 0.38942864798009397 0.2094728983938694
v 0.22534169033169746 0.3881591990590096 -0.03665739521384239
v 0.2215333290398121 0.38879425041377547 -0.03665739521384239
v 0.22534169033169746 0.3878420002758503 0.022692805714905263
v 0.22534169033169746 0.39006369933485985 -0.04014854319393635
v -0.08759756907820702 0.61953125 0.03411850705742836
v -0.11552742123603821 0.2716798521578312 0.20820346400141718
v -0.11679686531424523 0.27072760201990603 0.1517093524336815
v 0.11489238440990449 0.2716798521578312 0.20820346400141718
v -0.11679686531424523 0.2799316018819809 0.20820346400141718
v 0.12695313468575478 0.5700194537639618 -0.032531844824552535
v 0.1294920325279236 0.5712889075279236 -0.035546543262898925
v -0.009243966918438673 0.09648470431566239 0.18916039839386942
v -0.22534167096018792 0.38752414770424365 -0.04221164286136627
v -0.22534167096018792 0.3897458516061306 -0.04062499515712261
v -0.2189944215118885 0.21645520403981208 0.025073106586933135
v -0.0020036171772517264 0.5497069537639618 -0.021106143482029438
v -0.030468418262898922 0.5484375 -0.013250894658267499
v -0.0020036171772517264 0.5497069537639618 -0.021106143482029438
v 0.10664063468575478 0.37451180107891563 0.2094728983938694
v 0.10664063468575478 0.37482899986207485 0.1504392594099045
v 0.10664063468575478 0.37451180107891563 0.2094728983938694
v 0.10664063468575478 0.37482899986207485 0.1504392594099045
v 0.10727568119764329 0.1510742962360382 0.2094728983938694
v -0.09077151343226433 0.6487305462360382 -0.033166244812309745
v 0.10917953252792359 0.11806665807962417 0.1415531024336815
v -0.11171842068433761 0.11806665807962417 0.20820346400141718
v -0.10981456935405731 0.11806665807962417 0.140918055921793
v 0.10917953252792359 0.11806665807962417 0.1415531024336815
v 0.10917953252792359 0.11806665807962417 0.20820346400141718
v -0.11171842068433761 0.11806665807962417 0.20820346400141718
v -0.12885761559009554 0.1282229080796242 0.14218750968575478
v -0.16694305911660196 0.4195802040398121 0.17773471400141716
v -0.2101076252758503 0.05585970431566239 0.1333007037639618
v -0.1656736247241497 0.05585970431566239 0.1802736021578312
v -0.16694305911660196 0.4195802040398121 0.17773471400141716
v -0.2101076252758503 0.4189451478421688 0.13203125968575477
v -0.2101076252758503 0.05585970431566239 0.1333007037639618
v -0.16694305911660196 0.4195802040398121 0.17773471400141716
v -0.2101076252758503 0.34507459970191123 0.007260505948215723
v -0.2101076252758503 0.3431700994260609 0.016266255360096692
v -0.2101076252758503 0.34507459970191123 0.007260505948215723
v -0.2101076252758503 0.3431700994260609 0.016266255360096692
v 0.03649913240224123 0.5116208419203758 0.17773471400141716
v -0.03872081693261862 0.5116208419203758 0.17773471400141716
v 0.2164548747241497 0.22216804623603822 -0.04062499515712261
v 0.2101076252758503 0.21582014784216882 -0.03919694442301989
v -0.0020036171772517264 0.5166992962360383 0.09204130619764328
v 0.025390632264316083 0.5750979080796242 0.0844239540398121
v -0.0018989672127645463 0.5750979080796242 0.09204130619764328
v -0.0020036171772517264 0.5166992962360383 0.09204130619764328
v -0.0018989672127645463 0.5750979080796242 0.09204130619764328
v -0.11552742123603821 0.025390295684337618 0.18916039839386942
v -0.11552742123603821 0.03300765752792358 0.18789096400141717
v -0.11679686531424523 0.025390295684337618 0.1955076478421688
v -0.11552742123603821 0.025390295684337618 0.18916039839386942
v 0.22534169033169746 0.39006369933485985 -0.04014854319393635
v 0.22534169033169746 0.3849852498620749 -0.03745104353874922
v 0.04252918064594269 0.1333007037639618 0.1504392594099045
v 0.042847033217549325 0.3948243010789156 0.20820346400141718
v 0.04379863440990448 0.1345701575279236 0.2069333516061306
v -0.2101076252758503 0.4449704997241497 -0.14726529568433763
v -0.2266111247241497 0.4443361021578312 -0.1586916483938694
v -0.2101076252758503 0.4449704997241497 0.1333007037639618
v -0.2101076252758503 0.4449704997241497 -0.14726529568433763
v -0.2101076252758503 0.4449704997241497 0.1333007037639618
v -0.2101076252758503 0.48623054623603823 -0.14790034219622614
v -0.11616181880235672 0.2145507037639618 0.151074305921793
v 0.08505868092179299 0.6157229080796242 -0.0005550940870307386
v 0.09838888496160507 0.6106444537639618 -0.0006616940663661808
v 0.08505868092179299 0.6157229080796242 -0.0005550940870307386
v 0.09838888496160507 0.6106444537639618 -0.0006616940663661808
v 0.08442363440990448 0.6157229080796242 0.03046875484287739
v 0.15805693119764327 0.0 0.17392571344971658
v 0.1586913287639618 0.0 -0.18789028599858285
v 0.19868194088339805 0.0 -0.1447263978421688
v 0.15805693119764327 0.0 0.17392571344971658
v -0.15932636559009553 0.0 0.17392571344971658
v 0.1586913287639618 0.0 -0.18789028599858285
v 0.16821319088339806 0.03427709192037583 0.1866208516061306
v 0.15805693119764327 0.0 0.17392571344971658
v 0.19868194088339805 0.0 -0.1447263978421688
v 0.19741248711943626 0.001269453763961792 0.1288573056459427
v 0.15805693119764327 0.0 0.17392571344971658
v 0.21518544033169748 0.03427709192037583 0.1352052040398121
v 0.16821319088339806 0.03427709192037583 0.1866208516061306
v 0.19741248711943626 0.001269453763961792 0.1288573056459427
v -0.2202638752758503 0.38879425041377547 -0.04141864348202944
v -0.2202638752758503 0.3865725513547659 -0.03681664355099201
v -0.22280276343226432 0.38371580094099045 -0.03729244414716959
v -0.22280276343226432 0.3878420002758503 -0.04348109178245068
v -0.22280276343226432 0.3903808981180191 -0.03935554381459951
v -0.20249026343226434 0.2126462034881115 -0.028405643068253994
v -0.20122080966830255 0.21201179623603822 0.016662756260484458
v -0.20122080966830255 0.21772464811801912 -0.03681664355099201
v -0.20122080966830255 0.2107423521578312 -0.021026843786239625
v 0.21899444088339806 0.3472170002758503 -0.028405643068253994
v -0.12060521692037583 0.59921875 -0.0010835440814844332
v -0.10156217068433762 0.6106444537639618 -0.0006519440677948297
v -0.17075205966830254 0.03300765752792358 -0.1993166483938694
v -0.1605958193540573 0.0 -0.1866208516061306
v -0.2164548747241497 0.03427709192037583 -0.15043924003839493
v -0.17075205966830254 0.03300765752792358 -0.1993166483938694
v 0.1586913287639618 0.0 -0.18789028599858285
v -0.1605958193540573 0.0 -0.1866208516061306
v -0.17075205966830254 0.03300765752792358 -0.1993166483938694
v -0.2164548747241497 0.03427709192037583 -0.15043924003839493
v -0.22788055911660196 0.03300765752792358 -0.16059549003839493
v -0.17075205966830254 0.03300765752792358 -0.1993166483938694
v -0.22788055911660196 0.03300765752792358 -0.16059549003839493
v -0.1783694215118885 0.03300765752792358 -0.2107423521578312
v 0.2202638752758503 0.42275414839386943 0.026025356724858284
v 0.22534169033169746 0.4417972043156624 0.026025356724858284
v 0.2202638752758503 0.4430666483938694 0.025549556128680706
v 0.22534169033169746 0.42338854596018793 0.026183956116437913
v 0.21772498711943628 0.3430907997302711 -0.026818992942571642
v 0.21899444088339806 0.3472170002758503 -0.028405643068253994
v 0.21772498711943628 0.34507459970191123 -0.020153894554823637
v 0.21772498711943628 0.35007309932261704 -0.021106143482029438
v 0.21899444088339806 0.3497559005394578 0.007617355789989233
v 0.21772498711943628 0.35007309932261704 -0.021106143482029438
v -0.09965831935405732 0.3878420002758503 0.2094728983938694
v 0.02237528245896101 0.1333007037639618 0.20820346400141718
v 0.020471433550119402 0.39450710229575636 0.20820346400141718
v 0.013091982901096344 0.3948243010789156 0.20820346400141718
v 0.02237528245896101 0.1333007037639618 0.20820346400141718
v 0.020947231724858285 0.1333007037639618 0.151074305921793
v 0.020471433550119402 0.39450710229575636 0.20820346400141718
v -0.2266111247241497 0.4310058981180191 0.023327857069671155
v -0.2266111247241497 0.4310058981180191 0.023327857069671155
v -0.2266111247241497 0.4303708516061306 -0.03760964293032885
v -0.22407221719622614 0.42910139784216883 0.023645055852830412
v -0.22534167096018792 0.4341798521578312 0.024597305990755557
v -0.22534167096018792 0.3849852498620749 -0.03760964293032885
v -0.22534167096018792 0.38752414770424365 -0.04221164286136627
v -0.22534167096018792 0.3881591990590096 -0.036975242942571644
v -0.22534167096018792 0.3849852498620749 -0.03760964293032885
v -0.2266111247241497 0.3849852498620749 0.024280104786157608
v -0.22534167096018792 0.3881591990590096 -0.036975242942571644
v 0.08823263496160508 0.6461916580796242 0.033801305852830414
v -0.10537117123603822 0.3821291483938694 0.2094728983938694
v -0.11108401343226433 0.4119628518819809 0.2094728983938694
v -0.06220726855099201 0.1345701575279236 0.1517093524336815
v -0.06252446733415128 0.1345701575279236 0.20820346400141718
v -0.06284166611731053 0.3948243010789156 0.151074305921793
v 0.2266111247241497 0.4195802040398121 -0.1586916483938694
v 0.2266111247241497 0.4195802040398121 -0.1586916483938694
v 0.2266111247241497 0.4195802040398121 -0.1586916483938694
v 0.2101076252758503 0.4189451478421688 0.13203125968575477
v 0.2101076252758503 0.4189451478421688 -0.14790034219622614
v 0.2101076252758503 0.4189451478421688 0.13203125968575477
v 0.2266111247241497 0.4195802040398121 -0.1586916483938694
v 0.2101076252758503 0.4189451478421688 -0.14790034219622614
v 0.2266111247241497 0.4195802040398121 -0.1586916483938694
v 0.22534169033169746 0.4449704997241497 -0.1586916483938694
v 0.2266111247241497 0.4449704997241497 0.14409200996160507
v -0.16694305911660196 0.5700194537639618 -0.0007760940672596917
v -0.12822256907820703 0.1282229080796242 0.2094728983938694
v -0.10981456935405731 0.11806665807962417 0.140918055921793
v 0.2215333290398121 0.4310058981180191 -0.0379268441349268
v 0.22280278280377389 0.4278319537639618 -0.039514143206179145
v 0.22280278280377389 0.42846700027585033 -0.037133844755589965
v 0.2215333290398121 0.4310058981180191 -0.0379268441349268
v 0.2215333290398121 0.4341798521578312 0.02412085644900799
v 0.22280278280377389 0.4348142497241497 -0.03824469428509474
v 0.22280278280377389 0.4348142497241497 -0.03824469428509474
v 0.22280278280377389 0.39577655121684074 0.03078595604747534
v -0.20122080966830255 0.21772464811801912 -0.03681664355099201
v -0.20122080966830255 0.22407254651188852 0.02713620625436306
v -0.20122080966830255 0.3312685999087989 0.027612655796110632
v -0.20122080966830255 0.22407254651188852 0.02713620625436306
v -0.20122080966830255 0.21772464811801912 -0.03681664355099201
v -0.20249026343226434 0.22407254651188852 -0.04014854319393635
v -0.20122080966830255 0.22407254651188852 0.02713620625436306
v -0.20122080966830255 0.3312685999087989 0.027612655796110632
v -0.21137705966830253 0.22216804623603822 0.029516507126390933
v 0.1669430784881115 0.4449704997241497 0.1790041483938694
v 0.1180663287639618 0.022851407527923584 -0.20185553655028343
v 0.11743193119764328 0.026660408079624175 -0.2069333516061306
v 0.11552743092179299 0.026660408079624175 -0.2005861021578312
v -0.22534167096018792 0.39577655121684074 0.029516507126390933
v -0.22534167096018792 0.3878420002758503 0.028723505325615406
v -0.22280276343226432 0.39609375 0.030945206806063653
v -0.22280276343226432 0.39609375 0.030945206806063653
v -0.22534167096018792 0.39641094878315924 0.02729480564594269
v -0.22534167096018792 0.3897458516061306 0.026025356724858284
v 0.03253153245896101 0.39450710229575636 0.151074305921793
v 0.03443603273481131 0.1345701575279236 0.1504392594099045
v 0.03586408346891403 0.1345701575279236 0.20820346400141718
v 0.2164548747241497 0.22216804623603822 -0.04062499515712261
v 0.21772498711943628 0.32987955007702113 -0.03760964293032885
v 0.2101076252758503 0.22216804623603822 -0.04157724287360907
v 0.21772498711943628 0.33206159989349543 -0.0411007933318615
v 0.2101076252758503 0.22216804623603822 -0.04157724287360907
v -0.08950206935405731 0.6144527956843376 0.03205605633556843
v 0.08759757876396179 0.6157229080796242 0.03221465572714806
v -0.08950206935405731 0.6182617962360383 0.03475355599075556
v -0.08950206935405731 0.6144527956843376 0.03205605633556843
v -0.08950206935405731 0.6182617962360383 -0.037133844755589965
v -0.08950206935405731 0.6157229080796242 -0.03443569373339415
v -0.08950206935405731 0.6144527956843376 0.03205605633556843
v -0.08950206935405731 0.6182617962360383 0.03475355599075556
v -0.08950206935405731 0.6182617962360383 -0.037133844755589965
v -0.09013646692037583 0.6131833419203758 0.028723505325615406
v -0.08950206935405731 0.6144527956843376 0.03205605633556843
v -0.08950206935405731 0.6157229080796242 -0.03443569373339415
v -0.09013646692037583 0.6131833419203758 0.028723505325615406
v 0.1669430784881115 0.5700194537639618 -0.0010484440790605731
v 0.1669430784881115 0.5700194537639618 -0.03269044421613217
v 0.16440419033169748 0.6055666580796242 -0.03189679346978665
v 0.09394548684358597 0.1345701575279236 0.1498048521578312
v 0.09394548684358597 0.3941892497241497 0.20820346400141718
v 0.09394548684358597 0.1333007037639618 0.20820346400141718
v 0.09394548684358597 0.1345701575279236 0.1498048521578312
v 0.09394548684358597 0.39450710229575636 0.1504392594099045
v 0.09394548684358597 0.3941892497241497 0.20820346400141718
v -0.2202638752758503 0.42275414839386943 -0.04189444407820702
v -0.22280276343226432 0.42275414839386943 -0.03983134441077709
v -0.12758751288056375 0.5268555462360383 -0.033801293745636944
v -0.12822256907820703 0.5700194537639618 0.03046875484287739
v -0.12758751288056375 0.5268555462360383 0.03062735665589571
v -0.12758751288056375 0.5268555462360383 -0.033801293745636944
v -0.12822256907820703 0.5712889075279236 -0.03364269435405731
v -0.12822256907820703 0.5700194537639618 0.03046875484287739
v -0.13012706935405732 0.5268555462360383 -0.036340194009244445
v 0.2012208290398121 0.345153899397701 -0.0211854443885386
v 0.2012208290398121 0.34388445047661664 -0.027453392930328845
v 0.20249028280377387 0.34547109939157966 0.010156256053596735
v 0.2113770790398121 0.350708150677383 -0.021899145282804965
v -0.16440417096018792 0.5700194537639618 0.032531856931746005
v -0.16186526343226434 0.6017576575279237 0.032373255118727684
v -0.16440417096018792 0.6042972043156624 0.028882104717195035
v -0.16694305911660196 0.5700194537639618 0.029199305921792984
v -0.16694305911660196 0.5700194537639618 0.029199305921792984
v -0.22407221719622614 0.3881591990590096 0.022851405106484892
v 0.09013648629188538 0.6474610924720764 -0.03411849495023489
v -0.09140592068433762 0.6487305462360382 -0.035546543262898925
v -0.09140592068433762 0.65 -0.029516495019197463
v 0.09013648629188538 0.6487305462360382 0.03284905571490526
v -0.09140592068433762 0.6449222043156624 -0.036975242942571644
v 0.09013648629188538 0.6474610924720764 -0.03411849495023489
v 0.09013648629188538 0.6449222043156624 -0.03681664355099201
v -0.09140592068433762 0.6449222043156624 -0.036975242942571644
v 0.1034666806459427 0.1409180462360382 0.2094728983938694
v 0.09838888496160507 0.13710970431566238 0.1504392594099045
v 0.09648438468575478 0.13837915807962417 0.2094728983938694
v 0.10664063468575478 0.14853540807962418 0.1504392594099045
v -0.12885761559009554 0.5700194537639618 -0.0011849440779769793
v -0.12949201315641404 0.5839847043156624 -0.0011231940807192586
v -0.12885761559009554 0.5700194537639618 -0.0011849440779769793
v -0.12885761559009554 0.5700194537639618 -0.0011849440779769793
v -0.12885761559009554 0.5700194537639618 -0.03269044421613217
v -0.12949201315641404 0.5839847043156624 -0.0011231940807192586
v -0.11743192151188851 0.03427709192037583 -0.2069333516061306
v -0.11933576315641403 0.025390295684337618 -0.2069333516061306
v -0.12631806880235671 0.026660408079624175 -0.2069333516061306
v -0.12758751288056375 0.03427709192037583 -0.2069333516061306
v 0.2215333290398121 0.4214847043156624 0.025390956737101077
v 0.2202638752758503 0.42211910188198093 0.02792985700070858
v -0.21137705966830253 0.2107423521578312 0.007934555783867836
v 0.22280278280377389 0.3833986021578312 -0.03776824474334717
v 0.22280278280377389 0.3872069489210844 -0.042846694216132165
v 0.22280278280377389 0.38371580094099045 0.023645055852830412
v -0.10727501288056374 0.1447264075279236 0.2094728983938694
v -0.10727501288056374 0.1434569537639618 0.151074305921793
v -0.10854511559009553 0.1510742962360382 0.1504392594099045
v -0.10854511559009553 0.1510742962360382 0.2094728983938694
v 0.025232032872736454 0.06347640752792359 0.18916039839386942
v -0.022375267930328846 0.1015625 0.18789096400141717
v -0.023168916255235674 0.06347640752792359 0.18789096400141717
v -0.1694826252758503 0.03300765752792358 0.1853513978421688
v -0.15932636559009553 0.0 0.17392571344971658
v 0.16821319088339806 0.03427709192037583 0.1866208516061306
v -0.1694826252758503 0.03300765752792358 0.1853513978421688
v 0.16821319088339806 0.03427709192037583 0.1866208516061306
v 0.17709998711943628 0.03427709192037583 0.19677776023745538
v -0.1694826252758503 0.03300765752792358 0.1853513978421688
v -0.19868192151188852 0.001269453763961792 0.1288573056459427
v -0.15932636559009553 0.0 0.17392571344971658
v -0.1694826252758503 0.03300765752792358 0.1853513978421688
v -0.21518542096018792 0.03427709192037583 0.1352052040398121
v -0.19868192151188852 0.001269453763961792 0.1288573056459427
v 0.2215333290398121 0.38879425041377547 -0.03665739521384239
v 0.2101076252758503 0.22216804623603822 0.029516507126390933
v 0.2012208290398121 0.2234375 0.026660405658185483
v -0.13012706935405732 0.5700194537639618 -0.036340194009244445
v -0.13012706935405732 0.5712889075279236 0.032531856931746005
v -0.13012706935405732 0.5700194537639618 -0.036340194009244445
v -0.13012706935405732 0.5712889075279236 0.032531856931746005
v 0.1656736247241497 0.53828125 0.11616215780377388
v 0.1485350787639618 0.5395507037639619 -0.14790034219622614
v 0.1466305784881115 0.5395507037639619 -0.15170869380235671
v 0.1656736247241497 0.53828125 0.11616215780377388
v 0.1466305784881115 0.5395507037639619 -0.15170869380235671
v 0.14599618092179298 0.5395507037639619 0.13647465780377388
v -0.2202638752758503 0.43164029568433765 0.024280104786157608
v -0.2101076252758503 0.3430907997302711 -0.029040694423019885
v 0.08759757876396179 0.6157229080796242 0.03221465572714806
v 0.08759757876396179 0.6144527956843376 -0.029357893206179143
v 0.08696318119764328 0.6157229080796242 -0.03411849495023489
v 0.08759757876396179 0.6157229080796242 0.03221465572714806
v 0.08696318119764328 0.6157229080796242 -0.03411849495023489
v 0.08696318119764328 0.6182617962360383 -0.03618159461766481
v 0.08759757876396179 0.6157229080796242 0.03221465572714806
v -0.09013646692037583 0.6131833419203758 0.028723505325615406
v 0.08759757876396179 0.6144527956843376 -0.029357893206179143
v 0.21772498711943628 0.20566389784216882 0.008331705629825593
v -0.05363766625523567 0.39450710229575636 0.20820346400141718
v -0.051733165979385376 0.1345701575279236 0.1517093524336815
v -0.05363766625523567 0.39450710229575636 0.1504392594099045
v -0.20122080966830255 0.2170896016061306 0.02412085644900799
v 0.16821319088339806 0.48623054623603823 -0.19169928655028343
v 0.1656736247241497 0.4456055462360382 -0.19169928655028343
v -0.16694305911660196 0.4456055462360382 -0.19296874031424524
v 0.020471433550119402 0.39450710229575636 0.20820346400141718
v 0.020947231724858285 0.1333007037639618 0.151074305921793
v 0.019439882505685093 0.39450710229575636 0.151074305921793
v -0.1656736247241497 0.6042972043156624 -0.0012895940779344528
v -0.1542479209601879 0.6220701575279236 0.0038083558436483146
v -0.21772430911660196 0.2126462034881115 -0.02729479353874922
v -0.21772430911660196 0.2189941018819809 -0.035546543262898925
v 0.05585938468575478 0.5497069537639618 0.03618160672485828
v 0.2113770790398121 0.3510253494605422 0.007934555783867836
v 0.2113770790398121 0.350708150677383 -0.021899145282804965
v 0.2113770790398121 0.350708150677383 -0.021899145282804965
v 0.20249028280377387 0.34547109939157966 0.010156256053596735
v 0.21772498711943628 0.35007309932261704 -0.021106143482029438
v -0.09140592068433762 0.6436520919203759 0.03554720673710108
v -0.09140592068433762 0.6487305462360382 -0.035546543262898925
v -0.09140592068433762 0.6449222043156624 -0.036975242942571644
v -0.09140592068433762 0.6436520919203759 0.03554720673710108
v 0.0895020790398121 0.6423826575279236 0.03507075477391482
v -0.09204096719622612 0.6474610924720764 0.032531856931746005
v -0.09140592068433762 0.6436520919203759 0.03554720673710108
v -0.09140592068433762 0.6449222043156624 -0.036975242942571644
v -0.08950206935405731 0.6182617962360383 0.03475355599075556
v -0.09140592068433762 0.6436520919203759 0.03554720673710108
v -0.08950206935405731 0.6182617962360383 0.03475355599075556
v 0.0895020790398121 0.6423826575279236 0.03507075477391482
v -0.09204096719622612 0.6474610924720764 0.032531856931746005
v 0.1669430784881115 0.5268555462360383 0.03031015545129776
v 0.1669430784881115 0.5268555462360383 0.03031015545129776
v 0.16821319088339806 0.5268555462360383 -0.03427709434181452
v -0.22153330966830254 0.42846700027585033 0.023645055852830412
v -0.11679686531424523 0.34348729941993955 0.20820346400141718
v 0.11489238440990449 0.3427735997363925 0.2094728983938694
v -0.11679686531424523 0.34348729941993955 0.151074305921793
v -0.11679686531424523 0.34348729941993955 0.20820346400141718
v -0.11616181880235672 0.33396610016934575 0.2094728983938694
v 0.11489238440990449 0.33388679986819625 0.20820346400141718
v -0.11679686531424523 0.34348729941993955 0.20820346400141718
v 0.11489238440990449 0.33388679986819625 0.20820346400141718
v 0.11489238440990449 0.3427735997363925 0.2094728983938694
v 0.11743193119764328 0.59921875 -0.032373243011534214
v 0.0977538287639618 0.6106444537639618 0.030151556059718133
v 0.11870138496160508 0.6004882037639618 -0.0011030440786271357
v 0.11870138496160508 0.6004882037639618 -0.0011030440786271357
v 0.2278805784881115 0.057129158079624175 0.14409200996160507
v 0.2278805784881115 0.057129158079624175 -0.16059549003839493
v 0.2101076252758503 0.05585970431566239 -0.14853473976254464
v 0.2278805784881115 0.057129158079624175 0.14409200996160507
v 0.2101076252758503 0.05585970431566239 -0.14853473976254464
v 0.2101076252758503 0.05585970431566239 0.1333007037639618
v -0.15932636559009553 0.0 0.17392571344971658
v -0.1605958193540573 0.0 -0.1866208516061306
v -0.15932636559009553 0.0 0.17392571344971658
v -0.1999513752758503 0.001269453763961792 -0.1447263978421688
v -0.2164548747241497 0.03427709192037583 -0.15043924003839493
v 0.22280278280377389 0.39577655121684074 0.03078595604747534
v 0.2202638752758503 0.39609375 0.02808845639228821
v 0.22280278280377389 0.39577655121684074 0.03078595604747534
v 0.22280278280377389 0.42275414839386943 0.03126240558922291
v 0.2202638752758503 0.42211910188198093 0.02792985700070858
v 0.2202638752758503 0.39609375 0.02808845639228821
v -0.22280276343226432 0.4348142497241497 0.024914504773914815
v -0.22280276343226432 0.4348142497241497 -0.03856189306825399
v -0.22534167096018792 0.4341798521578312 0.024597305990755557
v -0.22280276343226432 0.4348142497241497 0.024914504773914815
v -0.2202638752758503 0.4329103983938694 -0.03745104353874922
v -0.22280276343226432 0.4348142497241497 -0.03856189306825399
v -0.22280276343226432 0.4348142497241497 0.024914504773914815
v -0.22280276343226432 0.4348142497241497 0.024914504773914815
v -0.2202638752758503 0.43164029568433765 0.024280104786157608
v -0.2202638752758503 0.4329103983938694 -0.03745104353874922
v 0.03046908173710108 0.5154298424720765 0.17646526023745537
v -0.033325166255235676 0.5154298424720765 0.17646526023745537
v -0.033800966851413254 0.5090819537639618 0.17138680592179298
v 0.03046908173710108 0.5154298424720765 0.17646526023745537
v -0.033800966851413254 0.5090819537639618 0.17138680592179298
v 0.03078628294169903 0.5078125 0.17138680592179298
v 0.03046908173710108 0.5154298424720765 0.17646526023745537
v -0.033325166255235676 0.5154298424720765 0.17646526023745537
v 0.03078628294169903 0.5078125 0.17138680592179298
v -0.22280276343226432 0.39609375 0.030945206806063653
v 0.2101076252758503 0.33602920044213536 0.023645055852830412
v 0.2101076252758503 0.329423249932006 0.025549556128680706
v 0.2101076252758503 0.33602920044213536 0.023645055852830412
v 0.2101076252758503 0.32980025007855146 -0.03872049488127232
v 0.2101076252758503 0.33587059983983636 -0.036340194009244445
v 0.2101076252758503 0.34229715019464496 0.01618630550801754
v 0.2101076252758503 0.33602920044213536 0.023645055852830412
v 0.2101076252758503 0.33587059983983636 -0.036340194009244445
v 0.2101076252758503 0.34229715019464496 0.01618630550801754
v 0.2101076252758503 0.33602920044213536 0.023645055852830412
v 0.2101076252758503 0.329423249932006 0.025549556128680706
v 0.2101076252758503 0.32980025007855146 -0.03872049488127232
v -0.14790001288056373 0.5395507037639619 -0.15043924003839493
v -0.14726561531424523 0.5408201575279236 0.13710970431566238
v 0.14599618092179298 0.5395507037639619 0.13647465780377388
v -0.14790001288056373 0.5395507037639619 -0.15043924003839493
v -0.1656736247241497 0.5395507037639619 -0.13012674003839494
v -0.14726561531424523 0.5408201575279236 0.13710970431566238
v -0.14790001288056373 0.5395507037639619 -0.15043924003839493
v 0.14599618092179298 0.5395507037639619 0.13647465780377388
v 0.1466305784881115 0.5395507037639619 -0.15170869380235671
v -0.1656736247241497 0.5395507037639619 -0.13012674003839494
v -0.15932636559009553 0.0 0.17392571344971658
v -0.19868192151188852 0.001269453763961792 0.1288573056459427
v -0.1999513752758503 0.001269453763961792 -0.1447263978421688
v 0.11489238440990449 0.22216804623603822 0.20820346400141718
v 0.11489238440990449 0.2234375 0.1504392594099045
v -0.11679686531424523 0.22216804623603822 0.151074305921793
v -0.09013646692037583 0.6131833419203758 -0.028881443664431572
v 0.08759757876396179 0.6144527956843376 -0.029357893206179143
v -0.09013646692037583 0.6131833419203758 0.028723505325615406
v -0.09013646692037583 0.6131833419203758 -0.028881443664431572
v -0.09013646692037583 0.6131833419203758 0.028723505325615406
v -0.08950206935405731 0.6157229080796242 -0.03443569373339415
v -0.09013646692037583 0.6131833419203758 -0.028881443664431572
v -0.08950206935405731 0.6157229080796242 -0.03443569373339415
v 0.08759757876396179 0.6144527956843376 -0.029357893206179143
v -0.2202638752758503 0.3865725513547659 -0.03681664355099201
v -0.22280276343226432 0.38879425041377547 -0.036975242942571644
v -0.22153330966830254 0.3884763978421688 0.022851405106484892
v -0.22280276343226432 0.38879425041377547 -0.036975242942571644
v -0.2101076252758503 0.4449704997241497 0.1333007037639618
v -0.14853506907820702 0.6220701575279236 0.032373255118727684
v -0.10600556880235672 0.6385742962360382 0.033166905865073204
v -0.08442361503839493 0.3941892497241497 0.20820346400141718
v -0.08378921747207642 0.13583959192037584 0.1504392594099045
v -0.08315417096018791 0.39450710229575636 0.1504392594099045
v -0.08442361503839493 0.3941892497241497 0.20820346400141718
v -0.08378921747207642 0.1345701575279236 0.20820346400141718
v -0.08378921747207642 0.13583959192037584 0.1504392594099045
v 0.09838888496160507 0.13710970431566238 0.1504392594099045
v 0.10664063468575478 0.14853540807962418 0.1504392594099045
v -0.0971194215118885 0.13710970431566238 0.151074305921793
v 0.09648438468575478 0.13837915807962417 0.2094728983938694
v -0.2101076252758503 0.3323398001957685 0.029675106517970562
v -0.2189944215118885 0.3322995001915842 0.028405655175447464
v -0.12949201315641404 0.03427709192037583 -0.2005861021578312
v -0.12885761559009554 0.026660408079624175 -0.1993166483938694
v 0.22280278280377389 0.43164029568433765 0.029199305921792984
v 0.22407223656773567 0.4348142497241497 0.024280104786157608
v 0.22280278280377389 0.42275414839386943 0.03126240558922291
v 0.2012208290398121 0.33833020040765405 0.023803655244410037
v 0.20249028280377387 0.34547109939157966 0.010156256053596735
v 0.2012208290398121 0.34388445047661664 -0.027453392930328845
v -0.1656736247241497 0.5395507037639619 0.11616215780377388
v -0.14726561531424523 0.5408201575279236 0.13710970431566238
v -0.1656736247241497 0.5395507037639619 -0.13012674003839494
v -0.21137705966830253 0.48623054623603823 0.1339357599616051
v 0.21772498711943628 0.20566389784216882 -0.021344043780118227
v -0.0379271661862731 0.4849611021578312 0.1434569537639618
v 0.03586408346891403 0.4843260459601879 0.14409200996160507
v 0.03649913240224123 0.5116208419203758 0.17773471400141716
v -0.0379271661862731 0.4849611021578312 0.1434569537639618
v 0.03649913240224123 0.5116208419203758 0.17773471400141716
v 0.09394548684358597 0.1333007037639618 0.20820346400141718
v 0.09394548684358597 0.3941892497241497 0.20820346400141718
v 0.08505868092179299 0.39450710229575636 0.20820346400141718
v 0.09394548684358597 0.1333007037639618 0.20820346400141718
v 0.08505868092179299 0.39450710229575636 0.20820346400141718
v 0.08505868092179299 0.1333007037639618 0.20820346400141718
v -0.12060521692037583 0.59921875 -0.032373243011534214
v -0.12060521692037583 0.59921875 -0.0010835440814844332
v -0.09140592068433762 0.65 -0.029516495019197463
v 0.11552743092179299 0.026660408079624175 -0.2005861021578312
v -0.22534167096018792 0.39641094878315924 0.02729480564594269
v -0.2189944215118885 0.3322995001915842 0.028405655175447464
v -0.21772430911660196 0.33674290012568237 0.022534206323325635
v 0.08759757876396179 0.6144527956843376 -0.029357893206179143
v -0.08950206935405731 0.6157229080796242 -0.03443569373339415
v 0.08696318119764328 0.6157229080796242 -0.03411849495023489
v 0.2012208290398121 0.2170896016061306 0.024597305990755557
v 0.2012208290398121 0.2126462034881115 0.01697995625436306
v 0.1669430784881115 0.4195802040398121 -0.19296874031424524
v -0.1783694215118885 0.4195802040398121 -0.20947223976254464
v 0.1669430784881115 0.4195802040398121 -0.19296874031424524
v -0.1656736247241497 0.4208496481180191 -0.19296874031424524
v 0.2266111247241497 0.4449704997241497 0.14409200996160507
v 0.22534169033169746 0.4449704997241497 -0.1586916483938694
v 0.20883819088339806 0.4443361021578312 -0.14790034219622614
v 0.2215333290398121 0.3878420002758503 0.022692805714905263
v -0.10600556880235672 0.6385742962360382 0.033166905865073204
v -0.21518542096018792 0.03427709192037583 0.1352052040398121
v -0.21518542096018792 0.03427709192037583 0.1352052040398121
v 0.2202638752758503 0.39609375 0.02808845639228821
v 0.2215333290398121 0.4214847043156624 0.025390956737101077
v 0.22280278280377389 0.39577655121684074 0.025866754911839963
v -0.032531517930328845 0.5332027956843376 0.16503889784216882
v 0.03015123400837183 0.5319333419203759 0.16503889784216882
v 0.1599607825279236 0.6030270919203758 -0.03538794387131929
v -0.2101076252758503 0.05585970431566239 0.1333007037639618
v -0.2101076252758503 0.054589591920375824 -0.14790034219622614
v -0.2266111247241497 0.057129158079624175 -0.1586916483938694
v -0.2101076252758503 0.05585970431566239 0.1333007037639618
v -0.2101076252758503 0.4189451478421688 0.13203125968575477
v -0.2101076252758503 0.054589591920375824 -0.14790034219622614
v -0.2101076252758503 0.05585970431566239 0.1333007037639618
v -0.2266111247241497 0.057129158079624175 -0.1586916483938694
v -0.22788055911660196 0.057129158079624175 0.1447264075279236
v -0.22788055911660196 0.057129158079624175 0.1447264075279236
v 0.125683680921793 0.5268555462360383 -0.034594944491982464
v 0.12758818119764329 0.56875 -0.03618159461766481
v 0.11489238440990449 0.3427735997363925 0.2094728983938694
v 0.11489238440990449 0.34372584987431765 0.1504392594099045
v -0.11679686531424523 0.34348729941993955 0.151074305921793
v 0.22407223656773567 0.4348142497241497 0.024280104786157608
v 0.2266111247241497 0.4341798521578312 -0.03824469428509474
v 0.22280278280377389 0.4348142497241497 -0.03824469428509474
v 0.22407223656773567 0.4348142497241497 0.024280104786157608
v 0.2266111247241497 0.4322753518819809 0.023010655865073205
v 0.2266111247241497 0.4341798521578312 -0.03824469428509474
v 0.22407223656773567 0.4348142497241497 0.024280104786157608
v 0.22280278280377389 0.4348142497241497 -0.03824469428509474
v 0.2215333290398121 0.4341798521578312 0.02412085644900799
v 0.0895020790398121 0.6423826575279236 0.03507075477391482
v 0.09013648629188538 0.6487305462360382 0.03284905571490526
v -0.09204096719622612 0.6474610924720764 0.032531856931746005
v -0.056494416669011116 0.5763673424720764 0.03618160672485828
v -0.04982931949198246 0.5166992962360383 0.0077363059390336275
v -0.11679686531424523 0.03300765752792358 0.19677776023745538
v -0.11679686531424523 0.03300765752792358 0.19677776023745538
v -0.22534167096018792 0.4424316018819809 -0.03935554381459951
v -0.22534167096018792 0.4240236021578312 -0.039514143206179145
v -0.2304201252758503 0.4322753518819809 -0.03998994380235672
v -0.2189944215118885 0.44370104596018795 -0.03919694442301989
v -0.22534167096018792 0.4424316018819809 -0.03935554381459951
v -0.2304201252758503 0.4322753518819809 -0.03998994380235672
v -0.22534167096018792 0.4417972043156624 0.026183956116437913
v -0.12885761559009554 0.5839847043156624 -0.032531844824552535
v 0.1669430784881115 0.5268555462360383 0.03031015545129776
v -0.22534167096018792 0.3897458516061306 -0.04062499515712261
v 0.09013648629188538 0.6487305462360382 0.03284905571490526
v -0.09204096719622612 0.6487305462360382 0.028882104717195035
v -0.09204096719622612 0.6474610924720764 0.032531856931746005
v 0.09013648629188538 0.6487305462360382 0.03284905571490526
v 0.09013648629188538 0.65 0.029834354855120183
v -0.09204096719622612 0.6487305462360382 0.028882104717195035
v 0.21772498711943628 0.20566389784216882 -0.021344043780118227
v -0.033960217610001564 0.5370117962360382 0.140918055921793
v 0.05712883360683918 0.3948243010789156 0.20820346400141718
v 0.05649443119764328 0.39450710229575636 0.151074305921793
v 0.05712883360683918 0.1345701575279236 0.20820346400141718
v -0.16694305911660196 0.5700194537639618 -0.0007760940672596917
v -0.1656736247241497 0.6042972043156624 -0.0012895940779344528
v -0.2189944215118885 0.4240236021578312 -0.039672745019197465
v -0.2189944215118885 0.4240236021578312 -0.039672745019197465
v -0.22407221719622614 0.42338854596018793 0.025708155520260335
v -0.22534167096018792 0.4240236021578312 -0.039514143206179145
v -0.14726561531424523 0.5408201575279236 0.13710970431566238
v 0.1669430784881115 0.48623054623603823 0.1790041483938694
v 0.14599618092179298 0.5395507037639619 0.13647465780377388
v -0.11616181880235672 0.3333310500252992 0.1498048521578312
v 0.11743193119764328 0.59921875 -0.032373243011534214
v 0.12124028280377389 0.6017576575279237 -0.034912143275141715
v 0.12885763496160507 0.5852541580796242 -0.03538794387131929
v -0.2189944215118885 0.34991449993103746 -0.021581944078207016
v -0.2189944215118885 0.3502317011356354 0.007696656091138721
v -0.21137705966830253 0.35118394885212184 0.008331705629825593
v 0.17709998711943628 0.057129158079624175 -0.2107423521578312
v -0.1783694215118885 0.05839859247207642 -0.2107423521578312
v -0.16821251288056374 0.05585970431566239 -0.19423819407820703
v 0.17709998711943628 0.057129158079624175 -0.2107423521578312
v 0.1656736247241497 0.05585970431566239 -0.19296874031424524
v 0.2278805784881115 0.057129158079624175 -0.16059549003839493
v 0.17709998711943628 0.057129158079624175 -0.2107423521578312
v 0.17836944088339807 0.03427709192037583 -0.2107423521578312
v -0.1783694215118885 0.05839859247207642 -0.2107423521578312
v 0.17709998711943628 0.057129158079624175 -0.2107423521578312
v -0.16821251288056374 0.05585970431566239 -0.19423819407820703
v 0.1656736247241497 0.05585970431566239 -0.19296874031424524
v 0.22534169033169746 0.3878420002758503 0.022692805714905263
v 0.2215333290398121 0.3878420002758503 0.022692805714905263
v -0.1656736247241497 0.5268555462360383 -0.03665739521384239
v 0.1599607825279236 0.6030270919203758 -0.03538794387131929
v 0.16313473656773567 0.56875 -0.03602299522608519
v 0.1669430784881115 0.5700194537639618 -0.0010484440790605731
v -0.1783694215118885 0.05839859247207642 -0.2107423521578312
v -0.2101076252758503 0.054589591920375824 -0.14790034219622614
v -0.16821251288056374 0.05585970431566239 -0.19423819407820703
v -0.1783694215118885 0.05839859247207642 -0.2107423521578312
v -0.033166566863656044 0.5420895919203759 0.1479003518819809
v 0.12885763496160507 0.5852541580796242 -0.03538794387131929
v 0.16313473656773567 0.56875 -0.03602299522608519
v 0.08505868092179299 0.1333007037639618 0.20820346400141718
v 0.08505868092179299 0.39450710229575636 0.20820346400141718
v 0.08442363440990448 0.39450710229575636 0.151074305921793
v 0.08505868092179299 0.1333007037639618 0.20820346400141718
v 0.08442363440990448 0.39450710229575636 0.151074305921793
v 0.08442363440990448 0.1345701575279236 0.1504392594099045
v -0.10854511559009553 0.1510742962360382 0.2094728983938694
v -0.10727501288056374 0.37546405121684073 0.2094728983938694
v -0.13710936531424522 0.1434569537639618 0.2094728983938694
v 0.1263180784881115 0.5700194537639618 -0.03427709434181452
v 0.12758818119764329 0.56875 -0.03618159461766481
v 0.125683680921793 0.5268555462360383 -0.034594944491982464
v -0.1656736247241497 0.4208496481180191 -0.19296874031424524
v 0.1656736247241497 0.05585970431566239 -0.19296874031424524
v -0.16821251288056374 0.05585970431566239 -0.19423819407820703
v -0.1656736247241497 0.4208496481180191 -0.19296874031424524
v 0.1669430784881115 0.4195802040398121 -0.19296874031424524
v 0.1656736247241497 0.05585970431566239 -0.19296874031424524
v 0.2012208290398121 0.34388445047661664 -0.027453392930328845
v 0.2113770790398121 0.34816925041377544 -0.028722844272851943
v -0.10727501288056374 0.37546405121684073 0.2094728983938694
v -0.1542479209601879 0.6220701575279236 0.0038083558436483146
v -0.08950206935405731 0.6182617962360383 -0.037133844755589965
v -0.09140592068433762 0.6449222043156624 -0.036975242942571644
v 0.08696318119764328 0.6182617962360383 -0.03618159461766481
v -0.08950206935405731 0.6182617962360383 -0.037133844755589965
v -0.08950206935405731 0.6182617962360383 0.03475355599075556
v -0.09140592068433762 0.6449222043156624 -0.036975242942571644
v -0.08950206935405731 0.6182617962360383 -0.037133844755589965
v 0.08696318119764328 0.6182617962360383 -0.03618159461766481
v 0.08696318119764328 0.6157229080796242 -0.03411849495023489
v -0.08950206935405731 0.6182617962360383 -0.037133844755589965
v 0.08696318119764328 0.6157229080796242 -0.03411849495023489
v -0.08950206935405731 0.6157229080796242 -0.03443569373339415
v -0.09204096719622612 0.6487305462360382 0.028882104717195035
v 0.09013648629188538 0.65 0.029834354855120183
v -0.09140592068433762 0.65 -0.029516495019197463
v -0.09204096719622612 0.6487305462360382 0.028882104717195035
v -0.008371017081663013 0.1333007037639618 0.20820346400141718
v -0.009997317055240275 0.3941892497241497 0.151074305921793
v -0.008212417084723712 0.1333007037639618 0.1517093524336815
v -0.008371017081663013 0.1333007037639618 0.20820346400141718
v 0.00018818278913386167 0.1345701575279236 0.20820346400141718
v -0.008926117373630405 0.39450710229575636 0.20820346400141718
v -0.008371017081663013 0.1333007037639618 0.20820346400141718
v -0.008926117373630405 0.39450710229575636 0.20820346400141718
v -0.009997317055240275 0.3941892497241497 0.151074305921793
v 0.2304201252758503 0.43164029568433765 0.025866754911839963
v -0.11616181880235672 0.3333310500252992 0.1498048521578312
v 0.11425798684358597 0.33400575001724064 0.1504392594099045
v 0.11489238440990449 0.33388679986819625 0.20820346400141718
v -0.051733165979385376 0.5497069537639618 0.007260505948215723
v 0.22280278280377389 0.391015300527215 0.025390956737101077
v 0.2012208290398121 0.2170896016061306 0.024597305990755557
v 0.2012208290398121 0.2170896016061306 0.024597305990755557
v 0.2012208290398121 0.2234375 0.026660405658185483
v 0.2012208290398121 0.2228024534881115 -0.03998994380235672
v 0.2012208290398121 0.2170896016061306 0.024597305990755557
v 0.2012208290398121 0.2228024534881115 -0.03998994380235672
v -0.2266111247241497 0.03427709192037583 0.1447264075279236
v -0.2164548747241497 0.03427709192037583 -0.15043924003839493
v -0.21518542096018792 0.03427709192037583 0.1352052040398121
v -0.2266111247241497 0.03427709192037583 0.1447264075279236
v -0.22788055911660196 0.057129158079624175 0.1447264075279236
v -0.22788055911660196 0.03300765752792358 -0.16059549003839493
v -0.2266111247241497 0.03427709192037583 0.1447264075279236
v 0.11489238440990449 0.2139162965118885 0.1504392594099045
v 0.11489238440990449 0.2145507037639618 0.2094728983938694
v -0.11616181880235672 0.2145507037639618 0.151074305921793
v 0.2012208290398121 0.2107423521578312 0.008093155780807137
v 0.2101076252758503 0.2050295002758503 0.00876785577274859
v 0.1656736247241497 0.05585970431566239 -0.19296874031424524
v -0.10727501288056374 0.37546405121684073 0.2094728983938694
v 0.10664063468575478 0.14853540807962418 0.1504392594099045
v -0.10283226370811463 0.13964859247207642 0.1504392594099045
v -0.0971194215118885 0.13710970431566238 0.151074305921793
v 0.10664063468575478 0.37482899986207485 0.1504392594099045
v 0.10664063468575478 0.14853540807962418 0.1504392594099045
v 0.10727568119764329 0.1510742962360382 0.2094728983938694
v 0.10664063468575478 0.37482899986207485 0.1504392594099045
v 0.2101076252758503 0.4189451478421688 0.13203125968575477
v 0.16440419033169748 0.4189451478421688 0.17773471400141716
v 0.2101076252758503 0.05585970431566239 0.1333007037639618
v 0.2101076252758503 0.4189451478421688 -0.14790034219622614
v 0.2101076252758503 0.32980025007855146 -0.03872049488127232
v -0.1783694215118885 0.05839859247207642 -0.2107423521578312
v -0.1783694215118885 0.03300765752792358 -0.2107423521578312
v -0.2266111247241497 0.057129158079624175 -0.1586916483938694
v -0.1783694215118885 0.05839859247207642 -0.2107423521578312
v 0.17836944088339807 0.03427709192037583 -0.2107423521578312
v -0.1783694215118885 0.03300765752792358 -0.2107423521578312
v -0.22407221719622614 0.3881591990590096 0.022851405106484892
v -0.22280276343226432 0.38879425041377547 -0.036975242942571644
v -0.22534167096018792 0.3881591990590096 -0.036975242942571644
v -0.22534167096018792 0.3881591990590096 -0.036975242942571644
v -0.22407221719622614 0.3881591990590096 0.022851405106484892
v -0.22280276343226432 0.38879425041377547 -0.036975242942571644
v -0.1783694215118885 0.03300765752792358 -0.2107423521578312
v -0.22788055911660196 0.03300765752792358 -0.16059549003839493
v -0.2266111247241497 0.057129158079624175 -0.1586916483938694
v 0.13393543064594268 0.3821291483938694 0.18408196344971658
v 0.1313965328037739 0.1409180462360382 0.18281250968575477
v 0.16440419033169748 0.4189451478421688 0.17773471400141716
v 0.1669430784881115 0.5700194537639618 0.03046875484287739
v -0.11171842068433761 0.4068850465118885 0.18408196344971658
v 0.11044898629188538 0.4075194537639618 0.18408196344971658
v -0.16313471719622613 0.4189451478421688 0.1802736021578312
v 0.2215333290398121 0.38879425041377547 -0.03665739521384239
v 0.1669430784881115 0.5700194537639618 -0.03269044421613217
v 0.16440419033169748 0.6055666580796242 -0.03189679346978665
v 0.08823263496160508 0.6474610924720764 -0.0005849940876942128
v 0.02634288240224123 0.1028319537639618 0.1853513978421688
v 0.08696318119764328 0.6182617962360383 -0.03618159461766481
v -0.22788055911660196 0.057129158079624175 0.1447264075279236
v 0.2101076252758503 0.34229715019464496 0.01618630550801754
v 0.2101076252758503 0.33587059983983636 -0.036340194009244445
v 0.2101076252758503 0.34285289943218233 -0.028564244881272318
v 0.08823263496160508 0.6449222043156624 -0.035546543262898925
v 0.08823263496160508 0.6474610924720764 -0.0005849940876942128
v -0.051733165979385376 0.5497069537639618 0.007260505948215723
v 0.11044898629188538 0.4075194537639618 0.18408196344971658
v -0.1656736247241497 0.56875 -0.03586439341306687
v 0.1656736247241497 0.05585970431566239 -0.19296874031424524
v 0.1669430784881115 0.4195802040398121 -0.19296874031424524
v 0.2101076252758503 0.05585970431566239 -0.14853473976254464
v 0.00018818278913386167 0.1345701575279236 0.20820346400141718
v 0.00047613278729841113 0.3938720509409905 0.2069333516061306
v -0.008926117373630405 0.39450710229575636 0.20820346400141718
v 0.00018818278913386167 0.1345701575279236 0.20820346400141718
v 0.0014478827710263432 0.1333007037639618 0.151074305921793
v 0.00047613278729841113 0.3938720509409905 0.2069333516061306
v -0.05903331935405731 0.5839847043156624 0.03618160672485828
v 0.05744603238999844 0.1345701575279236 0.1504392594099045
v 0.05712883360683918 0.1345701575279236 0.20820346400141718
v 0.05649443119764328 0.39450710229575636 0.151074305921793
v -0.2101076252758503 0.4449704997241497 0.1333007037639618
v -0.21137705966830253 0.48623054623603823 0.1339357599616051
v -0.2101076252758503 0.48623054623603823 -0.14790034219622614
v -0.21772430911660196 0.2189941018819809 -0.035546543262898925
v -0.2101076252758503 0.2126462034881115 -0.028405643068253994
v 0.03142068292945623 0.53828125 0.140918055921793
v -0.21137705966830253 0.48623054623603823 0.1339357599616051
v -0.1656736247241497 0.5395507037639619 -0.13012674003839494
v -0.2101076252758503 0.48623054623603823 -0.14790034219622614
v 0.2101076252758503 0.05585970431566239 0.1333007037639618
v 0.2101076252758503 0.05585970431566239 -0.14853473976254464
v 0.2101076252758503 0.4189451478421688 -0.14790034219622614
v 0.2101076252758503 0.05585970431566239 -0.14853473976254464
v 0.03586408346891403 0.4843260459601879 0.14409200996160507
v -0.03808576799929142 0.5141604080796242 0.11298820376396179
v -0.11616181880235672 0.2151857502758503 0.20820346400141718
v -0.11552742123603821 0.22216804623603822 0.20820346400141718
v -0.11679686531424523 0.22216804623603822 0.151074305921793
v -0.11616181880235672 0.2145507037639618 0.151074305921793
v -0.11616181880235672 0.2145507037639618 0.151074305921793
v -0.11679686531424523 0.22216804623603822 0.151074305921793
v 0.11489238440990449 0.2234375 0.1504392594099045
v 0.05713728442788124 0.22017254829406738 0.17951115891337396
v 0.11489238440990449 0.22216804623603822 0.20820346400141718
v 0.11489238440990449 0.2145507037639618 0.2094728983938694
v 0.05713728442788124 0.22017254829406738 0.17951115891337396
v 0.11489238440990449 0.2139162965118885 0.1504392594099045
v 0.00018818278913386167 0.1345701575279236 0.20820346400141718
v -0.008371017081663013 0.1333007037639618 0.20820346400141718
v -0.008212417084723712 0.1333007037639618 0.1517093524336815
v 0.0014478827710263432 0.1333007037639618 0.151074305921793
v 0.0014478827710263432 0.1333007037639618 0.151074305921793
v -0.008212417084723712 0.1333007037639618 0.1517093524336815
v -0.009860167372971773 0.2897147493436933 0.17427151426672935
v -0.008212417084723712 0.1333007037639618 0.1517093524336815
v -0.009997317055240275 0.3941892497241497 0.151074305921793
v -0.009860167372971773 0.2897147493436933 0.17427151426672935
v -0.009997317055240275 0.3941892497241497 0.151074305921793
v -0.008926117373630405 0.39450710229575636 0.20820346400141718
v -0.009860167372971773 0.2897147493436933 0.17427151426672935
v 0.00047613278729841113 0.3938720509409905 0.2069333516061306
v 0.00047613278729841113 0.3938720509409905 0.2069333516061306
v 0.0014478827710263432 0.1333007037639618 0.151074305921793
v -0.009860167372971773 0.2897147493436933 0.17427151426672935
v 0.03253153245896101 0.39450710229575636 0.151074305921793
v 0.03396023213863373 0.3948243010789156 0.20820346400141718
v 0.042847033217549325 0.3948243010789156 0.20820346400141718
v 0.04379863440990448 0.1345701575279236 0.2069333516061306
v 0.03586408346891403 0.1345701575279236 0.20820346400141718
v 0.03443603273481131 0.1345701575279236 0.1504392594099045
v 0.04157693050801754 0.39450710229575636 0.1504392594099045
v 0.03443603273481131 0.1345701575279236 0.1504392594099045
v 0.04157693050801754 0.39450710229575636 0.1504392594099045
v 0.04157693050801754 0.39450710229575636 0.1504392594099045
v 0.03443603273481131 0.1345701575279236 0.1504392594099045
v 0.03253153245896101 0.39450710229575636 0.151074305921793
v 0.08505868092179299 0.39450710229575636 0.20820346400141718
v 0.09394548684358597 0.3941892497241497 0.20820346400141718
v 0.09394548684358597 0.39450710229575636 0.1504392594099045
v 0.08442363440990448 0.1345701575279236 0.1504392594099045
v 0.09394548684358597 0.1333007037639618 0.20820346400141718
v 0.08505868092179299 0.1333007037639618 0.20820346400141718
v 0.08442363440990448 0.1345701575279236 0.1504392594099045
v 0.09394548684358597 0.39450710229575636 0.1504392594099045
v 0.09394548684358597 0.1345701575279236 0.1498048521578312
v 0.08442363440990448 0.1345701575279236 0.1504392594099045
v 0.09394548684358597 0.39450710229575636 0.1504392594099045
v 0.09394548684358597 0.1345701575279236 0.1498048521578312
v 0.12197478264570237 0.028603893518447877 0.19067815616726877
v 0.12197478264570237 0.028603893518447877 0.19067815616726877
v 0.12885763496160507 0.03300765752792358 0.18789096400141717
v -0.11552742123603821 0.2716798521578312 0.20820346400141718
v -0.11679686531424523 0.2799316018819809 0.20820346400141718
v -0.11679686531424523 0.27961439825594425 0.151074305921793
v -0.11552742123603821 0.2716798521578312 0.20820346400141718
v -0.11679686531424523 0.27961439825594425 0.151074305921793
v 0.11489238440990449 0.2802488006651402 0.151074305921793
v -0.11552742123603821 0.2716798521578312 0.20820346400141718
v 0.11552743092179299 0.2799316018819809 0.2094728983938694
v 0.11489238440990449 0.2716798521578312 0.20820346400141718
v 0.11489238440990449 0.2710448008030653 0.151074305921793
v -0.11552742123603821 0.2716798521578312 0.20820346400141718
v 0.11552743092179299 0.2799316018819809 0.2094728983938694
v -0.0005112171922519338 0.2752470478415489 0.179950562864542
v 0.11552743092179299 0.2799316018819809 0.2094728983938694
v 0.11489238440990449 0.2710448008030653 0.151074305921793
v -0.0005112171922519338 0.2752470478415489 0.179950562864542
v 0.11489238440990449 0.2710448008030653 0.151074305921793
v -0.11679686531424523 0.27072760201990603 0.1517093524336815
v -0.0005112171922519338 0.2752470478415489 0.179950562864542
v -0.11679686531424523 0.27072760201990603 0.1517093524336815
v -0.11552742123603821 0.2716798521578312 0.20820346400141718
v -0.0005112171922519338 0.2752470478415489 0.179950562864542
v -0.1477414183318615 0.5268555462360383 -0.0018050440703518689
v -0.16694305911660196 0.5268555462360383 -0.03427709434181452
v -0.1477414183318615 0.5268555462360383 -0.0018050440703518689
v -0.12758751288056375 0.5268555462360383 0.03062735665589571
v -0.021899467334151268 0.1333007037639618 0.20820346400141718
v -0.03189711794257164 0.1345701575279236 0.20820346400141718
v -0.035705467127263545 0.1333007037639618 0.1517093524336815
v -0.032372916117310524 0.3941892497241497 0.20820346400141718
v -0.022851717472076417 0.3941892497241497 0.2069333516061306
v -0.022693118080496788 0.39450710229575636 0.151074305921793
v -0.035705467127263545 0.1333007037639618 0.1517093524336815
v -0.022693118080496788 0.39450710229575636 0.151074305921793
v -0.022693118080496788 0.1333007037639618 0.1517093524336815
v -0.035705467127263545 0.1333007037639618 0.1517093524336815
v -0.022693118080496788 0.39450710229575636 0.151074305921793
v -0.022693118080496788 0.1333007037639618 0.1517093524336815
v -0.0893987126648426 0.6299273580312729 -0.004338744143024087
v -0.0893987126648426 0.6299273580312729 -0.004338744143024087
v -0.0893987126648426 0.6299273580312729 -0.004338744143024087
v -0.0893987126648426 0.6299273580312729 -0.004338744143024087
v -0.11616181880235672 0.3333310500252992 0.1498048521578312
v -0.11616181880235672 0.33396610016934575 0.2094728983938694
v -0.11679686531424523 0.34348729941993955 0.20820346400141718
v -0.11679686531424523 0.34348729941993955 0.151074305921793
v 0.11489238440990449 0.34372584987431765 0.1504392594099045
v 0.11489238440990449 0.3427735997363925 0.2094728983938694
v 0.11489238440990449 0.33388679986819625 0.20820346400141718
v -0.11616181880235672 0.3333310500252992 0.1498048521578312
v -0.11679686531424523 0.34348729941993955 0.151074305921793
v 0.11489238440990449 0.34372584987431765 0.1504392594099045
v 0.11489238440990449 0.34372584987431765 0.1504392594099045
v 0.11425798684358597 0.33400575001724064 0.1504392594099045
v 0.12255523055791856 0.029457344114780428 -0.20170215293765067
v 0.12255523055791856 0.029457344114780428 -0.20170215293765067
v -0.08378921747207642 0.1345701575279236 0.20820346400141718
v -0.09331042096018792 0.13583959192037584 0.20820346400141718
v -0.09331042096018792 0.1345701575279236 0.151074305921793
v -0.08378921747207642 0.13583959192037584 0.1504392594099045
v -0.08378921747207642 0.13583959192037584 0.1504392594099045
v -0.09267601370811462 0.3948243010789156 0.1504392594099045
v -0.09267601370811462 0.3938720509409905 0.20820346400141718
v -0.08442361503839493 0.3941892497241497 0.20820346400141718
v -0.08315417096018791 0.39450710229575636 0.1504392594099045
v -0.09267601370811462 0.3948243010789156 0.1504392594099045
v -0.13393542096018793 0.38371580094099045 0.18408196344971658
v -0.13330101370811462 0.1421875 0.18408196344971658
v 0.013260332215577365 0.27816750146448616 0.18409951403737068
v -0.13330101370811462 0.1421875 0.18408196344971658
v -0.11108401343226433 0.12187500000000001 0.18408196344971658
v 0.013260332215577365 0.27816750146448616 0.18409951403737068
v -0.11108401343226433 0.12187500000000001 0.18408196344971658
v 0.10791007876396179 0.12060554623603821 0.18281250968575477
v 0.013260332215577365 0.27816750146448616 0.18409951403737068
v 0.10791007876396179 0.12060554623603821 0.18281250968575477
v 0.1313965328037739 0.1409180462360382 0.18281250968575477
v 0.013260332215577365 0.27816750146448616 0.18409951403737068
v 0.013260332215577365 0.27816750146448616 0.18409951403737068
v 0.013260332215577365 0.27816750146448616 0.18409951403737068
v -0.11171842068433761 0.4068850465118885 0.18408196344971658
v -0.11171842068433761 0.4068850465118885 0.18408196344971658
v -0.13393542096018793 0.38371580094099045 0.18408196344971658
v 0.013260332215577365 0.27816750146448616 0.18409951403737068
v 0.14656948074698448 0.56995899528265 -0.0015671440749429166
v 0.12695313468575478 0.5700194537639618 -0.032531844824552535
v 0.14656948074698448 0.56995899528265 -0.0015671440749429166
v 0.1669430784881115 0.5700194537639618 -0.03269044421613217
v 0.0854207344353199 0.6280052974820137 -0.0008176940813427791
v 0.08442363440990448 0.6144527956843376 -0.03189679346978665
v 0.08505868092179299 0.6157229080796242 -0.0005550940870307386
v 0.0854207344353199 0.6280052974820137 -0.0008176940813427791
v 0.08442363440990448 0.6157229080796242 0.03046875484287739
v 0.0854207344353199 0.6280052974820137 -0.0008176940813427791
v 0.08823263496160508 0.6461916580796242 0.033801305852830414
v 0.0854207344353199 0.6280052974820137 -0.0008176940813427791
v -0.14802416488528253 0.5697406008839607 -0.0014000940798723604
v -0.16694305911660196 0.5700194537639618 -0.0007760940672596917
v -0.16821251288056374 0.5700194537639618 -0.032531844824552535
v -0.14802416488528253 0.5697406008839607 -0.0014000940798723604
v -0.16440417096018792 0.5700194537639618 -0.035546543262898925
v -0.13139651343226433 0.5700194537639618 -0.035546543262898925
v -0.12885761559009554 0.5700194537639618 -0.03269044421613217
v -0.12885761559009554 0.5700194537639618 -0.0011849440779769793
v 0.03078628294169903 0.5078125 0.17138680592179298
v -0.0013887171866372229 0.5233800068497658 0.15647125691175462
v -0.0013887171866372229 0.5233800068497658 0.15647125691175462
v 0.05712883360683918 0.3948243010789156 0.20820346400141718
v 0.06538058333098888 0.3948243010789156 0.20820346400141718
v 0.06601563468575478 0.3948243010789156 0.1504392594099045
v 0.06569843105971813 0.1333007037639618 0.1498048521578312
v 0.06569843105971813 0.1333007037639618 0.20820346400141718
v 0.05712883360683918 0.1345701575279236 0.20820346400141718
v 0.06601563468575478 0.3948243010789156 0.1504392594099045
v 0.06569843105971813 0.1333007037639618 0.1498048521578312
v 0.05649443119764328 0.39450710229575636 0.151074305921793
v 0.06601563468575478 0.3948243010789156 0.1504392594099045
v 0.05744603238999844 0.1345701575279236 0.1504392594099045
v 0.05649443119764328 0.39450710229575636 0.151074305921793
v 0.0021043827757239344 0.08284315168857574 0.18976101204752924
v -0.00991801735945046 0.06855484247207642 0.18916039839386942
v 0.0021043827757239344 0.08284315168857574 0.18976101204752924
v -0.023168916255235674 0.06347640752792359 0.1853513978421688
v 0.0017455827677622438 0.08315449059009553 0.1853513978421688
v 0.0017455827677622438 0.08315449059009553 0.1853513978421688
v -0.022216666117310525 0.1028319537639618 0.1853513978421688
v -0.2189944215118885 0.44370104596018795 -0.03919694442301989
v -0.2189944215118885 0.44370104596018795 0.025708155520260335
v -0.21900416538119316 0.4336936466395855 -0.006780794123187661
v -0.2189944215118885 0.4240236021578312 -0.039672745019197465
v -0.2189944215118885 0.44370104596018795 -0.03919694442301989
v -0.21900416538119316 0.4336936466395855 -0.006780794123187661
v 0.21962428614497184 0.4329103983938694 -0.00682369414716959
v 0.21962428614497184 0.4329103983938694 -0.00682369414716959
v 0.21899444088339806 0.42275414839386943 -0.039672745019197465
v 0.2202638752758503 0.42275414839386943 0.026025356724858284
v -0.06284166611731053 0.3948243010789156 0.151074305921793
v -0.06252446733415128 0.3948243010789156 0.20820346400141718
v -0.05363766625523567 0.39450710229575636 0.20820346400141718
v -0.05236821733415127 0.1333007037639618 0.20820346400141718
v -0.06252446733415128 0.1345701575279236 0.20820346400141718
v -0.06220726855099201 0.1345701575279236 0.1517093524336815
v -0.06220726855099201 0.1345701575279236 0.1517093524336815
v -0.06284166611731053 0.3948243010789156 0.151074305921793
v -0.051733165979385376 0.1345701575279236 0.1517093524336815
v -0.06220726855099201 0.1345701575279236 0.1517093524336815
v -0.05363766625523567 0.39450710229575636 0.1504392594099045
v -0.051733165979385376 0.1345701575279236 0.1517093524336815
v -0.12234657034277917 0.028321146965026855 0.19172466322779655
v -0.12234657034277917 0.028321146965026855 0.19172466322779655
v 0.14647848308086395 0.5278149589896203 -0.0019480440998449922
v 0.125683680921793 0.5268555462360383 0.029992956668138504
v 0.14647848308086395 0.5278149589896203 -0.0019480440998449922
v -0.12226336970925332 0.030612409114837646 -0.197936699539423
v -0.12226336970925332 0.030612409114837646 -0.197936699539423
v 0.02237528245896101 0.1333007037639618 0.20820346400141718
v 0.014917182270437479 0.1345701575279236 0.20820346400141718
v 0.014917182270437479 0.1333007037639618 0.1517093524336815
v 0.012457582913339139 0.39450710229575636 0.151074305921793
v 0.013091982901096344 0.3948243010789156 0.20820346400141718
v 0.020471433550119402 0.39450710229575636 0.20820346400141718
v 0.014917182270437479 0.1333007037639618 0.1517093524336815
v 0.012457582913339139 0.39450710229575636 0.151074305921793
v 0.020947231724858285 0.1333007037639618 0.151074305921793
v 0.014917182270437479 0.1333007037639618 0.1517093524336815
v 0.019439882505685093 0.39450710229575636 0.151074305921793
v 0.020947231724858285 0.1333007037639618 0.151074305921793
vt 0.5552150011062622 0.2863669991493225
vt 0.6542189717292786 0.30855101346969604
vt 0.5552150011062622 0.3079819679260254
vt 0.8899170160293579 0.00016099214553833008
vt 0.9906870126724243 0.00016099214553833008
vt 0.9902049899101257 0.022005021572113037
vt 0.720458984375 0.9671850204467773
vt 0.7197750210762024 0.9650800228118896
vt 0.7223010063171387 0.9670209884643555
vt 0.7160729765892029 0.9846410155296326
vt 0.369827002286911 0.8373630046844482
vt 0.4674519896507263 0.8282480239868164
vt 0.46338599920272827 0.8373630046844482
vt 0.7179690003395081 0.967864990234375
vt 0.7170969843864441 0.9661920070648193
vt 0.38079598546028137 0.8461589813232422
vt 0.5860999822616577 0.12200802564620972
vt 0.5655480027198792 0.1542069911956787
vt 0.5195059776306152 0.12357401847839355
vt 0.008519000373780727 0.6388919949531555
vt 0.0005830000154674053 0.627515971660614
vt 0.010220999829471111 0.6245530247688293
vt 0.009680000133812428 0.6401069760322571
vt 0.008258000016212463 0.6451529860496521
vt 0.5800520181655884 0.14154601097106934
vt 0.15623199939727783 0.9585130214691162
vt 0.084818996489048 0.9528409838676453
vt 0.1556369960308075 0.9557110071182251
vt 0.387470006942749 0.9519410133361816
vt 0.4513559937477112 0.9311829805374146
vt 0.45232799649238586 0.9482460021972656
vt 0.9605079889297485 0.8611050248146057
vt 0.9605079889297485 0.8849899768829346
vt 0.8697190284729004 0.8849899768829346
vt 0.7467520236968994 0.06608402729034424
vt 0.8321149945259094 0.07205301523208618
vt 0.7366510033607483 0.14348798990249634
vt 0.1763949990272522 0.9533950090408325
vt 0.1767130047082901 0.9557999968528748
vt 0.3569529950618744 0.9922389984130859
vt 0.3553889989852905 0.9902240037918091
vt 0.36804598569869995 0.9778450131416321
vt 0.9715059995651245 0.7699639797210693
vt 0.9891989827156067 0.7828180193901062
vt 0.9729880094528198 0.7841929793357849
vt 0.38093501329421997 0.979058027267456
vt 0.39285600185394287 0.5970770120620728
vt 0.3648639917373657 0.6816509962081909
vt 0.3887540102005005 0.5991680026054382
vt 0.43943899869918823 0.6114429831504822
vt 0.36721500754356384 0.6856110095977783
vt 0.18367899954319 0.8125860095024109
vt 0.16140900552272797 0.8125860095024109
vt 0.18367899954319 0.7128549814224243
vt 0.610837996006012 0.780754029750824
vt 0.5055390000343323 0.780754029750824
vt 0.5055350065231323 0.7774320244789124
vt 0.17819899320602417 0.5271859765052795
vt 0.17819899320602417 0.6269710063934326
vt 0.17494900524616241 0.5277760028839111
vt 0.10699599981307983 0.02726799249649048
vt 0.11065900325775146 0.026947021484375
vt 0.10849499702453613 0.1251940131187439
vt 0.7434729933738708 0.9992600083351135
vt 0.7435489892959595 0.9983919858932495
vt 0.7442730069160461 0.9991819858551025
vt 0.7494270205497742 0.9962239861488342
vt 0.7484099864959717 0.9973130226135254
vt 0.7480159997940063 0.9961479902267456
vt 0.3288179934024811 0.00595700740814209
vt 0.230880007147789 0.00595700740814209
vt 0.232232004404068 0.0005919933319091797
vt 0.4412429928779602 0.8862919807434082
vt 0.5379779934883118 0.8862919807434082
vt 0.4403589963912964 0.8930529952049255
vt 0.7491869926452637 0.995386004447937
vt 0.8614090085029602 0.8888919949531555
vt 0.861644983291626 0.8915870189666748
vt 0.7725059986114502 0.8915290236473083
vt 0.8696529865264893 0.8857060074806213
vt 0.9585450291633606 0.8857060074806213
vt 0.8691629767417908 0.9077450037002563
vt 0.8452190160751343 0.030691027641296387
vt 0.7573000192642212 0.030691027641296387
vt 0.7573980093002319 0.0277479887008667
vt 0.6767119765281677 0.1596130132675171
vt 0.7042639851570129 0.13563001155853271
vt 0.7233459949493408 0.1437399983406067
vt 0.5643349885940552 0.9584050178527832
vt 0.5634139776229858 0.9075700044631958
vt 0.5944300293922424 0.9075700044631958
vt 0.4320699870586395 0.9516410231590271
vt 0.4320699870586395 0.9793409705162048
vt 0.3852260112762451 0.9531570076942444
vt 0.6585410237312317 0.14553797245025635
vt 0.9666410088539124 0.9894319772720337
vt 0.9690489768981934 0.9768580198287964
vt 0.9724100232124329 0.990414023399353
vt 0.5948669910430908 0.9585840106010437
vt 0.4771049916744232 0.019409000873565674
vt 0.5608199834823608 0.016843974590301514
vt 0.5608199834823608 0.023458003997802734
vt 0.8384529948234558 0.7005940079689026
vt 0.8379080295562744 0.6943600177764893
vt 0.8583139777183533 0.6992530226707458
vt 0.6941099762916565 0.9997979998588562
vt 0.6741520166397095 0.9997979998588562
vt 0.6927629709243774 0.9956679940223694
vt 0.604453980922699 0.8984619975090027
vt 0.6015939712524414 0.9025459885597229
vt 0.5083919763565063 0.9019960165023804
vt 0.5481250286102295 0.8747649788856506
vt 0.6443189978599548 0.8747649788856506
vt 0.5488590002059937 0.8819100260734558
vt 0.005623999983072281 0.8975650072097778
vt 0.005623999983072281 0.843995988368988
vt 0.015534999780356884 0.8447800278663635
vt 0.8101209998130798 0.3097659945487976
vt 0.8062440156936646 0.310310959815979
vt 0.8068339824676514 0.29917001724243164
vt 0.8112279772758484 0.29643702507019043
vt 0.8211650252342224 0.3487119674682617
vt 0.8163809776306152 0.3500499725341797
vt 0.814972996711731 0.3087010383605957
vt 0.12712299823760986 0.689096987247467
vt 0.12712299823760986 0.6445069909095764
vt 0.12974600493907928 0.7014309763908386
vt 0.11714000254869461 0.6888260245323181
vt 0.21575400233268738 0.5094689726829529
vt 0.2663300037384033 0.5409280061721802
vt 0.23171399533748627 0.5411030054092407
vt 0.2536329925060272 0.4988299608230591
vt 0.5142890214920044 0.10317397117614746
vt 0.5118420124053955 0.11491900682449341
vt 0.493245005607605 0.1106259822845459
vt 0.4956510066986084 0.09220898151397705
vt 0.5117490291595459 0.09769797325134277
vt 0.5952590107917786 0.11965101957321167
vt 0.4959830045700073 0.0987589955329895
vt 0.14163999259471893 0.33095699548721313
vt 0.14163999259471893 0.231764018535614
vt 0.15206199884414673 0.237667977809906
vt 0.5669659972190857 1.6987323760986328e-05
vt 0.5711709856987 0.011569976806640625
vt 0.4691320061683655 0.0034109950065612793
vt 0.09458000212907791 0.3179119825363159
vt 0.09458000212907791 0.4105510115623474
vt 0.08627600222826004 0.3319929838180542
vt 0.2648429870605469 0.33593201637268066
vt 0.3258189857006073 0.3311780095100403
vt 0.33686500787734985 0.39381998777389526
vt 0.2597239911556244 0.3958039879798889
vt 0.2189909964799881 0.3322319984436035
vt 0.7535560131072998 0.224822998046875
vt 0.7627450227737427 0.2543169856071472
vt 0.7429720163345337 0.2224310040473938
vt 0.7329919934272766 0.1940460205078125
vt 0.7833089828491211 0.20173197984695435
vt 0.8059579730033875 0.23099499940872192
vt 0.8912990093231201 0.04596602916717529
vt 0.8842660188674927 0.0507739782333374
vt 0.882669985294342 0.046823978424072266
vt 0.07505100220441818 0.2751120328903198
vt 0.07935299724340439 0.3682129979133606
vt 0.07505100220441818 0.3676609992980957
vt 0.9761469960212708 0.05421501398086548
vt 0.8911889791488647 0.05012202262878418
vt 0.06926199793815613 0.3668360114097595
vt 0.5663020014762878 0.3401409983634949
vt 0.5612710118293762 0.3351709842681885
vt 0.6678100228309631 0.30579298734664917
vt 0.563476026058197 0.35489100217819214
vt 0.02356399968266487 0.06245100498199463
vt 0.017419999465346336 0.06158798933029175
vt 0.02463899925351143 0.060302019119262695
vt 0.02033199928700924 0.08085799217224121
vt 0.7191550135612488 0.9643620252609253
vt 0.7213540077209473 0.9646130204200745
vt 0.7160660028457642 0.9653850197792053
vt 0.7969210147857666 0.9623330235481262
vt 0.811381995677948 0.954787015914917
vt 0.8088399767875671 0.965304970741272
vt 0.7942969799041748 0.972681999206543
vt 0.8254039883613586 0.9517220258712769
vt 0.8517990112304688 0.9523829817771912
vt 0.8517990112304688 0.9835169911384583
vt 0.006816999986767769 0.15000903606414795
vt 0.00687299994751811 0.14845699071884155
vt 0.015651000663638115 0.14814996719360352
vt 0.016575999557971954 0.1550309658050537
vt 0.00698699988424778 0.5587120056152344
vt 0.017808999866247177 0.5602179765701294
vt 0.01028599962592125 0.5644260048866272
vt 0.00021499999274965376 0.14941799640655518
vt 0.5543169975280762 0.9993829727172852
vt 0.5543169975280762 0.9955790042877197
vt 0.5771690011024475 0.9977980256080627
vt 0.9612740278244019 0.6458680033683777
vt 0.9841520190238953 0.6452130079269409
vt 0.9614289999008179 0.6476410031318665
vt 0.95489102602005 0.6451900005340576
vt 0.9582629799842834 0.643543004989624
vt 0.43550199270248413 0.8107730150222778
vt 0.5408210158348083 0.8107730150222778
vt 0.5404099822044373 0.8189499974250793
vt 0.769212007522583 0.6147369742393494
vt 0.742451012134552 0.5641909837722778
vt 0.7823460102081299 0.5743150115013123
vt 0.742887020111084 0.6664909720420837
vt 0.728181004524231 0.5964409708976746
vt 0.839031994342804 0.6388739943504333
vt 0.8330309987068176 0.699051022529602
vt 0.5256180167198181 0.5874729752540588
vt 0.51487797498703 0.5225290060043335
vt 0.5850809812545776 0.5357869863510132
vt 0.5906260013580322 0.5706700086593628
vt 0.5153849720954895 0.5891759991645813
vt 0.2970829904079437 0.8174340128898621
vt 0.28848499059677124 0.8144279718399048
vt 0.2947390079498291 0.8111339807510376
vt 0.9666789770126343 0.8669340014457703
vt 0.9645090103149414 0.8663529753684998
vt 0.9676740169525146 0.8633769750595093
vt 0.758188009262085 0.1428700089454651
vt 0.7547580003738403 0.13118499517440796
vt 0.7646530270576477 0.13701403141021729
vt 0.9697059988975525 0.8671830296516418
vt 0.9695720076560974 0.8693770170211792
vt 0.7663549780845642 0.14277303218841553
vt 0.15647000074386597 0.5234540104866028
vt 0.14427800476551056 0.5997650027275085
vt 0.1397780030965805 0.5978819727897644
vt 0.9059000015258789 0.18443900346755981
vt 0.899836003780365 0.18525803089141846
vt 0.9127230048179626 0.17229300737380981
vt 0.15031400322914124 0.6009780168533325
vt 0.7083989977836609 0.6855790019035339
vt 0.701645016670227 0.6875389814376831
vt 0.6818249821662903 0.6213539838790894
vt 0.8843200206756592 0.2654249668121338
vt 0.9153130054473877 0.1814349889755249
vt 0.36667299270629883 0.2617499828338623
vt 0.37364500761032104 0.26336002349853516
vt 0.3612459897994995 0.2858259677886963
vt 0.35199201107025146 0.6789680123329163
vt 0.23894000053405762 0.7611050009727478
vt 0.2473510056734085 0.669625997543335
vt 0.4510380029678345 0.8746659755706787
vt 0.5474510192871094 0.8746659755706787
vt 0.5441190004348755 0.8810009956359863
vt 0.7583720088005066 0.914152979850769
vt 0.7583720088005066 0.8888700008392334
vt 0.8471699953079224 0.9133309721946716
vt 0.43509501218795776 0.19451600313186646
vt 0.958066999912262 0.4889880418777466
vt 0.8837469816207886 0.4349919557571411
vt 0.9456400275230408 0.34980297088623047
vt 0.09722500294446945 0.9806050062179565
vt 0.054336000233888626 0.9661880135536194
vt 0.06099100038409233 0.9457079768180847
vt 0.027241000905632973 0.598380982875824
vt 0.028568999841809273 0.6059139966964722
vt 0.023462999612092972 0.5981130003929138
vt 0.10371799767017365 0.9606590270996094
vt 0.032719001173973083 0.9528210163116455
vt 0.05130999907851219 0.9833250045776367
vt 0.032719001173973083 0.9834979772567749
vt 0.03088800050318241 0.9835370182991028
vt 0.030525999143719673 0.9532139897346497
vt 0.05112500116229057 0.952892005443573
vt 0.17458799481391907 0.4155750274658203
vt 0.166470006108284 0.41339999437332153
vt 0.16866600513458252 0.3159109950065613
vt 0.032687000930309296 0.9512720108032227
vt 0.7095980048179626 0.1328449845314026
vt 0.7443439960479736 0.0752599835395813
vt 0.7273330092430115 0.14002299308776855
vt 0.7009350061416626 0.0899839997291565
vt 0.018498999997973442 0.5615760087966919
vt 0.010964999906718731 0.5657709836959839
vt 0.02144699916243553 0.14371001720428467
vt 0.014972000382840633 0.14675498008728027
vt 0.023510999977588654 0.5563110113143921
vt 0.5785009860992432 0.7921109795570374
vt 0.6839680075645447 0.7921109795570374
vt 0.5831789970397949 0.7978129982948303
vt 0.36348098516464233 0.7880380153656006
vt 0.36348098516464233 0.7966470122337341
vt 0.25818198919296265 0.7966470122337341
vt 0.21562199294567108 0.31615298986434937
vt 0.3209019899368286 0.30732202529907227
vt 0.32047900557518005 0.31615298986434937
vt 0.25931599736213684 0.8398129940032959
vt 0.276623010635376 0.8358179926872253
vt 0.27985700964927673 0.898360013961792
vt 0.3171679973602295 0.321897029876709
vt 0.2389650046825409 0.8467509746551514
vt 0.8704310059547424 0.13787996768951416
vt 0.6558099985122681 0.06275302171707153
vt 0.6242910027503967 0.06275302171707153
vt 0.6249920129776001 0.06168097257614136
vt 0.2878339886665344 0.810778021812439
vt 0.19662000238895416 0.8137270212173462
vt 0.18668100237846375 0.9584850072860718
vt 0.18654100596904755 0.9688310027122498
vt 0.16565999388694763 0.9688310027122498
vt 0.1920890063047409 0.9822970032691956
vt 0.1920890063047409 0.9476979970932007
vt 0.208747997879982 0.9823949933052063
vt 0.165802001953125 0.9583380222320557
vt 0.01997699961066246 0.3610450029373169
vt 0.012922000139951706 0.3547250032424927
vt 0.019651999697089195 0.354714035987854
vt 0.015142999589443207 0.3621079921722412
vt 0.019964000210165977 0.3668559789657593
vt 0.014599000103771687 0.36720097064971924
vt 0.011946000158786774 0.3829970359802246
vt 0.01196799986064434 0.38626301288604736
vt 0.004693999886512756 0.3887979984283447
vt 0.0210999995470047 0.3836359977722168
vt 0.8869190216064453 0.05510997772216797
vt 0.8795379996299744 0.059827983379364014
vt 0.8919429779052734 0.05426299571990967
vt 0.10286200046539307 0.4736180305480957
vt 0.09972599893808365 0.4644849896430969
vt 0.10558599978685379 0.466467022895813
vt 0.10217899829149246 0.47836899757385254
vt 0.09693200141191483 0.47343504428863525
vt 0.015309000387787819 0.13856196403503418
vt 0.012662000022828579 0.13312697410583496
vt 0.01874000020325184 0.12720900774002075
vt 0.02144099958240986 0.14296197891235352
vt 0.14762499928474426 0.1629599928855896
vt 0.1448879987001419 0.16569697856903076
vt 0.12018600106239319 0.13551998138427734
vt 0.1498969942331314 0.14425897598266602
vt 0.15425600111484528 0.1473270058631897
vt 0.16968800127506256 0.1685979962348938
vt 0.17548799514770508 0.2831289768218994
vt 0.15217100083827972 0.23551297187805176
vt 0.17838099598884583 0.26737499237060547
vt 0.0521089993417263 0.9541440010070801
vt 0.05522499978542328 0.9143720269203186
vt 0.06930200010538101 0.9101150035858154
vt 0.19080699980258942 0.2775999903678894
vt 0.15556100010871887 0.3347640037536621
vt 0.05139100179076195 0.9053260087966919
vt 0.5727260112762451 0.16975098848342896
vt 0.5524449944496155 0.19623500108718872
vt 0.26289600133895874 0.6039329767227173
vt 0.33993199467658997 0.6105980277061462
vt 0.2852550148963928 0.6607620120048523
vt 0.26371699571609497 0.5684900283813477
vt 0.2340490072965622 0.6714469790458679
vt 0.2207929939031601 0.5709229707717896
vt 0.21472300589084625 0.6145449876785278
vt 0.4594390094280243 0.9316840171813965
vt 0.5206829905509949 0.9520559906959534
vt 0.4634630084037781 0.9357079863548279
vt 0.3811129927635193 0.2646549940109253
vt 0.3684149980545044 0.2874729633331299
vt 0.09982199966907501 0.41238099336624146
vt 0.09982199966907501 0.3226320147514343
vt 0.1032010018825531 0.32884299755096436
vt 0.3251909911632538 0.9618330001831055
vt 0.31259000301361084 0.9777460098266602
vt 0.3063879907131195 0.9690510034561157
vt 0.8294939994812012 0.9643170237541199
vt 0.818166971206665 0.9467849731445312
vt 0.34154900908470154 0.9746599793434143
vt 0.3329080045223236 0.9809340238571167
vt 0.0016609999584034085 0.5171679854393005
vt 0.016982000321149826 0.5101820230484009
vt 0.01865600049495697 0.5187900066375732
vt 0.8200430274009705 0.9825549721717834
vt 0.8123390078544617 0.9753890037536621
vt 0.3223229944705963 0.982122004032135
vt 0.3117609918117523 0.9649869799613953
vt 0.2816399931907654 0.9793649911880493
vt 0.2783209979534149 0.9622910022735596
vt 0.011866999790072441 0.5034430027008057
vt 0.283937007188797 0.9455029964447021
vt 0.45406800508499146 0.05903500318527222
vt 0.5590440034866333 0.05903500318527222
vt 0.45405399799346924 0.06237602233886719
vt 0.7960420250892639 0.7472860217094421
vt 0.7992950081825256 0.7241399884223938
vt 0.8991730213165283 0.7635179758071899
vt 0.028078999370336533 0.2614610195159912
vt 0.028078999370336533 0.3361630439758301
vt 0.025321999564766884 0.33652400970458984
vt 0.33035901188850403 0.2687839865684509
vt 0.29516300559043884 0.27131497859954834
vt 0.31602299213409424 0.20891296863555908
vt 0.37437498569488525 0.7603089809417725
vt 0.4075759947299957 0.7210590243339539
vt 0.437824010848999 0.7513070106506348
vt 0.3748520016670227 0.7033669948577881
vt 0.9849259853363037 0.876600980758667
vt 0.9934120178222656 0.9369789958000183
vt 0.9377210140228271 0.8953959941864014
vt 0.8912249803543091 0.5666760206222534
vt 0.8720589876174927 0.517458975315094
vt 0.9158499836921692 0.5311989784240723
vt 0.45010900497436523 0.4437530040740967
vt 0.5098509788513184 0.3956170082092285
vt 0.5160940289497375 0.4651930332183838
vt 0.9170860052108765 0.29247599840164185
vt 0.9170860052108765 0.18717700242996216
vt 0.9403449892997742 0.18712103366851807
vt 0.7432460188865662 0.9941409826278687
vt 0.7454599738121033 0.9941509962081909
vt 0.7469429969787598 0.9964320063591003
vt 0.8403760194778442 0.34115302562713623
vt 0.819819986820221 0.3050999641418457
vt 0.8241770267486572 0.3031569719314575
vt 0.8448740243911743 0.33856201171875
vt 0.7453619837760925 0.9967910051345825
vt 0.7425550222396851 0.9957960247993469
vt 0.8264250159263611 0.34825599193573
vt 0.06770899891853333 0.7036600112915039
vt 0.061615001410245895 0.6340019702911377
vt 0.0703750029206276 0.6227880120277405
vt 0.9605720043182373 0.5707579851150513
vt 0.9535199999809265 0.6513670086860657
vt 0.9502589702606201 0.546114981174469
vt 0.19258999824523926 0.9449610114097595
vt 0.19258999824523926 0.8777089715003967
vt 0.21295200288295746 0.9367920160293579
vt 0.18637299537658691 0.9792140126228333
vt 0.1654919981956482 0.9790700078010559
vt 0.5824980139732361 0.4721519947052002
vt 0.676950991153717 0.5319120287895203
vt 0.5767800211906433 0.47383296489715576
vt 0.669858992099762 0.8047930002212524
vt 0.6789349913597107 0.8026390075683594
vt 0.6765879988670349 0.8080009818077087
vt 0.40408599376678467 0.5680699944496155
vt 0.4358290135860443 0.45732200145721436
vt 0.43852800130844116 0.4612770080566406
vt 0.5851039886474609 0.44944798946380615
vt 0.6689180135726929 0.8107050061225891
vt 0.5825269818305969 0.8111950159072876
vt 0.012594000436365604 0.5913259983062744
vt 0.013477999716997147 0.6069219708442688
vt 0.009717999957501888 0.6012489795684814
vt 0.011533999815583229 0.5891770124435425
vt 0.5164459943771362 0.7167840003967285
vt 0.5583040118217468 0.7131270170211792
vt 0.5583040118217468 0.7512919902801514
vt 0.5172169804573059 0.6751070022583008
vt 0.5159040093421936 0.7516030073165894
vt 0.48743900656700134 0.6138589978218079
vt 0.3923110067844391 0.5958899855613708
vt 0.3944160044193268 0.5831440091133118
vt 0.38082998991012573 0.803056001663208
vt 0.3848400115966797 0.8140720129013062
vt 0.2796440124511719 0.8093860149383545
vt 0.13001799583435059 0.43630099296569824
vt 0.15406399965286255 0.5289390087127686
vt 0.12591500580310822 0.44972002506256104
vt 0.0739469975233078 0.7151089906692505
vt 0.0739469975233078 0.7977370023727417
vt 0.053509000688791275 0.7198280096054077
vt 0.026624999940395355 0.5811449885368347
vt 0.02122499980032444 0.5609909892082214
vt 0.028145000338554382 0.5563870072364807
vt 0.4172790050506592 0.8198779821395874
vt 0.5157189965248108 0.8198779821395874
vt 0.5135220289230347 0.8345299959182739
vt 0.027682000771164894 0.5555840134620667
vt 0.009216999635100365 0.5421680212020874
vt 0.02806299924850464 0.5381190180778503
vt 0.23372800648212433 0.990559995174408
vt 0.23805400729179382 0.9914209842681885
vt 0.23391899466514587 0.9908660054206848
vt 0.22177599370479584 0.9953089952468872
vt 0.22166800498962402 0.9940609931945801
vt 0.22406500577926636 0.9943190217018127
vt 0.23080900311470032 0.9911289811134338
vt 0.23123100399971008 0.9927039742469788
vt 0.22977200150489807 0.9911180138587952
vt 0.23905499279499054 0.9960269927978516
vt 0.24877800047397614 0.994691014289856
vt 0.24878400564193726 0.9960269927978516
vt 0.22475099563598633 0.991985023021698
vt 0.22607499361038208 0.9918749928474426
vt 0.22666600346565247 0.9938300251960754
vt 0.23905399441719055 0.9974049925804138
vt 0.2390419989824295 0.9949520230293274
vt 0.22528499364852905 0.9935259819030762
vt 0.36288198828697205 0.5723770260810852
vt 0.3627220094203949 0.5932289958000183
vt 0.35781699419021606 0.5766850113868713
vt 0.36924201250076294 0.5583339929580688
vt 0.37432700395584106 0.5696370005607605
vt 0.35663801431655884 0.5609809756278992
vt 0.367792010307312 0.5914149880409241
vt 0.8572800159454346 0.4160969853401184
vt 0.8494939804077148 0.4131380319595337
vt 0.8494939804077148 0.3128800392150879
vt 0.22133499383926392 0.76630699634552
vt 0.2091509997844696 0.7695720195770264
vt 0.21104000508785248 0.6651890277862549
vt 0.22460199892520905 0.7666720151901245
vt 0.8887509703636169 0.3103519678115845
vt 0.889244019985199 0.41571903228759766
vt 0.6683580279350281 0.993162989616394
vt 0.6647419929504395 0.9991629719734192
vt 0.6648150086402893 0.9930390119552612
vt 0.6710360050201416 0.9808970093727112
vt 0.6735420227050781 0.9914169907569885
vt 0.6649029850959778 0.9830989837646484
vt 0.6686559915542603 0.9997860193252563
vt 0.17121200263500214 0.5407770276069641
vt 0.17121200263500214 0.6405839920043945
vt 0.16783100366592407 0.5410289764404297
vt 0.7241799831390381 0.8597599864006042
vt 0.7241799831390381 0.8379729986190796
vt 0.8234270215034485 0.8597599864006042
vt 0.397801011800766 0.8155609965324402
vt 0.29739901423454285 0.8155609965324402
vt 0.29690998792648315 0.8116430044174194
vt 0.016262000426650047 0.2608410120010376
vt 0.014568000100553036 0.26072096824645996
vt 0.01742600090801716 0.25616300106048584
vt 0.01580600067973137 0.2650339603424072
vt 0.25906699895858765 0.9923509955406189
vt 0.24944399297237396 0.9918619990348816
vt 0.25883299112319946 0.9910209774971008
vt 0.391508013010025 0.8841639757156372
vt 0.38153401017189026 0.8807889819145203
vt 0.38216298818588257 0.8766540288925171
vt 0.39226099848747253 0.8802130222320557
vt 0.24952800571918488 0.9928929805755615
vt 0.2594040036201477 0.9933019876480103
vt 0.38936200737953186 0.8885849714279175
vt 0.16689500212669373 0.4158650040626526
vt 0.16973599791526794 0.41536402702331543
vt 0.1667879968881607 0.5151150226593018
vt 0.7261989712715149 0.05583399534225464
vt 0.6214079856872559 0.05583399534225464
vt 0.621533989906311 0.032831013202667236
vt 0.19950300455093384 0.6658620238304138
vt 0.19950300455093384 0.564365029335022
vt 0.22064800560474396 0.6617100238800049
vt 0.16321800649166107 0.3295400142669678
vt 0.16321800649166107 0.4273940324783325
vt 0.15768800675868988 0.4291509985923767
vt 0.7475870251655579 0.9983630180358887
vt 0.7463560104370117 0.998924970626831
vt 0.987097978591919 0.17399799823760986
vt 0.987097978591919 0.0742340087890625
vt 0.9932550191879272 0.17463302612304688
vt 0.3559800088405609 0.0005189776420593262
vt 0.3549189865589142 0.006533980369567871
vt 0.25812599062919617 0.000661015510559082
vt 0.11293300241231918 0.98471999168396
vt 0.11293300241231918 0.956840991973877
vt 0.1525530070066452 0.9801880121231079
vt 0.15558099746704102 0.9828220009803772
vt 0.3173629939556122 0.9933310151100159
vt 0.3029409945011139 0.9853019714355469
vt 0.9162160158157349 0.18776100873947144
vt 0.9162160158157349 0.292976975440979
vt 0.9099799990653992 0.18410098552703857
vt 0.022458000108599663 0.2632479667663574
vt 0.019355999305844307 0.25787603855133057
vt 0.021050000563263893 0.18763399124145508
vt 0.0416250005364418 0.9473819732666016
vt 0.04864700138568878 0.9222850203514099
vt 0.050808001309633255 0.9479799866676331
vt 0.01764100044965744 0.22453200817108154
vt 0.01764100044965744 0.14856600761413574
vt 0.022158000618219376 0.14574497938156128
vt 0.04003499820828438 0.9219070076942444
vt 0.032481998205184937 0.9472039937973022
vt 0.14161500334739685 0.6114519834518433
vt 0.1527249962091446 0.6168630123138428
vt 0.14645500481128693 0.6144710183143616
vt 0.6916700005531311 0.9806740283966064
vt 0.6910459995269775 0.9802529811859131
vt 0.6981909871101379 0.9710059762001038
vt 0.6835209727287292 0.9927549958229065
vt 0.6588559746742249 0.8932620286941528
vt 0.5656819939613342 0.8857690095901489
vt 0.5667930245399475 0.8852069973945618
vt 0.5617120265960693 0.8856909871101379
vt 0.5613719820976257 0.8925589919090271
vt 0.46498799324035645 0.8925589919090271
vt 0.4939210116863251 0.08541500568389893
vt 0.496847003698349 0.07883799076080322
vt 0.5141050219535828 0.0905829668045044
vt 0.5623030066490173 0.8976640105247498
vt 0.5624759793281555 0.8908200263977051
vt 0.08639399707317352 0.4574270248413086
vt 0.08868499845266342 0.3647400140762329
vt 0.09144099801778793 0.45319199562072754
vt 0.845192015171051 0.36770904064178467
vt 0.8459360003471375 0.376213014125824
vt 0.7446690201759338 0.3705199956893921
vt 0.7434960007667542 0.3090360164642334
vt 0.5684670209884644 0.00012499094009399414
vt 0.6723380088806152 0.00012499094009399414
vt 0.5959749817848206 0.04723101854324341
vt 0.9637330174446106 0.8084440231323242
vt 0.9637330174446106 0.7044020295143127
vt 0.9743019938468933 0.8081589937210083
vt 0.8409299850463867 0.817736029624939
vt 0.9438160061836243 0.8087339997291565
vt 0.9449650049209595 0.8189740180969238
vt 0.7498080134391785 0.9987760186195374
vt 0.7506449818611145 0.9966229796409607
vt 0.7568849921226501 0.9988939762115479
vt 0.3404409885406494 0.5656369924545288
vt 0.027730999514460564 0.9508770108222961
vt 0.02770400047302246 0.9527119994163513
vt 0.024449000135064125 0.9511119723320007
vt 0.0295609999448061 0.9511770009994507
vt 0.02453099936246872 0.9482409954071045
vt 0.9486299753189087 0.9688119888305664
vt 0.9626629948616028 0.975059986114502
vt 0.9477019906044006 0.9700599908828735
vt 0.9630690217018127 0.9738960266113281
vt 0.9453870058059692 0.9559869766235352
vt 0.9674599766731262 0.9614260196685791
vt 0.1809529960155487 0.5341640114784241
vt 0.1876399964094162 0.4514150023460388
vt 0.18653999269008636 0.5338039994239807
vt 0.18325400352478027 0.5412039756774902
vt 0.17887400090694427 0.5434949994087219
vt 0.5740650296211243 0.47008299827575684
vt 0.46259599924087524 0.46241098642349243
vt 0.07974699884653091 0.4107849597930908
vt 0.0845159962773323 0.5006840229034424
vt 0.07974699884653091 0.49975699186325073
vt 0.8783739805221558 0.9837939739227295
vt 0.15685099363327026 0.6403589844703674
vt 0.16798299551010132 0.7367140054702759
vt 0.15759100019931793 0.7404969930648804
vt 0.31126800179481506 0.9933040142059326
vt 0.28067201375961304 0.9933040142059326
vt 0.31123098731040955 0.9910789728164673
vt 0.16166499257087708 0.42893898487091064
vt 0.16625499725341797 0.5215129852294922
vt 0.15960800647735596 0.5217829942703247
vt 0.1672939956188202 0.6442409753799438
vt 0.6552969813346863 0.7515460252761841
vt 0.6198319792747498 0.7520909905433655
vt 0.6519799828529358 0.7186189889907837
vt 0.8847180008888245 0.1547260284423828
vt 0.8975399732589722 0.167106032371521
vt 0.8919669985771179 0.17532801628112793
vt 0.9791889786720276 0.5452079772949219
vt 0.9841189980506897 0.639277994632721
vt 0.9516649842262268 0.5395179986953735
vt 0.8589950203895569 0.5446789860725403
vt 0.8840780258178711 0.5508180260658264
vt 0.8616489768028259 0.5519700050354004
vt 0.9848589897155762 0.5375480055809021
vt 0.016282999888062477 0.4826650023460388
vt 0.020044999197125435 0.4931949973106384
vt 0.01871499978005886 0.49363696575164795
vt 0.02843400090932846 0.4736599922180176
vt 0.015401000156998634 0.482388973236084
vt 0.8312559723854065 0.29940903186798096
vt 0.8487809896469116 0.3364869952201843
vt 0.7471150159835815 0.9941620230674744
vt 0.44732901453971863 0.9075559973716736
vt 0.4523240029811859 0.9261969923973083
vt 0.37991800904273987 0.925432026386261
vt 0.389847993850708 0.5128329992294312
vt 0.3646180033683777 0.5115479826927185
vt 0.3891479969024658 0.43079501390457153
vt 0.24956999719142914 0.9955909848213196
vt 0.2593719959259033 0.996491014957428
vt 0.2498220056295395 0.996412992477417
vt 0.259333997964859 0.9949740171432495
vt 0.7663540244102478 0.999180018901825
vt 0.767985999584198 0.9964020252227783
vt 0.767890989780426 0.9995920062065125
vt 0.7655280232429504 0.9991689920425415
vt 0.7669190168380737 0.9965829849243164
vt 0.24941200017929077 0.993939995765686
vt 0.7204340100288391 0.41891199350357056
vt 0.7435460090637207 0.42324697971343994
vt 0.7273470163345337 0.5151169896125793
vt 0.09822200238704681 0.21578502655029297
vt 0.09822200238704681 0.30713701248168945
vt 0.07709299772977829 0.30182600021362305
vt 0.08556000143289566 0.41065895557403564
vt 0.08556000143289566 0.5042030215263367
vt 0.08219800144433975 0.4109170436859131
vt 0.854358971118927 0.06460201740264893
vt 0.8415219783782959 0.11919701099395752
vt 0.8342329859733582 0.06934601068496704
vt 0.8578299880027771 0.10841000080108643
vt 0.26566699147224426 0.23940300941467285
vt 0.24966299533843994 0.28545600175857544
vt 0.2870520055294037 0.30612999200820923
vt 0.9005420207977295 0.4943159818649292
vt 0.392657995223999 0.8499320149421692
vt 0.4396370053291321 0.8489519953727722
vt 0.43849700689315796 0.8610060214996338
vt 0.45215699076652527 0.8456349968910217
vt 0.3939340114593506 0.8599920272827148
vt 0.7157629728317261 0.9684630036354065
vt 0.7150279879570007 0.9667530059814453
vt 0.5530710220336914 0.9525610208511353
vt 0.5417199730873108 0.9411240220069885
vt 0.5551159977912903 0.9514250159263611
vt 0.5398240089416504 0.941631019115448
vt 0.543271005153656 0.9642530083656311
vt 0.35095199942588806 0.5660660266876221
vt 0.3473919928073883 0.5827199816703796
vt 0.19410300254821777 0.7120190262794495
vt 0.18226000666618347 0.712336003780365
vt 0.1929820030927658 0.6694300174713135
vt 0.317095011472702 0.5510709881782532
vt 0.3414379954338074 0.5721660256385803
vt 0.20133599638938904 0.6680099964141846
vt 0.014475000090897083 0.017341971397399902
vt 0.039094001054763794 0.011891007423400879
vt 0.02303300052881241 0.026847004890441895
vt 0.004987000022083521 0.025713980197906494
vt 0.3697090148925781 0.06366997957229614
vt 0.4244450032711029 0.10052400827407837
vt 0.40142300724983215 0.13261103630065918
vt 0.07069800049066544 0.6155229806900024
vt 0.07413800060749054 0.6131139993667603
vt 0.08227299898862839 0.6304979920387268
vt 0.5803260207176208 0.022367000579833984
vt 0.08295399695634842 0.5352450013160706
vt 0.7123029828071594 0.9954649806022644
vt 0.6955429911613464 0.9999560117721558
vt 0.6937419772148132 0.9945020079612732
vt 0.028689999133348465 0.9448300004005432
vt 0.006202000193297863 0.9525600075721741
vt 0.007922000251710415 0.9422810077667236
vt 0.029924999922513962 0.9344459772109985
vt 0.016186000779271126 0.847985029220581
vt 0.03741699829697609 0.8634709715843201
vt 0.005582999903708696 0.9072859883308411
vt 0.04347800090909004 0.36375099420547485
vt 0.04921700060367584 0.3597320318222046
vt 0.047853998839855194 0.4251539707183838
vt 0.5938670039176941 0.9831690192222595
vt 0.5325819849967957 0.9831690192222595
vt 0.536861002445221 0.9775360226631165
vt 0.3413330018520355 0.39970695972442627
vt 0.35067299008369446 0.399960994720459
vt 0.3374660015106201 0.42626500129699707
vt 0.33586499094963074 0.3301750421524048
vt 0.3436889946460724 0.3301370143890381
vt 0.6399959921836853 0.9654060006141663
vt 0.6975359916687012 0.9654060006141663
vt 0.6401839852333069 0.9827049970626831
vt 0.473349004983902 0.9969660043716431
vt 0.4520919919013977 0.9969660043716431
vt 0.45237699151039124 0.995980978012085
vt 0.18199500441551208 0.22088998556137085
vt 0.16958899796009064 0.23028498888015747
vt 0.16056600213050842 0.21760600805282593
vt 0.4595459997653961 0.8987470269203186
vt 0.5560709834098816 0.8987470269203186
vt 0.4600130021572113 0.9032689929008484
vt 0.11490499973297119 0.1507279872894287
vt 0.10747499763965607 0.15203797817230225
vt 0.11519499868154526 0.05299997329711914
vt 0.18234999477863312 0.23475700616836548
vt 0.18081800639629364 0.1978989839553833
vt 0.5993890166282654 0.09179997444152832
vt 0.5961509943008423 0.11483699083328247
vt 0.49532100558280945 0.07659900188446045
vt 0.5053600072860718 0.5188490152359009
vt 0.5140039920806885 0.4769049882888794
vt 0.5262349843978882 0.4786100387573242
vt 0.965802013874054 0.8605980277061462
vt 0.9676200151443481 0.860962986946106
vt 0.9654960036277771 0.8629530072212219
vt 0.10924199968576431 0.6439290046691895
vt 0.10919199883937836 0.6898109912872314
vt 0.0972289964556694 0.6902940273284912
vt 0.963998019695282 0.8632969856262207
vt 0.9643309712409973 0.860759973526001
vt 0.09926000237464905 0.6428620219230652
vt 0.1171879991889 0.644993007183075
vt 0.7367780208587646 0.03333097696304321
vt 0.7367780208587646 0.05634099245071411
vt 0.631987988948822 0.03389400243759155
vt 0.45814698934555054 0.05362802743911743
vt 0.5630109906196594 0.05362802743911743
vt 0.458283007144928 0.05720299482345581
vt 0.7342429757118225 0.8390219807624817
vt 0.8334929943084717 0.8390219807624817
vt 0.8335149884223938 0.8420860171318054
vt 0.26681798696517944 0.45528602600097656
vt 0.2612070143222809 0.43272697925567627
vt 0.32498300075531006 0.46185898780822754
vt 0.31146401166915894 0.5045909881591797
vt 0.21403999626636505 0.4525209665298462
vt 0.21625900268554688 0.42902499437332153
vt 0.2519649863243103 0.49759000539779663
vt 0.8153570294380188 0.12976199388504028
vt 0.8443059921264648 0.12987101078033447
vt 0.7377949953079224 0.979574978351593
vt 0.7239720225334167 0.9614499807357788
vt 0.739441990852356 0.978039026260376
vt 0.7435340285301208 0.9836969971656799
vt 0.3523299992084503 0.6826490163803101
vt 0.27268001437187195 0.7488080263137817
vt 0.266635000705719 0.7429699897766113
vt 0.013767999596893787 0.38902997970581055
vt 0.014201000332832336 0.3879660367965698
vt 0.01575399935245514 0.3892170190811157
vt 0.00964600034058094 0.38865000009536743
vt 0.9012830257415771 0.31616300344467163
vt 0.9631760120391846 0.230974018573761
vt 0.9667270183563232 0.3634840250015259
vt 0.03695100173354149 0.20216703414916992
vt 0.05070599913597107 0.20216703414916992
vt 0.0489250011742115 0.2814599871635437
vt 0.1569730043411255 0.6180739998817444
vt 0.15541699528694153 0.6051560044288635
vt 0.09375900030136108 0.783840000629425
vt 0.09375900030136108 0.6912230253219604
vt 0.10926400125026703 0.6935629844665527
vt 0.8760319948196411 0.057438015937805176
vt 0.3581849932670593 0.16229599714279175
vt 0.34732699394226074 0.1939380168914795
vt 0.3143540024757385 0.19616800546646118
vt 0.4433859884738922 0.6870020031929016
vt 0.4625970125198364 0.7073879837989807
vt 0.34708601236343384 0.15974301099777222
vt 0.46811598539352417 0.7008979916572571
vt 0.44604799151420593 0.6747739911079407
vt 0.35377201437950134 0.15487003326416016
vt 0.0679669976234436 0.24468398094177246
vt 0.053442999720573425 0.22394198179244995
vt 0.06728599965572357 0.16085803508758545
vt 0.8746979832649231 0.0328180193901062
vt 0.9762750267982483 0.0328180193901062
vt 0.8715839982032776 0.03821498155593872
vt 0.8563719987869263 0.6874849796295166
vt 0.8581439852714539 0.6929910182952881
vt 0.8387119770050049 0.6887149810791016
vt 0.2016250044107437 0.12157702445983887
vt 0.22149300575256348 0.2034040093421936
vt 0.20203499495983124 0.21973097324371338
vt 0.4984950125217438 0.7994239926338196
vt 0.39319300651550293 0.7994239926338196
vt 0.47408100962638855 0.7894930243492126
vt 0.19714699685573578 0.2235109806060791
vt 0.2785179913043976 0.9002919793128967
vt 0.2245440036058426 0.939507007598877
vt 0.21770299971103668 0.9176790118217468
vt 0.8511679768562317 0.588575005531311
vt 0.20907899737358093 0.9477980136871338
vt 0.22604599595069885 0.9832289814949036
vt 0.006446000188589096 0.12941503524780273
vt 0.010209999978542328 0.13140499591827393
vt 0.0012290000449866056 0.12655997276306152
vt 0.6868389844894409 0.7968050241470337
vt 0.7885299921035767 0.7951899766921997
vt 0.7904210090637207 0.805912971496582
vt 0.11344999819993973 0.16077899932861328
vt 0.14526399970054626 0.18480098247528076
vt 0.10874299705028534 0.17823100090026855
vt 0.6905940175056458 0.8173789978027344
vt 0.6841390132904053 0.7825999855995178
vt 0.7461889982223511 0.4612410068511963
vt 0.7440500259399414 0.39735299348831177
vt 0.8492590188980103 0.4575769901275635
vt 0.9536169767379761 0.6540849804878235
vt 0.9852399826049805 0.6568520069122314
vt 0.9532989859580994 0.6571210026741028
vt 0.9848780035972595 0.6541439890861511
vt 0.7043610215187073 0.6490049958229065
vt 0.9757099747657776 0.4228520393371582
vt 0.9866570234298706 0.42478203773498535
vt 0.9602149724960327 0.5117689967155457
vt 0.9544010162353516 0.41809600591659546
vt 0.9705299735069275 0.40712201595306396
vt 0.9568139910697937 0.4252150058746338
vt 0.20793800055980682 0.9173309803009033
vt 0.1901479959487915 0.8669689893722534
vt 0.24187900125980377 0.9057819843292236
vt 0.3509489893913269 0.6081809997558594
vt 0.35194000601768494 0.597307026386261
vt 0.35966500639915466 0.6049479842185974
vt 0.027264999225735664 0.5083820223808289
vt 0.02856599912047386 0.51698899269104
vt 0.34844401478767395 0.9848039746284485
vt 0.6582720279693604 0.999629020690918
vt 0.6571469902992249 0.9927809834480286
vt 0.4581579864025116 0.9534549713134766
vt 0.5268589854240417 0.9594039916992188
vt 0.5222020149230957 0.9774460196495056
vt 0.46457698941230774 0.9620059728622437
vt 0.07154799997806549 0.7985720038414001
vt 0.089028000831604 0.8001009821891785
vt 0.0705690011382103 0.858659029006958
vt 0.9841960072517395 0.033949971199035645
vt 0.984870970249176 0.03777897357940674
vt 0.8841469883918762 0.03859400749206543
vt 0.30963999032974243 0.7858189940452576
vt 0.20576299726963043 0.8039759993553162
vt 0.2058580070734024 0.7858189940452576
vt 0.2052219957113266 0.7703310251235962
vt 0.7421489953994751 0.9754390120506287
vt 0.4843530058860779 0.9708099961280823
vt 0.4885450005531311 0.9767969846725464
vt 0.4328649938106537 0.9745110273361206
vt 0.3661719858646393 0.299235999584198
vt 0.3788850009441376 0.37021899223327637
vt 0.3634459972381592 0.2970470190048218
vt 0.3752489984035492 0.28861796855926514
vt 0.09986899793148041 0.9064750075340271
vt 0.16053499281406403 0.934598982334137
vt 0.15214000642299652 0.9532359838485718
vt 0.901934027671814 0.14423000812530518
vt 0.8914790153503418 0.11725401878356934
vt 0.9246929883956909 0.07724297046661377
vt 0.9184330105781555 0.1696549654006958
vt 0.8898630142211914 0.1418200135231018
vt 0.3585900068283081 0.9518929719924927
vt 0.31184300780296326 0.9361330270767212
vt 0.3026289939880371 0.8838750123977661
vt 0.35356399416923523 0.8844190239906311
vt 0.7220699787139893 0.1632159948348999
vt 0.7821369767189026 0.1602109670639038
vt 0.011168000288307667 0.25781798362731934
vt 0.01372000016272068 0.26479899883270264
vt 0.025165999308228493 0.5800939798355103
vt 0.019682999700307846 0.575160026550293
vt 0.022266000509262085 0.5698950290679932
vt 0.01005799975246191 0.26602500677108765
vt 0.004927000030875206 0.25690197944641113
vt 0.017525000497698784 0.5799000263214111
vt 0.46559301018714905 0.45005595684051514
vt 0.4720250070095062 0.4527510404586792
vt 0.451088011264801 0.45290303230285645
vt 0.9855679869651794 0.7615349888801575
vt 0.9920849800109863 0.7543129920959473
vt 0.9932739734649658 0.7631970047950745
vt 0.9873020052909851 0.753587007522583
vt 0.2592200040817261 0.998399019241333
vt 0.9534080028533936 0.65898197889328
vt 0.9846810102462769 0.660057008266449
vt 0.9539989829063416 0.659995973110199
vt 0.745048999786377 0.5421609878540039
vt 0.9852330088615417 0.6591079831123352
vt 0.4456920027732849 0.22168999910354614
vt 0.48748499155044556 0.18391001224517822
vt 0.513759970664978 0.2141370177268982
vt 0.026951000094413757 0.6073870062828064
vt 0.47190800309181213 0.2519710063934326
vt 0.4423530101776123 0.22836899757385254
vt 0.3561300039291382 0.5171229839324951
vt 0.3829529881477356 0.5571010112762451
vt 0.8412569761276245 0.17902803421020508
vt 0.8246709704399109 0.21769201755523682
vt 0.7830579876899719 0.16727697849273682
vt 0.5974270105361938 0.4438350200653076
vt 0.6032119989395142 0.4145970344543457
vt 0.6081380248069763 0.43670499324798584
vt 0.5504440069198608 0.39775097370147705
vt 0.526669979095459 0.4644780158996582
vt 0.8390660285949707 0.21272003650665283
vt 0.8537179827690125 0.17171502113342285
vt 0.23574599623680115 0.9952700138092041
vt 0.23815900087356567 0.9973959922790527
vt 0.23478500545024872 0.9963120222091675
vt 0.23637500405311584 0.9931250214576721
vt 0.9702889919281006 0.302141010761261
vt 0.9702889919281006 0.19710397720336914
vt 0.9863870143890381 0.2996569871902466
vt 0.7540519833564758 0.9955639839172363
vt 0.7569940090179443 0.9975699782371521
vt 0.4813460111618042 0.032849013805389404
vt 0.5861600041389465 0.032849013805389404
vt 0.5852469801902771 0.04825901985168457
vt 0.6629940271377563 0.6175079941749573
vt 0.6790720224380493 0.6146730184555054
vt 0.6772500276565552 0.7213469743728638
vt 0.0198730006814003 0.49733102321624756
vt 0.8779550194740295 0.9526600241661072
vt 0.07661200314760208 0.5031269788742065
vt 0.06870400160551071 0.4864770174026489
vt 0.07890299707651138 0.4837449789047241
vt 0.7896389961242676 0.02779000997543335
vt 0.8744509816169739 0.02779000997543335
vt 0.8763560056686401 0.030649006366729736
vt 0.8244119882583618 0.8596649765968323
vt 0.8272449970245361 0.8490930199623108
vt 0.9236990213394165 0.8597229719161987
vt 0.026579000055789948 0.6708670258522034
vt 0.008685999549925327 0.6708670258522034
vt 0.021268999204039574 0.6631379723548889
vt 0.37180399894714355 0.7758600115776062
vt 0.473376989364624 0.7758600115776062
vt 0.3689410090446472 0.7793030142784119
vt 0.31787699460983276 0.994117021560669
vt 0.31887000799179077 0.9978229999542236
vt 0.30128198862075806 0.9973030090332031
vt 0.7904379963874817 0.7866520285606384
vt 0.7904719710350037 0.7805709838867188
vt 0.8948270082473755 0.7805709838867188
vt 0.19212199747562408 0.43577396869659424
vt 0.21392300724983215 0.43577396869659424
vt 0.1943800002336502 0.5365179777145386
vt 0.7705820202827454 0.9959449768066406
vt 0.7701190114021301 0.9976869821548462
vt 0.7692890167236328 0.9967920184135437
vt 0.7714890241622925 0.9976670145988464
vt 0.4847699999809265 0.9971830248832703
vt 0.4849640130996704 0.9982830286026001
vt 0.46365100145339966 0.9981669783592224
vt 0.4470840096473694 0.994176983833313
vt 0.46828100085258484 0.994176983833313
vt 0.4474239945411682 0.995747983455658
vt 0.7698379755020142 0.9951130151748657
vt 0.5385249853134155 0.8833990097045898
vt 0.44132399559020996 0.8833990097045898
vt 0.4414510130882263 0.8747879862785339
vt 0.1536789983510971 0.9539399743080139
vt 0.584185004234314 0.12003999948501587
vt 0.4616590142250061 0.11887800693511963
vt 0.4616590142250061 0.11660802364349365
vt 0.08135700225830078 0.0011550188064575195
vt 0.16901999711990356 0.006402015686035156
vt 0.08213400095701218 0.0032889842987060547
vt 0.4635710120201111 0.12117600440979004
vt 0.3624260127544403 0.3204970359802246
vt 0.36253899335861206 0.31828296184539795
vt 0.32839900255203247 0.12871003150939941
vt 0.21316300332546234 0.1661520004272461
vt 0.2449530065059662 0.09279000759124756
vt 0.41182899475097656 0.28583699464797974
vt 0.46704599261283875 0.25844699144363403
vt 0.44460299611091614 0.3096280097961426
vt 0.44038501381874084 0.3187429904937744
vt 0.37137800455093384 0.3095799684524536
vt 0.38878801465034485 0.24862098693847656
vt 0.39835798740386963 0.24184203147888184
vt 0.4733070135116577 0.4578620195388794
vt 0.45156899094581604 0.4565010070800781
vt 0.036587998270988464 0.5934860110282898
vt 0.036587998270988464 0.6609219908714294
vt 0.028398999944329262 0.5964120030403137
vt 0.10555200278759003 0.15002000331878662
vt 0.0783270001411438 0.06623101234436035
vt 0.08962199836969376 0.06610101461410522
vt 0.03188600018620491 0.9200369715690613
vt 0.3755359947681427 0.9238179922103882
vt 0.3704659938812256 0.9048969745635986
vt 0.4431360065937042 0.9074490070343018
vt 0.04061499983072281 0.9116129875183105
vt 0.22598199546337128 0.9478780031204224
vt 0.24317599833011627 0.9832850098609924
vt 0.028200000524520874 0.9842529892921448
vt 0.029555000364780426 0.9526810050010681
vt 0.02507700026035309 0.9531159996986389
vt 0.025165999308228493 0.9841470122337341
vt 0.37553998827934265 0.6044750213623047
vt 0.3780530095100403 0.5899559855461121
vt 0.030076999217271805 0.9842439889907837
vt 0.365557998418808 0.6041520237922668
vt 0.8581410050392151 0.460532009601593
vt 0.9171739816665649 0.46052801609039307
vt 0.8502309918403625 0.24021899700164795
vt 0.843995988368988 0.24408501386642456
vt 0.8650029897689819 0.5117809772491455
vt 0.8249809741973877 0.29065704345703125
vt 0.7121189832687378 0.9622420072555542
vt 0.7149540185928345 0.9638270139694214
vt 0.7129600048065186 0.964788019657135
vt 0.39054399728775024 0.8967480063438416
vt 0.43918201327323914 0.897068977355957
vt 0.4532009959220886 0.9001690149307251
vt 0.4403569996356964 0.8803849816322327
vt 0.7167580127716064 0.9601280093193054
vt 0.3711940050125122 0.9036409854888916
vt 0.39302098751068115 0.8823009729385376
vt 0.23887400329113007 0.9923099875450134
vt 0.24861499667167664 0.9921119809150696
vt 0.23895500600337982 0.9937379956245422
vt 0.23889900743961334 0.9909700155258179
vt 0.24839399755001068 0.9913089871406555
vt 0.22723299264907837 0.9913020133972168
vt 0.22859899699687958 0.9911080002784729
vt 0.2289000004529953 0.9942240118980408
vt 0.22786299884319305 0.9941999912261963
vt 0.019365999847650528 0.5197659730911255
vt 0.028077000752091408 0.5196369886398315
vt 0.028077000752091408 0.5371590256690979
vt 0.019627999514341354 0.5369120240211487
vt 0.010999999940395355 0.5199589729309082
vt 0.2159930020570755 0.0815969705581665
vt 0.233242005109787 0.09904599189758301
vt 0.21276800334453583 0.08690100908279419
vt 0.8483560085296631 0.6045230031013489
vt 0.19644300639629364 0.26247501373291016
vt 0.19345399737358093 0.270114004611969
vt 0.18092599511146545 0.26263099908828735
vt 0.7823160290718079 0.5526289939880371
vt 0.8453239798545837 0.5789300203323364
vt 0.2328130006790161 0.08991599082946777
vt 0.4410429894924164 0.1556299924850464
vt 0.367000013589859 0.1897299885749817
vt 0.7841839790344238 0.02199697494506836
vt 0.6813070178031921 0.02199697494506836
vt 0.7796710133552551 0.0006729960441589355
vt 0.284061998128891 0.8335729837417603
vt 0.18445099890232086 0.8335729837417603
vt 0.18462400138378143 0.812270998954773
vt 0.9071940183639526 0.1724250316619873
vt 0.021084999665617943 0.39521896839141846
vt 0.01755799911916256 0.3923330307006836
vt 0.822484016418457 0.2929829955101013
vt 0.8026049733161926 0.30271804332733154
vt 0.10676100105047226 0.8011519908905029
vt 0.08711200207471848 0.8590620160102844
vt 0.2219880074262619 0.05637401342391968
vt 0.1892549991607666 0.15213102102279663
vt 0.1942870020866394 0.05492198467254639
vt 0.10507400333881378 0.8606719970703125
vt 0.24350400269031525 0.0447310209274292
vt 0.24350400269031525 0.04200798273086548
vt 0.34843599796295166 0.045040011405944824
vt 0.8965780138969421 0.31980597972869873
vt 0.9001280069351196 0.4075999855995178
vt 0.8926270008087158 0.31414997577667236
vt 0.2435230016708374 0.07940196990966797
vt 0.9848870038986206 0.6622880101203918
vt 0.6580979824066162 0.9811139702796936
vt 0.6554149985313416 0.9858580231666565
vt 0.6520159840583801 0.9835129976272583
vt 0.6618319749832153 0.9847890138626099
vt 0.6606789827346802 0.9792140126228333
vt 0.1309109926223755 0.6040260195732117
vt 0.13238799571990967 0.6151250004768372
vt 0.3644790053367615 0.7886559963226318
vt 0.46977800130844116 0.7886559963226318
vt 0.36492499709129333 0.8017730116844177
vt 0.17906500399112701 0.14876997470855713
vt 0.1987680047750473 0.1579580307006836
vt 0.18570099771022797 0.24921399354934692
vt 0.8621519804000854 0.6538100242614746
vt 0.8622739911079407 0.55314701795578
vt 0.11708199977874756 0.6146180033683777
vt 0.970255970954895 0.8646339774131775
vt 0.9710190296173096 0.8622620105743408
vt 0.08101599663496017 0.6440500020980835
vt 0.9288740158081055 0.8518409729003906
vt 0.9300829768180847 0.8580600023269653
vt 0.9130679965019226 0.8546810150146484
vt 0.9308769702911377 0.8456299901008606
vt 0.21481899917125702 0.3849110007286072
vt 0.8476939797401428 0.39382100105285645
vt 0.7427650094032288 0.38862699270248413
vt 0.5582420229911804 0.9226279854774475
vt 0.4697679877281189 0.7852619886398315
vt 0.4724099934101105 0.7814890146255493
vt 0.5750679969787598 0.785148024559021
vt 0.23270900547504425 0.6702619791030884
vt 0.23220700025558472 0.6760010123252869
vt 0.21462799608707428 0.6694279909133911
vt 0.6855040192604065 0.7998560070991516
vt 0.5799869894981384 0.7998560070991516
vt 0.6850699782371521 0.7930909991264343
vt 0.2149520069360733 0.6656979918479919
vt 0.6728180050849915 0.05979800224304199
vt 0.5679879784584045 0.05979800224304199
vt 0.5679889917373657 0.053048014640808105
vt 0.0056779999285936356 0.7917799949645996
vt 0.0056779999285936356 0.7386990189552307
vt 0.015985000878572464 0.7870709896087646
vt 0.16540400683879852 0.9894610047340393
vt 0.18673700094223022 0.9897729754447937
vt 0.8622609972953796 0.8605380058288574
vt 0.8622609972953796 0.883542001247406
vt 0.7689740061759949 0.8607929944992065
vt 0.5849459767341614 0.493943989276886
vt 0.5958809852600098 0.5415710210800171
vt 0.12502600252628326 0.46431803703308105
vt 0.1389240026473999 0.510591983795166
vt 0.10790000110864639 0.46982699632644653
vt 0.5013800263404846 0.6346549987792969
vt 0.5509340167045593 0.6146600246429443
vt 0.5603240132331848 0.651951014995575
vt 0.6981009840965271 0.08491700887680054
vt 0.7408869862556458 0.06658399105072021
vt 0.24944999814033508 0.2943899631500244
vt 0.23457099497318268 0.9922800064086914
vt 0.23000599443912506 0.9935659766197205
vt 0.22589300572872162 0.9948840141296387
vt 0.22482499480247498 0.9943580031394958
vt 0.231673002243042 0.9935460090637207
vt 0.4171920120716095 0.6972870230674744
vt 0.41313299536705017 0.6991450190544128
vt 0.4409700036048889 0.6145480275154114
vt 0.4959779977798462 0.6299279928207397
vt 0.9398120045661926 0.9923020005226135
vt 0.06866999715566635 0.25126898288726807
vt 0.06866999715566635 0.16132599115371704
vt 0.08044800162315369 0.16332000494003296
vt 0.07152699679136276 0.4092159867286682
vt 0.9353880286216736 0.8371070027351379
vt 0.9353880286216736 0.8407710194587708
vt 0.8358970284461975 0.8368120193481445
vt 0.03435099869966507 0.10063803195953369
vt 0.017806999385356903 0.10063803195953369
vt 0.03285999968647957 0.025306999683380127
vt 0.7698519825935364 0.9999290108680725
vt 0.7710450291633606 0.997825026512146
vt 0.7716169953346252 0.999796986579895
vt 0.24979400634765625 0.9982560276985168
vt 0.7688599824905396 0.9998840093612671
vt 0.045288000255823135 0.8002319931983948
vt 0.05685000121593475 0.7862420082092285
vt 0.07296299934387207 0.797648012638092
vt 0.048277001827955246 0.8211150169372559
vt 0.044530998915433884 0.7995150089263916
vt 0.596422016620636 0.6547399759292603
vt 0.6167060136795044 0.6644430160522461
vt 0.5995799899101257 0.7141389846801758
vt 0.6069260239601135 0.6174060106277466
vt 0.6302589774131775 0.6302279829978943
vt 0.4814339876174927 0.7233999967575073
vt 0.4856730103492737 0.7145950198173523
vt 0.4613949954509735 0.7574719786643982
vt 0.7446749806404114 0.997626006603241
vt 0.11517000198364258 0.027171015739440918
vt 0.7452509999275208 0.9993100166320801
vt 0.5821539759635925 0.028254985809326172
vt 0.5737069845199585 0.030604004859924316
vt 0.5736460089683533 0.025467991828918457
vt 0.5807139873504639 0.02326101064682007
vt 0.1939219981431961 0.5465319752693176
vt 0.1912750005722046 0.5485550165176392
vt 0.18785999715328217 0.5397589802742004
vt 0.7896000146865845 0.7846419811248779
vt 0.9541469812393188 0.6622120141983032
vt 0.2587119936943054 0.9047139883041382
vt 0.07988099753856659 0.1758829951286316
vt 0.07988099753856659 0.2664340138435364
vt 0.06873399764299393 0.26641297340393066
vt 0.08510400354862213 0.4075250029563904
vt 0.0808200016617775 0.41052496433258057
vt 0.07963100075721741 0.31743502616882324
vt 0.22394900023937225 0.8550040125846863
vt 0.16701699793338776 0.5263509750366211
vt 0.15998700261116028 0.5269550085067749
vt 0.4561769962310791 0.999970018863678
vt 0.4555000066757202 0.9985190033912659
vt 0.47346699237823486 0.9997400045394897
vt 0.9612759947776794 0.8654659986495972
vt 0.9622250199317932 0.8627430200576782
vt 0.9634590148925781 0.8659290075302124
vt 0.14105099439620972 0.6201519966125488
vt 0.13847999274730682 0.7137489914894104
vt 0.13091500103473663 0.6320279836654663
vt 0.5163379907608032 0.9821569919586182
vt 0.9914969801902771 0.7485939860343933
vt 0.9856809973716736 0.7487080097198486
vt 0.9894599914550781 0.6629989743232727
vt 0.07719700038433075 0.5050839781761169
vt 0.8638120293617249 0.11489498615264893
vt 0.8244749903678894 0.9468259811401367
vt 0.8178150057792664 0.9263290166854858
vt 0.9086340069770813 0.9215570092201233
vt 0.8249160051345825 0.9499800205230713
vt 0.9756420254707336 0.9785509705543518
vt 0.9749220013618469 0.9767749905586243
vt 0.004701000172644854 0.5681220293045044
vt 0.8147510290145874 0.2939079999923706
vt 0.8186759948730469 0.2952430248260498
vt 0.15691299736499786 0.5287439823150635
vt 0.26084399223327637 0.9827029705047607
vt 0.2575089931488037 0.9655119776725769
vt 0.2963919937610626 0.9769020080566406
vt 0.3603479862213135 0.29681503772735596
vt 0.35885900259017944 0.3180060386657715
vt 0.10058200359344482 0.14359498023986816
vt 0.08233100175857544 0.15544700622558594
vt 0.0560929998755455 0.07427501678466797
vt 0.2796970009803772 0.900409996509552
vt 0.4526669979095459 0.9271270036697388
vt 0.38842201232910156 0.9504550099372864
vt 0.3878839910030365 0.9305229783058167
vt 0.23482400178909302 0.9580789804458618
vt 0.22327099740505219 0.9421769976615906
vt 0.27597400546073914 0.9038860201835632
vt 0.38209301233291626 0.9277880191802979
vt 0.22651299834251404 0.7725899815559387
vt 0.21490000188350677 0.6804429888725281
vt 0.2311609983444214 0.6811469793319702
vt 0.6496289968490601 0.7527509927749634
vt 0.6464679837226868 0.770675003528595
vt 0.5428140163421631 0.7532039880752563
vt 0.2954939901828766 0.8870540261268616
vt 0.18113300204277039 0.6691250205039978
vt 0.1780879944562912 0.655148983001709
vt 0.6623479723930359 0.6447209715843201
vt 0.6523920297622681 0.6779429912567139
vt 0.012152000330388546 0.036225974559783936
vt 0.02667899988591671 0.05286002159118652
vt 0.720956027507782 0.9636679887771606
vt 0.718828022480011 0.9621120095252991
vt 0.0026539999525994062 0.5201489925384521
vt 0.011390999890863895 0.5371000170707703
vt 0.003074999898672104 0.5372899770736694
vt 0.05789300054311752 0.8784279823303223
vt 0.026700999587774277 0.9212849736213684
vt 0.006341000087559223 0.5702450275421143
vt 0.007073000073432922 0.5750380158424377
vt 0.0005259999888949096 0.576869010925293
vt 0.01510899979621172 0.2677670121192932
vt 0.38148799538612366 0.8851079940795898
vt 0.3741700053215027 0.8830680251121521
vt 0.7011690139770508 0.42512398958206177
vt 0.6769099831581116 0.5243359804153442
vt 0.6796150207519531 0.42512398958206177
vt 0.4674369990825653 0.0026810169219970703
vt 0.4714440107345581 0.008401989936828613
vt 0.3698660135269165 0.0032340288162231445
vt 0.9898239970207214 0.21042698621749878
vt 0.9898239970207214 0.3152509927749634
vt 0.974407970905304 0.21018898487091064
vt 0.8617510199546814 0.913627028465271
vt 0.5150439739227295 0.6762490272521973
vt 0.5055080056190491 0.6706609725952148
vt 0.6783549785614014 0.4259459972381592
vt 0.6731929779052734 0.45707201957702637
vt 0.6139479875564575 0.4150350093841553
vt 0.31748101115226746 0.8197050094604492
vt 0.4165239930152893 0.8197050094604492
vt 0.4047279953956604 0.8306729793548584
vt 0.9023870229721069 0.7495949864387512
vt 0.8177329897880554 0.7300509810447693
vt 0.9248359799385071 0.653128981590271
vt 0.902845025062561 0.7599700093269348
vt 0.19894400238990784 0.5638960003852844
vt 0.19894400238990784 0.6648200154304504
vt 0.1884620040655136 0.5795050263404846
vt 0.9295070171356201 0.981706976890564
vt 0.8806509971618652 0.9528030157089233
vt 0.9319429993629456 0.9538660049438477
vt 0.8854399919509888 0.980400025844574
vt 0.5777609944343567 0.2823079824447632
vt 0.5709890127182007 0.20185697078704834
vt 0.6291760206222534 0.1840670108795166
vt 0.6280249953269958 0.3015750050544739
vt 0.5220040082931519 0.2684839963912964
vt 0.0770379975438118 0.7012060284614563
vt 0.07922299951314926 0.6306740045547485
vt 0.06852100044488907 0.7141600251197815
vt 0.08070000261068344 0.6896830201148987
vt 0.3358840048313141 0.43785202503204346
vt 0.6199730038642883 0.16693198680877686
vt 0.6256279945373535 0.18421602249145508
vt 0.07000499963760376 0.860854983329773
vt 0.036292001605033875 0.860854983329773
vt 0.06715600192546844 0.799597978591919
vt 0.11141200363636017 0.8597699999809265
vt 0.12161599844694138 0.7775099873542786
vt 0.12030400335788727 0.8573870062828064
vt 0.07909200340509415 0.060056984424591064
vt 0.07380499690771103 0.07599902153015137
vt 0.07012300193309784 0.07487398386001587
vt 0.027713999152183533 0.6844660043716431
vt 0.027713999152183533 0.6212310194969177
vt 0.04029599949717522 0.6845629811286926
vt 0.16822700202465057 0.1440179944038391
vt 0.1418980062007904 0.05153602361679077
vt 0.16666799783706665 0.04489898681640625
vt 0.1433899998664856 0.141340970993042
vt 0.060058001428842545 0.900530993938446
vt 0.06315399706363678 0.8957260251045227
vt 0.013411000370979309 0.7219269871711731
vt 0.005733000114560127 0.7232800126075745
vt 0.006814000196754932 0.6792380213737488
vt 0.07520399987697601 0.902646005153656
vt 0.16470499336719513 0.9367309808731079
vt 0.5261800289154053 0.7823939919471741
vt 0.6313539743423462 0.7823939919471741
vt 0.6315029859542847 0.7853639721870422
vt 0.1719750016927719 6.699562072753906e-05
vt 0.1937679946422577 6.699562072753906e-05
vt 0.17199300229549408 0.09968101978302002
vt 0.226965993642807 0.9951670169830322
vt 0.316303014755249 0.8238919973373413
vt 0.4129050076007843 0.8323429822921753
vt 0.3153899908065796 0.8288840055465698
vt 0.22874000668525696 0.9957339763641357
vt 0.6715800166130066 0.19950997829437256
vt 0.6689260005950928 0.28250598907470703
vt 0.7198100090026855 0.21650201082229614
vt 0.09582699835300446 0.5721859931945801
vt 0.09582699835300446 0.47819197177886963
vt 0.1006459966301918 0.5712220072746277
vt 0.5576519966125488 0.37621796131134033
vt 0.07860899716615677 0.8837860226631165
vt 0.1801680028438568 0.9434559941291809
vt 0.7856820225715637 0.022571027278900146
vt 0.781898021697998 0.0011069774627685547
vt 0.8846009969711304 0.005375981330871582
vt 0.5989459753036499 0.11868101358413696
vt 0.9207180142402649 0.17002296447753906
vt 0.6743969917297363 0.8179889917373657
vt 0.5689280033111572 0.8179889917373657
vt 0.6701549887657166 0.8122379779815674
vt 0.5190169811248779 0.08707398176193237
vt 0.7171400189399719 0.6960510015487671
vt 0.709659993648529 0.6967470049858093
vt 0.3841260075569153 0.8089550137519836
vt 0.3841260075569153 0.8001130223274231
vt 0.48942598700523376 0.8001350164413452
vt 0.444923996925354 0.5937700271606445
vt 0.3642590045928955 0.43027299642562866
vt 0.33156201243400574 0.5089510083198547
vt 0.7663310170173645 0.9953550100326538
vt 0.7655810117721558 0.9971160292625427
vt 0.7654110193252563 0.9958069920539856
vt 0.4850890040397644 0.9959139823913574
vt 0.4634830057621002 0.9959139823913574
vt 0.48513200879096985 0.994513988494873
vt 0.7674630284309387 0.9945300221443176
vt 0.18817299604415894 0.5516070127487183
vt 0.9863309860229492 0.8613709807395935
vt 0.005661999806761742 0.9531739950180054
vt 0.005617000162601471 0.9840999841690063
vt 0.4062879979610443 0.8084610104560852
vt 0.5064809918403625 0.7996950149536133
vt 0.5115960240364075 0.8098769783973694
vt 0.1845339983701706 0.9116209745407104
vt 0.1845339983701706 0.8805869817733765
vt 0.1875540018081665 0.9121689796447754
vt 0.558247983455658 0.8976849913597107
vt 0.2219409942626953 0.9922630190849304
vt 0.2237669974565506 0.9913690090179443
vt 0.2214210033416748 0.9910889863967896
vt 0.5566539764404297 0.36973100900650024
vt 0.5596879720687866 0.3502509593963623
vt 0.5586839914321899 0.37476998567581177
vt 0.24855400621891022 0.993166983127594
vt 0.5550770163536072 0.37057197093963623
vt 0.5555999875068665 0.3487370014190674
vt 0.10888200253248215 0.33142900466918945
vt 0.10888200253248215 0.23229897022247314
vt 0.1309169977903366 0.2323489785194397
vt 0.8478119969367981 0.3790299892425537
vt 0.7447119951248169 0.37788599729537964
vt 0.8480089902877808 0.38516902923583984
vt 0.7426810264587402 0.3812609910964966
vt 0.7207710146903992 0.9618149995803833
vt 0.04755299910902977 0.42607200145721436
vt 0.04755299910902977 0.48952603340148926
vt 0.0458809994161129 0.4260820150375366
vt 0.37297698855400085 0.013635993003845215
vt 0.4733699858188629 0.013635993003845215
vt 0.46926501393318176 0.017094016075134277
vt 0.8924319744110107 0.06085002422332764
vt 0.8887010216712952 0.055522024631500244
vt 0.98888099193573 0.05606698989868164
vt 0.048829998821020126 0.42584002017974854
vt 0.09544499963521957 0.47203201055526733
vt 0.09544499963521957 0.37935298681259155
vt 0.09750200062990189 0.4674229621887207
vt 0.21309900283813477 0.23668396472930908
vt 0.22930200397968292 0.1847059726715088
vt 0.2799380123615265 0.18920499086380005
vt 0.030460000038146973 0.3626520037651062
vt 0.030460000038146973 0.28520703315734863
vt 0.04712200164794922 0.3592820167541504
vt 0.1559869945049286 0.6399980187416077
vt 0.1559869945049286 0.735821008682251
vt 0.1346929967403412 0.735755980014801
vt 0.7421200275421143 0.9969239830970764
vt 0.7417569756507874 0.9980019927024841
vt 0.5306980013847351 0.9836689829826355
vt 0.5270730257034302 0.9533789753913879
vt 0.5427060127258301 0.9655609726905823
vt 0.04400299862027168 0.7772009968757629
vt 0.03227100148797035 0.7886940240859985
vt 0.01670899987220764 0.7719939947128296
vt 0.04470200091600418 0.7786049842834473
vt 0.6293690204620361 0.9804790019989014
vt 0.6390929818153381 0.9823369979858398
vt 0.5810580253601074 0.9804790019989014
vt 0.6298570036888123 0.9627509713172913
vt 0.7463200092315674 0.30124998092651367
vt 0.7561020255088806 0.2576019763946533
vt 0.003467000089585781 0.6152999997138977
vt 0.011753000319004059 0.6235150098800659
vt 0.8064360022544861 0.2770310044288635
vt 0.5560550093650818 0.3395389914512634
vt 0.7681080102920532 0.8873590230941772
vt 0.6721950173377991 0.8879590034484863
vt 0.6721950173377991 0.8847029805183411
vt 0.8984490036964417 0.4120880365371704
vt 0.67221599817276 0.8901079893112183
vt 0.4712109863758087 0.0503389835357666
vt 0.4712119996547699 0.04819798469543457
vt 0.5761439800262451 0.04819798469543457
vt 0.04576599970459938 0.9129850268363953
vt 0.053252000361680984 0.8924559950828552
vt 0.04899600148200989 0.9136580228805542
vt 0.049942001700401306 0.8918190002441406
vt 0.6315400004386902 0.13208997249603271
vt 0.6288629770278931 0.14504998922348022
vt 0.022802000865340233 0.6423829793930054
vt 0.6570640206336975 0.5748220086097717
vt 0.597445011138916 0.5685750246047974
vt 0.6524180173873901 0.5573369860649109
vt 0.004033000208437443 0.22421997785568237
vt 0.01864599995315075 0.2255699634552002
vt 0.015735000371932983 0.2316499948501587
vt 0.01064400002360344 0.23418402671813965
vt 0.10794200003147125 0.23173999786376953
vt 0.10738400369882584 0.21755897998809814
vt 0.9624950289726257 0.8606889843940735
vt 0.3741909861564636 0.8770989775657654
vt 0.4521380066871643 0.45908600091934204
vt 0.295397013425827 0.8829910159111023
vt 0.3625650107860565 0.3991529941558838
vt 0.35146498680114746 0.3310970067977905
vt 0.3640730082988739 0.3289799690246582
vt 0.37407299876213074 0.3983910083770752
vt 0.6793249845504761 0.9719880223274231
vt 0.6973559856414795 0.9708970189094543
vt 0.028636999428272247 0.5071960091590881
vt 0.15676100552082062 0.5295860171318054
vt 0.1671690046787262 0.5323749780654907
vt 0.15839900076389313 0.6296079754829407
vt 0.08652400225400925 0.5477719902992249
vt 0.08652400225400925 0.6402140259742737
vt 0.08375299721956253 0.6426569819450378
vt 0.7494080066680908 0.9781960248947144
vt 0.707502007484436 0.9477490186691284
vt 0.7509369850158691 0.9517289996147156
vt 0.02265300042927265 0.47339701652526855
vt 0.012612000107765198 0.4595780372619629
vt 0.021144000813364983 0.4555699825286865
vt 0.4403890073299408 0.45336902141571045
vt 0.6693770289421082 0.9752429723739624
vt 0.6770319938659668 0.9730100035667419
vt 0.032579999417066574 0.7902079820632935
vt 0.021268999204039574 0.8053159713745117
vt 0.5039250254631042 0.9562339782714844
vt 0.5273870229721069 0.9519720077514648
vt 0.5717840194702148 0.0632929801940918
vt 0.46903499960899353 0.0632929801940918
vt 0.46751099824905396 0.06265097856521606
vt 0.9877359867095947 0.30828702449798584
vt 0.9877359867095947 0.4064120054244995
vt 0.9800220131874084 0.3013960123062134
vt 0.23107099533081055 0.9945949912071228
vt 0.17839500308036804 0.7255529761314392
vt 0.5374879837036133 0.8975780010223389
vt 0.4472790062427521 0.8975780010223389
vt 0.44034600257873535 0.8953689932823181
vt 0.4737969934940338 0.7748720049858093
vt 0.5759239792823792 0.7748720049858093
vt 0.5791000127792358 0.778780996799469
vt 0.1969819962978363 0.017722010612487793
vt 0.29974299669265747 0.017722010612487793
vt 0.19769200682640076 0.05331099033355713
vt 0.4396800100803375 0.8683090209960938
vt 0.6982830166816711 0.5138279795646667
vt 0.7198269963264465 0.4146989583969116
vt 0.7203109860420227 0.5138279795646667
vt 0.07152300328016281 0.6188369989395142
vt 0.6835640072822571 0.7748349905014038
vt 0.6813510060310364 0.7873820066452026
vt 0.5778970122337341 0.775734007358551
vt 0.4135270118713379 0.4670100212097168
vt 0.390531986951828 0.5721830129623413
vt 0.39052098989486694 0.4670100212097168
vt 0.4431520104408264 0.5145469903945923
vt 0.43744900822639465 0.46769100427627563
vt 0.03209500014781952 0.9488970041275024
vt 0.030479999259114265 0.951429009437561
vt 0.33419400453567505 0.9931219816207886
vt 0.12745000422000885 0.8888270258903503
vt 0.07594799995422363 0.8920230269432068
vt 0.21594899892807007 0.1565369963645935
vt 0.21386300027370453 0.09839600324630737
vt 0.27992698550224304 0.06865197420120239
vt 0.3177799880504608 0.32305896282196045
vt 0.21471400558948517 0.32941603660583496
vt 0.21269799768924713 0.3238790035247803
vt 0.6393030285835266 0.8828949928283691
vt 0.5437269806861877 0.8828949928283691
vt 0.639648973941803 0.8803300261497498
vt 0.21745899319648743 0.33703500032424927
vt 0.18622300028800964 0.43316900730133057
vt 0.18354900181293488 0.32652801275253296
vt 0.018357999622821808 0.4082540273666382
vt 0.02748499996960163 0.4082540273666382
vt 0.02366200089454651 0.47285497188568115
vt 0.3133639991283417 0.3286150097846985
vt 0.3100680112838745 0.6655619740486145
vt 0.3566809892654419 0.9581900238990784
vt 0.3672049939632416 0.9767529964447021
vt 0.3150550127029419 0.8330349922180176
vt 0.9141430258750916 0.9509429931640625
vt 0.8257870078086853 0.9509429931640625
vt 0.9142630100250244 0.9291579723358154
vt 0.7341600060462952 0.9494810104370117
vt 0.7344009876251221 0.9458180069923401
vt 0.8225150108337402 0.9458180069923401
vt 0.10256099700927734 0.37044501304626465
vt 0.10256099700927734 0.463811993598938
vt 0.09894999861717224 0.4636639952659607
vt 0.3850579857826233 0.9785289764404297
vt 0.6320520043373108 0.9059000015258789
vt 0.48305100202560425 0.6438549757003784
vt 0.6600069999694824 0.5055509805679321
vt 0.08993300050497055 0.7846770286560059
vt 0.07762700319290161 0.7021840214729309
vt 0.08293899893760681 0.7047299742698669
vt 0.08556199818849564 0.3048279881477356
vt 0.08556199818849564 0.39693498611450195
vt 0.08018100261688232 0.3085520267486572
vt 0.2105029970407486 0.8589100241661072
vt 0.19224099814891815 0.8762609958648682
vt 0.10801099985837936 0.9093160033226013
vt 0.17886300384998322 0.870855987071991
vt 0.1804649978876114 0.8616219758987427
vt 0.688506007194519 0.8103790283203125
vt 0.6847950220108032 0.8140050172805786
vt 0.7901690006256104 0.7738400101661682
vt 0.6850410103797913 0.7675560116767883
vt 0.6887170076370239 0.7514299750328064
vt 0.7899940013885498 0.7593269944190979
vt 0.6293460130691528 0.027893006801605225
vt 0.730351984500885 0.027893006801605225
vt 0.6298509836196899 0.032056987285614014
vt 0.23142600059509277 0.006753027439117432
vt 0.33079299330711365 0.006753027439117432
vt 0.3323020040988922 0.011887013912200928
vt 0.23026899993419647 0.9957929849624634
vt 0.833965003490448 0.8447849750518799
vt 0.8351020216941833 0.8383389711380005
vt 0.9332889914512634 0.8418430089950562
vt 0.8833860158920288 0.4168100357055664
vt 0.8451809883117676 0.4787479639053345
vt 0.8367699980735779 0.4747810363769531
vt 0.29527899622917175 0.9939820170402527
vt 0.3127810060977936 0.9939820170402527
vt 0.29550299048423767 0.9964460134506226
vt 0.012346000410616398 0.05858802795410156
vt 0.0030690000858157873 0.07485902309417725
vt 0.012765999883413315 0.0559309720993042
vt 0.8717120289802551 0.053906023502349854
vt 0.7894189953804016 0.5109350085258484
vt 0.7530660033226013 0.5009490251541138
vt 0.6986460089683533 0.9052019715309143
vt 0.6026139855384827 0.9052019715309143
vt 0.6071670055389404 0.8963099718093872
vt 0.8492910265922546 0.5363190174102783
vt 0.07893700152635574 0.3688000440597534
vt 0.07893700152635574 0.4619300365447998
vt 0.06917399913072586 0.38035398721694946
vt 0.17820300161838531 0.5254520177841187
vt 0.16789300739765167 0.5282139778137207
vt 0.17036199569702148 0.428460955619812
vt 0.9897860288619995 0.20955801010131836
vt 0.906436026096344 0.14900100231170654
vt 0.9681940078735352 0.06399399042129517
vt 0.34033799171447754 0.03431302309036255
vt 0.3333980143070221 0.04125398397445679
vt 0.23598399758338928 0.04103797674179077
vt 0.6979320049285889 0.6565489768981934
vt 0.8375849723815918 0.7019249796867371
vt 0.7464590072631836 0.75
vt 0.11783699691295624 0.6196190118789673
vt 0.20837199687957764 0.7696710228919983
vt 0.1973309963941574 0.7544069886207581
vt 0.20483699440956116 0.668615996837616
vt 0.35118600726127625 0.24336600303649902
vt 0.3690490126609802 0.2562659978866577
vt 0.317113995552063 0.3277469873428345
vt 0.5676789879798889 0.8185369968414307
vt 0.4675309956073761 0.7859969735145569
vt 0.5783129930496216 0.7861080169677734
vt 0.09912499785423279 0.3587679862976074
vt 0.09912499785423279 0.44222599267959595
vt 0.09533300250768661 0.35072100162506104
vt 0.09456299990415573 0.5469390153884888
vt 0.09133099764585495 0.5466560125350952
vt 0.09252499788999557 0.45306098461151123
vt 0.06942500174045563 0.26701098680496216
vt 0.07455399632453918 0.26701098680496216
vt 0.06851900368928909 0.3576740026473999
vt 0.5221199989318848 0.22328698635101318
vt 0.35972800850868225 0.802390992641449
vt 0.49843499064445496 0.16231101751327515
vt 0.5183600187301636 0.22056198120117188
vt 0.8709189891815186 0.060214996337890625
vt 0.7662630081176758 0.03741800785064697
vt 0.8709189891815186 0.036837995052337646
vt 0.4525960087776184 0.9080110192298889
vt 0.5277569890022278 0.9080110192298889
vt 0.5273889899253845 0.9247339963912964
vt 0.5739830136299133 0.962975025177002
vt 0.5714240074157715 0.9596999883651733
vt 0.6315990090370178 0.960798978805542
vt 0.5752570033073425 0.9803509712219238
vt 0.18717500567436218 0.8802739977836609
vt 0.18977400660514832 0.8802850246429443
vt 0.012505000457167625 0.23899602890014648
vt 0.019139999523758888 0.24429398775100708
vt 0.15275399386882782 0.2021549940109253
vt 0.17691999673843384 0.18571501970291138
vt 0.1063150018453598 0.1969119906425476
vt 0.025911999866366386 0.20361196994781494
vt 0.036052998155355453 0.2253580093383789
vt 0.03020700067281723 0.28354203701019287
vt 0.9813550114631653 0.672074019908905
vt 0.9883859753608704 0.6636949777603149
vt 0.9836729764938354 0.768546998500824
vt 0.9536799788475037 0.6657729744911194
vt 0.7144160270690918 0.9669150114059448
vt 0.02711400017142296 0.6693230271339417
vt 0.017145000398159027 0.6520559787750244
vt 0.027187999337911606 0.6460430026054382
vt 0.45885300636291504 0.11932802200317383
vt 0.4974839985370636 0.18809401988983154
vt 0.5625029802322388 0.9071800112724304
vt 0.46632999181747437 0.9071800112724304
vt 0.4662129878997803 0.9039040207862854
vt 0.023392999544739723 0.2352609634399414
vt 0.023392999544739723 0.15919798612594604
vt 0.025978000834584236 0.23517298698425293
vt 0.6226189732551575 0.5242090225219727
vt 0.6784200072288513 0.5330110192298889
vt 0.22342999279499054 0.3313490152359009
vt 0.23399600386619568 0.9978539943695068
vt 0.2485560029745102 0.9974430203437805
vt 0.5996710062026978 0.7488769888877869
vt 0.6165609955787659 0.7188050150871277
vt 0.5751339793205261 0.016026973724365234
vt 0.4727250039577484 0.016026973724365234
vt 0.5746830105781555 0.01319199800491333
vt 0.6786239743232727 0.9795200228691101
vt 0.6807910203933716 0.9866639971733093
vt 0.6961349844932556 0.6895610094070435
vt 0.023141000419855118 0.2642030119895935
vt 0.023141000419855118 0.3393230438232422
vt 0.019680000841617584 0.2671300172805786
vt 0.5287200212478638 0.8190010190010071
vt 0.4234209954738617 0.8190010190010071
vt 0.4271489977836609 0.8132410049438477
vt 0.40024399757385254 0.3498150110244751
vt 0.7013729810714722 0.17706596851348877
vt 0.1855829954147339 0.755361020565033
vt 0.10878799855709076 0.8604570031166077
vt 0.7903640270233154 0.8191400170326233
vt 0.691989004611969 0.7405580282211304
vt 0.6817749738693237 0.8175119757652283
vt 0.8388540148735046 0.4997589588165283
vt 0.8831599950790405 0.5494369864463806
vt 0.28602299094200134 0.18135899305343628
vt 0.1479559987783432 0.9520630240440369
vt 0.09298200160264969 0.9078109860420227
vt 0.09350299835205078 0.902849018573761
vt 0.42407000064849854 0.09859198331832886
vt 0.3391779959201813 0.03691399097442627
vt 0.471904993057251 0.032894015312194824
vt 0.3894810080528259 0.8678889870643616
vt 0.29742199182510376 0.8678889870643616
vt 0.39275500178337097 0.8620859980583191
vt 0.21414299309253693 0.675167977809906
vt 0.38173800706863403 0.9779829978942871
vt 0.39876699447631836 0.9887089729309082
vt 0.8631799817085266 0.8844299912452698
vt 0.8631799817085266 0.8606579899787903
vt 0.9564669728279114 0.8609150052070618
vt 0.4858439862728119 0.9950469732284546
vt 0.5076069831848145 0.9950469732284546
vt 0.5075510144233704 0.9963889718055725
vt 0.16961200535297394 0.6437140107154846
vt 0.16388900578022003 0.641631007194519
vt 0.16695499420166016 0.5436909794807434
vt 0.17398099601268768 0.6492400169372559
vt 0.17398099601268768 0.549248993396759
vt 0.17815999686717987 0.648904025554657
vt 0.46842700242996216 0.7814310193061829
vt 0.468766987323761 0.785319983959198
vt 0.3634740114212036 0.7839679718017578
vt 0.008677000179886818 0.9320650100708008
vt 0.031077999621629715 0.9240139722824097
vt 0.009468000382184982 0.5802310109138489
vt 0.0042329998686909676 0.26622700691223145
vt 0.7641549706459045 0.9968670010566711
vt 0.7577559947967529 0.9970560073852539
vt 0.7605710029602051 0.9951959848403931
vt 0.7646620273590088 0.9990609884262085
vt 0.676921010017395 0.734283983707428
vt 0.6590989828109741 0.7374269962310791
vt 0.6636750102043152 0.6308349967002869
vt 0.5004370212554932 0.2647019624710083
vt 0.9442660212516785 0.9553049802780151
vt 0.7119079828262329 0.2788820266723633
vt 0.4803299903869629 0.90351402759552
vt 0.5765969753265381 0.90351402759552
vt 0.5765550136566162 0.905555009841919
vt 0.5045409798622131 0.7770289778709412
vt 0.5045409798622131 0.7789199948310852
vt 0.3992379903793335 0.7791420221328735
vt 0.39279699325561523 0.8682600259780884
vt 0.8216339945793152 0.5032690167427063
vt 0.7377830147743225 0.05583500862121582
vt 0.7377830147743225 0.032831013202667236
vt 0.8425700068473816 0.055252015590667725
vt 0.02421800047159195 0.6258260011672974
vt 0.029642999172210693 0.6156479716300964
vt 0.7578200101852417 0.9992629885673523
vt 0.9863860011100769 0.07477498054504395
vt 0.9863860011100769 0.17913001775741577
vt 0.9763349890708923 0.07580900192260742
vt 0.06871099770069122 0.5958340167999268
vt 0.06871099770069122 0.5013949871063232
vt 0.08695700019598007 0.5116860270500183
vt 0.7345259785652161 0.9230629801750183
vt 0.9623990058898926 0.9778559803962708
vt 0.9623640179634094 0.9767029881477356
vt 0.9690619707107544 0.976078987121582
vt 0.013450000435113907 0.7700300216674805
vt 0.005549000110477209 0.7252200245857239
vt 0.017121000215411186 0.7221620082855225
vt 0.09150899946689606 0.1507440209388733
vt 0.09150899946689606 0.23968499898910522
vt 0.08733200281858444 0.23714101314544678
vt 0.7238770127296448 0.9945729970932007
vt 0.7238770127296448 0.9998850226402283
vt 0.7063500285148621 0.9982609748840332
vt 0.8721820116043091 0.04565697908401489
vt 0.8715980052947998 0.038977980613708496
vt 0.9762610197067261 0.0427209734916687
vt 0.44458499550819397 0.01285398006439209
vt 0.3433240056037903 0.01285398006439209
vt 0.4409930109977722 0.00780099630355835
vt 0.567234992980957 0.03165102005004883
vt 0.5671499967575073 0.025445997714996338
vt 0.055736999958753586 0.7859820127487183
vt 0.968621015548706 0.9622020125389099
vt 0.9823259711265564 0.9644960165023804
vt 0.6640989780426025 0.06848698854446411
vt 0.07572200149297714 0.9039160013198853
vt 0.2783760130405426 0.9029989838600159
vt 0.2578589916229248 0.9564470052719116
vt 0.2400120049715042 0.9549750089645386
vt 0.8270729780197144 0.5127440094947815
vt 0.3258950114250183 0.14424800872802734
vt 0.2666420042514801 0.14972996711730957
vt 0.7190229892730713 0.41343700885772705
vt 0.7190229892730713 0.3171460032463074
vt 0.7400850057601929 0.3171460032463074
vt 0.04771900177001953 0.2787240147590637
vt 0.04771900177001953 0.3565399646759033
vt 0.0313740000128746 0.2826780080795288
vt 0.028195999562740326 0.34267497062683105
vt 0.022533999755978584 0.4073910117149353
vt 0.020167000591754913 0.3397120237350464
vt 0.454708993434906 0.9986749887466431
vt 0.45427998900413513 0.9995959997177124
vt 0.43798598647117615 0.999813973903656
vt 0.3939169943332672 0.14306902885437012
vt 0.2766120135784149 0.10495501756668091
vt 0.3491309881210327 0.06348001956939697
vt 0.017736999318003654 0.10129499435424805
vt 0.07747700065374374 0.14469897747039795
vt 0.030036000534892082 0.21003997325897217
vt 0.060134001076221466 0.8660069704055786
vt 0.06468299776315689 0.8843259811401367
vt 0.0828310027718544 0.888077974319458
vt 0.3781619966030121 0.3576520085334778
vt 0.10216700285673141 0.6403539776802063
vt 0.08826100081205368 0.6428059935569763
vt 0.09255799651145935 0.54762202501297
vt 0.9563620090484619 0.5277829766273499
vt 0.9885460138320923 0.42873096466064453
vt 0.9932609796524048 0.5395309925079346
vt 0.5215420126914978 0.06152302026748657
vt 0.6235399842262268 0.06152302026748657
vt 0.6235470175743103 0.06341397762298584
vt 0.08768700063228607 0.5992699861526489
vt 0.08768700063228607 0.5060200095176697
vt 0.08964300155639648 0.5992259979248047
vt 0.15598399937152863 0.41686296463012695
vt 0.15598399937152863 0.5131120085716248
vt 0.125123992562294 0.4170420169830322
vt 0.3080570101737976 0.3303990364074707
vt 0.6731690168380737 0.00018602609634399414
vt 0.7762020230293274 0.00018602609634399414
vt 0.6778299808502197 0.021476030349731445
vt 0.1875150054693222 0.435342013835907
vt 0.1908400058746338 0.43563300371170044
vt 0.19334100186824799 0.5359429717063904
vt 0.6427519917488098 0.8360840082168579
vt 0.5431420207023621 0.8360840082168579
vt 0.5432620048522949 0.8142939805984497
vt 0.11791899800300598 0.10148501396179199
vt 0.8659399747848511 0.8875240087509155
vt 0.7731720209121704 0.8862500190734863
vt 0.7731720209121704 0.8629900217056274
vt 0.7926729917526245 0.9831900000572205
vt 0.6750500202178955 0.8131629824638367
vt 0.46518900990486145 0.9072690010070801
vt 0.2526969909667969 0.8073599934577942
vt 0.2499680072069168 0.7971739768981934
vt 0.35506999492645264 0.8036940097808838
vt 0.7054060101509094 0.9478520154953003
vt 0.7203860282897949 0.9592189788818359
vt 0.09066300094127655 0.4635930061340332
vt 0.09066300094127655 0.5565590262413025
vt 0.08717100322246552 0.46671199798583984
vt 0.6714800000190735 0.885250985622406
vt 0.6714800000190735 0.8924559950828552
vt 0.5753710269927979 0.8848749995231628
vt 0.10216899961233139 0.1444770097732544
vt 0.34127500653266907 0.22333097457885742
vt 0.3314340114593506 0.20308297872543335
vt 0.42041701078414917 0.1845960021018982
vt 0.6834999918937683 0.9955700039863586
vt 0.6749629974365234 0.9982920289039612
vt 0.09315299987792969 0.6908900141716003
vt 0.18204300105571747 0.057762980461120605
vt 0.4676870107650757 0.9829530119895935
vt 0.5297939777374268 0.9829530119895935
vt 0.5281350016593933 0.983797013759613
vt 0.08561599999666214 0.004761993885040283
vt 0.45702600479125977 0.9277420043945312
vt 0.45702600479125977 0.9105449914932251
vt 0.5228229761123657 0.9249119758605957
vt 0.887362003326416 0.6245719790458679
vt 0.8721969723701477 0.6135540008544922
vt 0.9490450024604797 0.5392299890518188
vt 0.9529920220375061 0.6723570227622986
vt 0.21275800466537476 0.49663299322128296
vt 0.5216820240020752 0.9276630282402039
vt 0.5216820240020752 0.9509270191192627
vt 0.45665600895881653 0.9288259744644165
vt 0.08121400326490402 0.25631797313690186
vt 0.08121400326490402 0.16685599088668823
vt 0.08755200356245041 0.25588899850845337
vt 0.8070549964904785 0.19906902313232422
vt 0.8212379813194275 0.2888219952583313
vt 0.8172990083694458 0.2893509864807129
vt 0.45712700486183167 0.3013010025024414
vt 0.0977730005979538 0.4784420132637024
vt 0.10127100348472595 0.5581849813461304
vt 0.10069400072097778 0.6159250140190125
vt 0.09949000179767609 0.5982810258865356
vt 0.10554800182580948 0.5977510213851929
vt 0.2067050039768219 0.24185502529144287
vt 0.1989540010690689 0.33044201135635376
vt 0.19659200310707092 0.22724097967147827
vt 0.9676820039749146 0.9601730108261108
vt 0.6961320042610168 0.8961920142173767
vt 0.6183789968490601 0.8961920142173767
vt 0.7141140103340149 0.8917170166969299
vt 0.47880300879478455 0.027001023292541504
vt 0.9847729802131653 0.9642030000686646
vt 0.9922969937324524 0.9541710019111633
vt 0.4857270121574402 0.35133200883865356
vt 0.700838029384613 0.956866979598999
vt 0.4730460047721863 0.03278398513793945
vt 0.10487700253725052 0.5216060280799866
vt 0.06780999898910522 0.5007690191268921
vt 0.06780999898910522 0.5818510055541992
vt 0.05863799899816513 0.5687249898910522
vt 0.9852200150489807 0.9586640000343323
vt 0.943871021270752 0.9282220005989075
vt 0.2636429965496063 0.9447110295295715
vt 0.09446299821138382 0.43849998712539673
vt 0.523402988910675 0.9265689849853516
vt 0.07473500072956085 0.7977820038795471
vt 0.07473500072956085 0.7065010070800781
vt 0.09050499647855759 0.797743022441864
vt 0.13169200718402863 0.3309209942817688
vt 0.13169200718402863 0.23203498125076294
vt 0.13531099259853363 0.23180001974105835
vt 0.19770699739456177 0.5243020057678223
vt 0.21942199766635895 0.5204730033874512
vt 0.21337099373340607 0.6231039762496948
vt 0.28485000133514404 0.9281290173530579
vt 0.6010950207710266 0.613988995552063
vt 0.6010950207710266 0.5919600129127502
vt 0.7002220153808594 0.6137449741363525
vt 0.5426859855651855 0.8512589931488037
vt 0.5426859855651855 0.8369020223617554
vt 0.6406890153884888 0.8384230136871338
vt 0.30336299538612366 0.5132970213890076
vt 0.03244100138545036 0.9484990239143372
vt 0.7624580264091492 0.5014709830284119
vt 0.9873160123825073 0.026986002922058105
vt 0.8852279782295227 0.026986002922058105
vt 0.8854749798774719 0.00021797418594360352
vt 0.9625340104103088 0.8189550042152405
vt 0.8964080214500427 0.7709119915962219
vt 0.9584500193595886 0.6858310103416443
vt 0.6808450222015381 0.7620220184326172
vt 0.4922429919242859 0.0643320083618164
vt 0.0002010000025620684 0.0010439753532409668
vt 0.7410129904747009 0.9973130226135254
vt 0.7410169839859009 0.9993429780006409
vt 0.7244740128517151 0.9993429780006409
vt 0.7244740128517151 0.9971299767494202
vt 0.10315699875354767 0.32151103019714355
vt 0.10022000223398209 0.32176798582077026
vt 0.09936100244522095 0.23238801956176758
vt 0.3660449981689453 0.22375398874282837
vt 0.005270000081509352 0.33026498556137085
vt 0.006219999864697456 0.3282279968261719
vt 0.02193400077521801 0.3389190435409546
vt 0.02131499908864498 0.3200230002403259
vt 0.27697500586509705 0.9938290119171143
vt 0.27698200941085815 0.9963930249214172
vt 0.26024699211120605 0.9963930249214172
vt 0.26004600524902344 0.9935320019721985
vt 0.5031219720840454 0.9779329895973206
vt 0.50279700756073 0.9816529750823975
vt 0.4419659972190857 0.9775410294532776
vt 0.8283399939537048 0.8460019826889038
vt 0.9278320074081421 0.8460019826889038
vt 0.887969970703125 0.8547539710998535
vt 0.8212760090827942 0.9830960035324097
vt 0.8306639790534973 0.9654390215873718
vt 0.8573139905929565 0.9932940006256104
vt 0.833279013633728 0.9633809924125671
vt 0.5470349788665771 0.012885987758636475
vt 0.4454079866409302 0.012885987758636475
vt 0.5056009888648987 0.007264971733093262
vt 0.4026080071926117 0.9978259801864624
vt 0.3820500075817108 0.9973120093345642
vt 0.3820500075817108 0.9941139817237854
vt 0.5536260008811951 0.9951390027999878
vt 0.5536260008811951 0.9983119964599609
vt 0.5310090184211731 0.995265007019043
vt 0.6989399790763855 0.3255380392074585
vt 0.6595360040664673 0.41653597354888916
vt 0.40283599495887756 0.9945709705352783
vt 0.4226270020008087 0.8189529776573181
vt 0.3179270029067993 0.8189529776573181
vt 0.4225269854068756 0.8153039813041687
vt 0.4244990050792694 0.9941179752349854
vt 0.4244990050792694 0.9973180294036865
vt 0.4037129878997803 0.9973139762878418
vt 0.740319013595581 0.22132396697998047
vt 0.6085119843482971 0.9953489899635315
vt 0.608473002910614 0.9988589882850647
vt 0.5856519937515259 0.9988589882850647
vt 0.6994799971580505 0.3080790042877197
vt 0.5854430198669434 0.9950960278511047
vt 0.025568999350070953 0.23595398664474487
vt 0.025568999350070953 0.3116530179977417
vt 0.022794000804424286 0.23605501651763916
vt 0.01116899959743023 0.39534103870391846
vt 0.009746000170707703 0.3617299795150757
vt 0.0015699999639764428 0.394834041595459
vt 0.6322119832038879 0.9950360059738159
vt 0.6322119832038879 0.9984139800071716
vt 0.6090980172157288 0.9982879757881165
vt 0.7333359718322754 0.9255239963531494
vt 0.7333359718322754 0.9475240111351013
vt 0.645002007484436 0.9456130266189575
vt 0.7390689849853516 0.3277050256729126
vt 0.48584601283073425 0.9989719986915588
vt 0.48664501309394836 0.995989978313446
vt 0.5076040029525757 0.998062014579773
vt 0.10676799714565277 0.04860997200012207
vt 0.10676799714565277 0.1367800235748291
vt 0.09575100243091583 0.09243202209472656
vt 0.3575429916381836 0.9549189805984497
vt 0.3435620069503784 0.9741619825363159
vt 0.31248199939727783 0.9376770257949829
vt 0.7386940121650696 0.9229549765586853
vt 0.8270490169525146 0.9229549765586853
vt 0.7827309966087341 0.9339720010757446
vt 0.16499799489974976 0.9599310159683228
vt 0.15793199837207794 0.9816790223121643
vt 0.11661399900913239 0.957364022731781
vt 0.5644220113754272 0.9668149948120117
vt 0.5736569762229919 0.9686729907989502
vt 0.05692699924111366 0.7706949710845947
vt 0.05919700115919113 0.7572230100631714
vt 0.2776620090007782 0.9970260262489319
vt 0.27785301208496094 0.9940469861030579
vt 0.2946299910545349 0.9940469861030579
vt 0.3811649978160858 0.9940940141677856
vt 0.38029399514198303 0.997340977191925
vt 0.36090099811553955 0.9948769807815552
vt 0.45560500025749207 0.2869639992713928
vt 0.546396017074585 0.3282430171966553
vt 0.2943759858608246 0.9978929758071899
vt 0.3331800103187561 0.007064998149871826
vt 0.4340740144252777 0.007064998149871826
vt 0.3334299921989441 0.012079000473022461
vt 0.05144599825143814 0.9872900247573853
vt 0.028046000748872757 0.581529974937439
vt 0.2909789979457855 0.9490209817886353
vt 0.8880820274353027 0.06802397966384888
vt 0.6569070219993591 0.9998160004615784
vt 0.6327660083770752 0.9995110034942627
vt 0.6332870125770569 0.9956510066986084
vt 0.6564019918441772 0.995697021484375
vt 0.5302640199661255 0.9983490109443665
vt 0.5085049867630005 0.9978709816932678
vt 0.5089920163154602 0.9945979714393616
vt 0.17104700207710266 0.0015649795532226562
vt 0.17104700207710266 0.005474984645843506
vt 0.08285800367593765 6.598234176635742e-05
vt 0.7728509902954102 0.8901579976081848
vt 0.5302860140800476 0.9947580099105835
vt 0.21926000714302063 0.9936779737472534
vt 0.23237000405788422 0.9941110014915466
vt 0.029413999989628792 0.44088900089263916
vt 0.04212300106883049 0.44085198640823364
vt 0.04212300106883049 0.5164579749107361
vt 0.029416000470519066 0.5173349976539612
vt 0.03710399940609932 0.10020798444747925
vt 0.35998299717903137 0.9973790049552917
vt 0.3397650122642517 0.9973909854888916
vt 0.3397650122642517 0.994500994682312
vt 0.3599799871444702 0.9940450191497803
vt 0.8710169792175293 0.032984018325805664
vt 0.7299699783325195 0.8740540146827698
vt 0.6322469711303711 0.8740540146827698
vt 0.6871089935302734 0.81461101770401
vt 0.029961999505758286 0.3633289933204651
vt 0.04157499969005585 0.3633289933204651
vt 0.03629299998283386 0.4401969909667969
vt 0.042353998869657516 0.08357203006744385
vt 0.042353998869657516 5.602836608886719e-05
vt 0.1022299975156784 0.036499977111816406
vt 0.016087999567389488 0.8437790274620056
vt 0.0070859999395906925 0.8429920077323914
vt 0.011555000208318233 0.790477991104126
vt 0.2472359985113144 0.28433799743652344
vt 0.987371027469635 0.859853982925415
vt 0.9932299852371216 0.7955620288848877
vt 0.02738099917769432 0.685250997543335
vt 0.038614001125097275 0.685250997543335
vt 0.029621999710798264 0.7479990124702454
vt 0.6544479727745056 0.11491400003433228
vt 0.624925971031189 0.15827703475952148
vt 0.9885370135307312 0.9769690036773682
vt 0.6295779943466187 0.0703359842300415
vt 0.5208380222320557 0.7621909976005554
vt 0.11754400283098221 0.09909498691558838
vt 0.11844900250434875 0.05314803123474121
vt 0.13645200431346893 0.05314803123474121
vt 0.11745200306177139 0.007705986499786377
vt 0.6384879946708679 0.34482598304748535
vt 0.9002910256385803 0.902899980545044
vt 0.9287940263748169 0.9527559876441956
vt 0.02277499996125698 0.6336479783058167
vt 0.02050199918448925 0.36921799182891846
vt 0.02050199918448925 0.38077497482299805
vt 0.013616999611258507 0.36917001008987427
vt 0.019074000418186188 0.381816029548645
vt 0.007079999893903732 0.3813369870185852
vt 0.006198999937623739 0.38026201725006104
vt 0.006655000150203705 0.36881399154663086
vt 0.7688490152359009 0.4637939929962158
vt 0.7922840118408203 0.47933000326156616
vt 0.021869000047445297 0.04911696910858154
vt 0.44617798924446106 0.9944609999656677
vt 0.4461449980735779 0.9974309802055359
vt 0.42535799741744995 0.9974309802055359
vt 0.5617679953575134 0.9945110082626343
vt 0.5848320126533508 0.9945110082626343
vt 0.5848320126533508 0.9979320168495178
vt 0.5017930269241333 0.6140069961547852
vt 0.5919579863548279 0.5713840126991272
vt 0.4256240129470825 0.994005024433136
vt 0.567031979560852 0.058341026306152344
vt 0.4621869921684265 0.058341026306152344
vt 0.5667780041694641 0.054504990577697754
vt 0.016409000381827354 0.566690981388092
vt 0.021786000579595566 0.5678960084915161
vt 0.010034999810159206 0.14425396919250488
vt 0.002707999898120761 0.49578702449798584
vt 0.008980999700725079 0.4902549982070923
vt 0.7010279893875122 0.9797419905662537
vt 0.0020940001122653484 0.48493003845214844
vt 0.8962119817733765 0.811860978603363
vt 0.7931749820709229 0.8189250230789185
vt 0.8436629772186279 0.7995020151138306
vt 0.7711210250854492 0.9791679978370667
vt 0.7614420056343079 0.9493799805641174
vt 0.8153839707374573 0.9472799897193909
vt 0.3228810131549835 0.7282199859619141
vt 0.7338320016860962 0.9906910061836243
vt 0.37366700172424316 0.7071470022201538
vt 0.2928459942340851 0.7742779850959778
vt 0.3189620077610016 0.9941620230674744
vt 0.33895498514175415 0.9941620230674744
vt 0.3389729857444763 0.9972739815711975
vt 0.029154999181628227 0.5180680155754089
vt 0.0426970012485981 0.5179929733276367
vt 0.0426970012485981 0.5927410125732422
vt 0.7198269963264465 0.6130080223083496
vt 0.678176999092102 0.5229229927062988
vt 0.028839999809861183 0.5928390026092529
vt 0.7564650177955627 0.031993985176086426
vt 0.6561300158500671 0.031993985176086426
vt 0.7563310265541077 0.027956008911132812
vt 0.02045300044119358 0.26386797428131104
vt 0.012129000388085842 0.5742930173873901
vt 0.9345849752426147 0.9653679728507996
vt 0.38280901312828064 0.947812020778656
vt 0.3744879961013794 0.9612360000610352
vt 0.00368200009688735 0.14043903350830078
vt 0.005096000153571367 0.24172598123550415
vt 0.7245780229568481 0.9963300228118896
vt 0.7245699763298035 0.9940980076789856
vt 0.7412340044975281 0.9940980076789856
vt 0.6719610095024109 0.06346601247787476
vt 0.6565250158309937 0.06346601247787476
vt 0.6565030217170715 0.061470985412597656
vt 0.39074400067329407 0.3618220090866089
vt 0.43466800451278687 0.4573880434036255
vt 0.7414249777793884 0.9958760142326355
vt 0.1567779928445816 0.5168150067329407
vt 0.15677900612354279 0.41718995571136475
vt 0.15908999741077423 0.5167750120162964
vn -0.9977308373398136 -0.0018299997064805682 0.06730399187469198
vn -0.9867535839514748 -0.022193991192240532 0.16070093750155398
vn -0.9809049865875509 0.0897670006717374 0.1725320053731399
vn -0.9977308373398136 -0.0018299997064805682 0.06730399187469198
vn -0.9254639801604541 -0.03523999846765879 -0.37719300620977847
vn -0.9867535839514748 -0.022193991192240532 0.16070093750155398
vn 0.9710105893302353 0.19633492098857863 0.13634894282302976
vn 0.4531388738234764 0.49115686084891413 0.7439288266165197
vn 0.9972972302601776 -0.002646000597809938 0.0734250175091223
vn 0.9757174873981935 0.0020879990129409596 -0.21902288703575684
vn 0.9710105893302353 0.19633492098857863 0.13634894282302976
vn 0.9757174873981935 0.0020879990129409596 -0.21902288703575684
vn 0.987994051445039 0.1005140086033815 -0.11732300875658236
vn 0.9705716055910121 0.20997592123982523 0.11790195469105483
vn 0.4996580656383983 0.7315741160732419 0.463833084346243
vn 0.9705716055910121 0.20997592123982523 0.11790195469105483
vn 0.062001999794374006 -0.5395990042514158 0.8396360322380043
vn 0.09307899506220468 -0.055905998085335126 0.9940879337645602
vn -0.04440499538560109 0.015910998233752582 0.9988868987628231
vn 0.062001999794374006 -0.5395990042514158 0.8396360322380043
vn -0.04440499538560109 0.015910998233752582 0.9988868987628231
vn -0.1281549748426056 -0.7028099116763625 0.6997389016430019
vn 0.5514731654950216 -0.8331582616131384 0.04152901208400591
vn 0.9614347160448388 -0.27154092130668617 0.04368998557674466
vn 0.9614347160448388 -0.27154092130668617 0.04368998557674466
vn 0.497390974864647 -0.004463999902473631 0.8675150089929666
vn 1.000000273307939e-05 -0.0012240003876434092 0.9999992508612449
vn 0.37165082567809027 -0.3127428728260106 0.8741095808131424
vn 0.497390974864647 -0.004463999902473631 0.8675150089929666
vn 0.9671928481539533 -0.002697999710099691 0.2540289654299445
vn 0.27727799816304466 0.004122000069989764 0.9607808911766083
vn 0.497390974864647 -0.004463999902473631 0.8675150089929666
vn 0.696371071730837 -0.009943000875744262 0.7176130344343185
vn 0.9671928481539533 -0.002697999710099691 0.2540289654299445
vn 0.497390974864647 -0.004463999902473631 0.8675150089929666
vn 0.27727799816304466 0.004122000069989764 0.9607808911766083
vn 1.000000273307939e-05 -0.0012240003876434092 0.9999992508612449
vn 0.743207094528654 -0.3490880715908486 0.5707720498721525
vn 0.696371071730837 -0.009943000875744262 0.7176130344343185
vn -0.002928999728383995 0.6705429577120013 -0.7418649222219854
vn 0.9983660098217108 0.04284700055831227 -0.03780800147894517
vn 0.08520896997824483 -0.6207608230872025 -0.7793557800872112
vn -0.002928999728383995 0.6705429577120013 -0.7418649222219854
vn -0.030330996224595792 -0.3968739413304071 -0.9173718468325109
vn -0.035110991038872615 0.9464237579646619 -0.3210129104386848
vn -0.030330996224595792 -0.3968739413304071 -0.9173718468325109
vn -0.002928999728383995 0.6705429577120013 -0.7418649222219854
vn 0.9924698628806642 0.11662297924765026 0.0374519957417212
vn 0.9983660098217108 0.04284700055831227 -0.03780800147894517
vn -0.035110991038872615 0.9464237579646619 -0.3210129104386848
vn 0.02331899912819169 0.8499989649970825 0.526267977159496
vn 0.9603085984840192 -0.030448985780799666 0.27727288894260704
vn 0.9901156037578239 -0.03139398869069308 -0.13669494749027208
vn 0.9969645210583433 0.015635993438363468 0.07627096079179585
vn 0.9603085984840192 -0.030448985780799666 0.27727288894260704
vn 0.9969645210583433 0.015635993438363468 0.07627096079179585
vn -0.9542642335015008 0.06545101919304665 0.29171207850616077
vn 0.9603085984840192 -0.030448985780799666 0.27727288894260704
vn -0.9542642335015008 0.06545101919304665 0.29171207850616077
vn -0.9994099526164268 -0.03396699878709386 0.005098000061653939
vn 0.4239551799087257 -0.9055403592991638 0.01608300683644863
vn 0.8742393268852648 -0.48503917531232527 0.021038007023920963
vn 0.9964769563521977 -0.08324099646830972 0.010227999121196969
vn 0.4239551799087257 -0.9055403592991638 0.01608300683644863
vn 0.5779889409013766 -0.28520197618622856 0.7645839502469134
vn 0.8742393268852648 -0.48503917531232527 0.021038007023920963
vn 0.4239551799087257 -0.9055403592991638 0.01608300683644863
vn -0.69349381236701 -0.7204017916174283 0.009358997973585659
vn -0.6261482238480677 -0.4210781454845726 0.6562252640421452
vn 0.4239551799087257 -0.9055403592991638 0.01608300683644863
vn 0.9964769563521977 -0.08324099646830972 0.010227999121196969
vn 0.12073602890013266 -0.992484180485297 -0.01994900528484081
vn 0.4239551799087257 -0.9055403592991638 0.01608300683644863
vn 0.12073602890013266 -0.992484180485297 -0.01994900528484081
vn -0.69349381236701 -0.7204017916174283 0.009358997973585659
vn 0.5779889409013766 -0.28520197618622856 0.7645839502469134
vn -0.02930299883598461 0.9696509658996588 0.24273100046981422
vn -0.06593597478890906 -0.9889746006187529 0.13259595227462476
vn 0.02086698925304105 -0.9904964765273643 0.13594594052927855
vn -0.02930299883598461 0.9696509658996588 0.24273100046981422
vn 0.033109006971218984 0.9964781905006909 0.07703901293402297
vn -0.03426100715363497 0.9979002560703141 -0.05496601062129288
vn -0.02930299883598461 0.9696509658996588 0.24273100046981422
vn 0.02086698925304105 -0.9904964765273643 0.13594594052927855
vn 0.033109006971218984 0.9964781905006909 0.07703901293402297
vn -0.9643189638957486 -0.26332797868047253 -0.02733699901390908
vn -0.767520455685586 -0.6383933161922671 0.05802003055178867
vn -0.9491931590971517 -0.29311103134990946 0.11453501658515455
vn -0.9643189638957486 -0.26332797868047253 -0.02733699901390908
vn -0.9491931590971517 -0.29311103134990946 0.11453501658515455
vn -0.7558702945362329 -0.6493942327614068 0.08335003475663617
vn -0.9643189638957486 -0.26332797868047253 -0.02733699901390908
vn -0.6741291807916377 -0.7385941664208233 -0.005339001247830971
vn -0.9578411696162711 -0.2782720486236852 -0.07144900799109398
vn -0.7410880435932127 -0.6713900720641813 -0.004887000801910454
vn -0.9643189638957486 -0.26332797868047253 -0.02733699901390908
vn -0.9578411696162711 -0.2782720486236852 -0.07144900799109398
vn -0.7410880435932127 -0.6713900720641813 -0.004887000801910454
vn -0.6741291807916377 -0.7385941664208233 -0.005339001247830971
vn 0.9242763080891101 -0.37555612332497224 0.06834401611174613
vn 0.7230047753218047 -0.6673118032623689 -0.17877094867061605
vn 0.8858582281294534 0.4591341553991402 -0.0667160175764689
vn 0.9242763080891101 -0.37555612332497224 0.06834401611174613
vn 0.5777048922241778 0.8019547860841579 0.15207096559489416
vn 0.16913798774572483 -0.6434969458057956 0.7465279779351474
vn 0.9242763080891101 -0.37555612332497224 0.06834401611174613
vn 0.06288799445997673 -0.5222719743725226 0.8504569859421632
vn 0.6160051196229654 -0.7742831668806954 0.14499403464797192
vn 0.9242763080891101 -0.37555612332497224 0.06834401611174613
vn 0.6160051196229654 -0.7742831668806954 0.14499403464797192
vn 0.7230047753218047 -0.6673118032623689 -0.17877094867061605
vn 0.9242763080891101 -0.37555612332497224 0.06834401611174613
vn 0.8858582281294534 0.4591341553991402 -0.0667160175764689
vn 0.5777048922241778 0.8019547860841579 0.15207096559489416
vn 0.9242763080891101 -0.37555612332497224 0.06834401611174613
vn 0.16913798774572483 -0.6434969458057956 0.7465279779351474
vn 0.06288799445997673 -0.5222719743725226 0.8504569859421632
vn 0.9816911163212556 -0.009434000533851994 0.1902460295771091
vn 0.008778997129648615 0.02203199311283996 0.9997187206854103
vn 0.9755701941906446 -0.21456703553850848 -0.047157008673624615
vn 0.30011091574931986 -0.39144888837577907 -0.8698857430935808
vn 0.9996630877013404 0.006947000790087165 -0.02500900372755269
vn 0.31529902097944656 -0.021881000158312243 0.9487400851663612
vn 0.37279295868699347 -0.03915799835639088 -0.9270879468087795
vn -0.1597170003013905 0.9837550613717297 0.08195400563870983
vn -0.25632606668493807 0.9664893268133007 -0.013976004214431152
vn -0.7701569391333769 0.5972599669698551 0.22391699569232265
vn -0.5022910291174141 0.8640059921407593 0.03460300005825077
vn -0.1597170003013905 0.9837550613717297 0.08195400563870983
vn -0.5324201967206781 0.7791403220761489 0.3308611380005055
vn -0.5022910291174141 0.8640059921407593 0.03460300005825077
vn -0.7701569391333769 0.5972599669698551 0.22391699569232265
vn 0.8907707892189015 0.4046189469981983 0.2069079718242018
vn 0.9338745332900616 0.3401618331090849 0.11030994229051456
vn 0.08606296222357215 0.3983668129868366 0.9131796366783561
vn 0.17730900285923842 0.6036159869889959 0.7773089847392496
vn 0.8239362429090756 0.5635421593907259 0.05957602042864362
vn 0.9315809477046861 0.3569109757554686 -0.0690759962571541
vn 0.09199704200127377 0.6393752673485578 0.763371345916243
vn -0.9731406375809705 0.1682389345065319 -0.1571399389226337
vn -0.9710336116127943 0.003787998493240455 0.2389129050211146
vn -0.9550501529499628 0.22623703881788065 0.1915620202889123
vn -0.9731406375809705 0.1682389345065319 -0.1571399389226337
vn -0.9973763044183157 0.004258000890496484 -0.07226601423407762
vn -0.9710336116127943 0.003787998493240455 0.2389129050211146
vn -0.9731406375809705 0.1682389345065319 -0.1571399389226337
vn -0.9550501529499628 0.22623703881788065 0.1915620202889123
vn -0.9334474162176901 0.34366977839328655 -0.1027959365715766
vn -0.9731406375809705 0.1682389345065319 -0.1571399389226337
vn -0.9334474162176901 0.34366977839328655 -0.1027959365715766
vn -0.15759097932319324 0.8436648525802352 -0.5132199331249
vn -0.0702340045848511 0.6394510542130005 -0.7656170935042252
vn -0.9973763044183157 0.004258000890496484 -0.07226601423407762
vn -0.7457388311608305 0.6582188316895988 0.1030609785906275
vn -0.9472071545600124 0.24911604789337402 0.20184102911031512
vn -0.10325001964562096 0.11667002781966414 0.987789217420264
vn -0.43234712638754125 0.8820192359563475 0.18739805150378788
vn -0.7034737526028149 0.7106987886715768 0.005648998111771531
vn -0.9727870205350185 0.23168499718822413 0.00273400009032031
vn 0.2483931082973893 -0.968271454602453 0.027409012248004502
vn 0.9761910117570636 -0.13176399721728313 -0.17230599990146697
vn 0.21244710360136362 -0.5193142215760558 0.8277553789859943
vn 0.2483931082973893 -0.968271454602453 0.027409012248004502
vn -0.5946092216152354 -0.8038642089734677 -0.015563004259618391
vn 0.3048229796311095 -0.9483978694605908 -0.08731799523250812
vn 0.9999812305129815 0.005981001573036844 -0.0013290003487170243
vn 0.9998845184349489 0.012848993411634174 -0.008114996144084983
vn 0.9999812305129815 0.005981001573036844 -0.0013290003487170243
vn 0.2483931082973893 -0.968271454602453 0.027409012248004502
vn -0.9258662251242494 -0.3750540826681741 0.04589300870619746
vn -0.5946092216152354 -0.8038642089734677 -0.015563004259618391
vn 0.21244710360136362 -0.5193142215760558 0.8277553789859943
vn 0.08462098663048816 0.9625008335047062 0.2577429613479845
vn 0.17341406450069569 0.7148082176630695 0.6774782462889083
vn 0.24030711530779444 -0.3894361737547538 -0.8891523811494313
vn -0.05177898011251883 0.9778326250642024 0.20288492940225578
vn 0.4546530378926343 -0.6227700483145633 -0.6367480522602919
vn 0.09402202983252597 0.014170004117201634 0.9954692706907079
vn 0.5465303855025063 -0.7553024562291099 -0.36169425947442885
vn -0.8017737309256998 -0.023056993524159543 0.5971827688799385
vn -0.3841788295672431 0.7275206711158447 0.5684367159249077
vn -0.6134519934615218 0.7329469634297705 0.2940499966284025
vn -0.9957822653135151 -0.006980001620875674 0.09148201825745275
vn -0.8017737309256998 -0.023056993524159543 0.5971827688799385
vn -0.424478042555582 -0.03215500252818849 0.9048670881409013
vn -0.3841788295672431 0.7275206711158447 0.5684367159249077
vn -0.14338397386833698 0.10809798091692233 0.9837458322958266
vn -0.3654889868535064 0.2830779999884001 -0.8867269288858688
vn -0.4194040257264047 -0.30176900684995805 0.8561750578644973
vn 0.08282103242083996 -0.062439027062299514 0.994606477200033
vn -0.14338397386833698 0.10809798091692233 0.9837458322958266
vn 0.08282103242083996 -0.062439027062299514 0.994606477200033
vn 0.3742261099729643 0.34187110059794606 0.8620202835145191
vn 0.3742261099729643 0.34187110059794606 0.8620202835145191
vn 0.523222689531435 -0.836376555280383 -0.16343890276434164
vn 0.9982223082816791 -0.03473700806596938 -0.04843101815387779
vn 0.7289757637836966 -0.676045766998393 0.1075009615749117
vn 0.523222689531435 -0.836376555280383 -0.16343890276434164
vn -0.8737571848501591 -0.46153810688890773 0.1533980371847309
vn -0.9584687227090402 -0.24473593809679836 -0.1464309673272057
vn 0.6550008419483951 0.6930168618355006 -0.30116694084604995
vn 0.9982223082816791 -0.03473700806596938 -0.04843101815387779
vn 0.523222689531435 -0.836376555280383 -0.16343890276434164
vn 0.7289757637836966 -0.676045766998393 0.1075009615749117
vn -0.8737571848501591 -0.46153810688890773 0.1533980371847309
vn -0.19413008027236292 0.6871332608121232 0.7001152718082535
vn 0.788464147234451 0.02646500478502571 0.6145111000198274
vn 0.5720232770205803 0.5731322810500077 0.5867782877416745
vn -0.9550501529499628 0.22623703881788065 0.1915620202889123
vn -0.01321000443893771 0.028540010158496772 0.9995053594668095
vn -0.16730601973095488 0.827093118828358 0.5365870558898762
vn -0.6518844366172476 0.7451354265326023 0.1407830864212407
vn -0.04416000003814564 -0.6180239784048186 -0.7849179934956972
vn -0.1445469490112803 0.0584249766947007 -0.9877715837326735
vn 0.03305400200718895 0.004809999893453952 -0.9994419927401158
vn 0.059338013671167825 -0.9008142215217896 -0.4301310712302154
vn -0.8922389892667643 -0.4355039966310107 -0.11935600089915678
vn 0.06730098625998485 -0.5858629000831785 0.8076108218409166
vn -0.8715948930892747 -0.04302699428371132 0.4883349466335633
vn -0.5293590248911557 -0.581766049424452 0.6175170333710245
vn 0.06730098625998485 -0.5858629000831785 0.8076108218409166
vn -0.5293590248911557 -0.581766049424452 0.6175170333710245
vn 0.12286703562976996 -0.824393171603322 0.5525211219214777
vn 0.06730098625998485 -0.5858629000831785 0.8076108218409166
vn 0.9917664714181716 0.0018630009583480579 0.12804606748423797
vn 0.05557298361663202 -0.015860995488718915 0.9983286394339553
vn 0.9478332609140603 -0.220035051186662 0.23064406724280148
vn 0.9917664714181716 0.0018630009583480579 0.12804606748423797
vn -0.8715948930892747 -0.04302699428371132 0.4883349466335633
vn 0.05625499991328315 0.5521060065285218 -0.831873988377978
vn -0.18319500306186812 0.5734280006428428 -0.7985110637504743
vn -0.05861200036909876 0.4128789913844379 -0.9088979986148622
vn 0.05625499991328315 0.5521060065285218 -0.831873988377978
vn 0.19077402231582496 0.43265706024721995 -0.8811430874878805
vn 0.7666103109996889 0.6147262346717117 -0.1855270532167752
vn -0.05542098173531234 -0.5572178774101507 -0.8285147867588244
vn 0.05625499991328315 0.5521060065285218 -0.831873988377978
vn 0.17906604818246014 -0.5719471133333723 -0.8005072454000272
vn -0.05542098173531234 -0.5572178774101507 -0.8285147867588244
vn -0.05861200036909876 0.4128789913844379 -0.9088979986148622
vn 0.17906604818246014 -0.5719471133333723 -0.8005072454000272
vn 0.1229299983483981 0.002161999942220742 -0.9924129892652115
vn 0.32350790454586303 0.1961349544117156 -0.9256747351819963
vn 0.9696769981362237 0.03492299936016954 0.2418820030535795
vn 0.1229299983483981 0.002161999942220742 -0.9924129892652115
vn -0.12160298108025873 -0.004218999720371648 -0.9925698539819521
vn -0.4432050886569995 0.012563002390280876 -0.8963322042409738
vn 0.1229299983483981 0.002161999942220742 -0.9924129892652115
vn -0.4432050886569995 0.012563002390280876 -0.8963322042409738
vn -0.20285993055982632 0.2007169350440201 -0.9584156512493924
vn 0.1229299983483981 0.002161999942220742 -0.9924129892652115
vn 0.9696769981362237 0.03492299936016954 0.2418820030535795
vn 0.44311598286494314 -0.01636399976382305 -0.8963149252586198
vn -0.20285993055982632 0.2007169350440201 -0.9584156512493924
vn 0.1229299983483981 0.002161999942220742 -0.9924129892652115
vn 0.44311598286494314 -0.01636399976382305 -0.8963149252586198
vn -0.12160298108025873 -0.004218999720371648 -0.9925698539819521
vn 0.7469333378525778 -0.6631763549282802 -0.04783002266826397
vn 0.7499870797084827 -0.6614510610083548 -0.0013690000962953822
vn 0.4353817262370871 -0.9002434319885723 0.002124998882538436
vn 0.7469333378525778 -0.6631763549282802 -0.04783002266826397
vn 0.4511047791110999 -0.8876785422222692 -0.09236494974433125
vn 0.7186387779361713 -0.013121995147304921 -0.6952597500860814
vn 0.4511047791110999 -0.8876785422222692 -0.09236494974433125
vn -0.9930303431963351 -0.004202001152075843 0.11778404254264187
vn -0.9952981343718749 -0.0015100001861344592 -0.09684701139066144
vn -0.9922330441454426 -0.00428600027439205 0.12431901024186182
vn -0.2222860567694937 -0.0040100006653559514 0.9749732452024175
vn -0.6093603114249145 0.03254001822212202 0.7922254464950208
vn -0.9948319753020999 0.004525999986188114 -0.10143399943138975
vn -0.9930303431963351 -0.004202001152075843 0.11778404254264187
vn -0.9922762486775268 0.07255801539200797 0.1006140184707289
vn -0.9948319753020999 0.004525999986188114 -0.10143399943138975
vn -0.9922762486775268 0.07255801539200797 0.1006140184707289
vn -0.016630999867281997 -0.6182519839362999 0.7858039795026771
vn 0.07333997935254326 0.022518992914645677 0.9970527279871806
vn -0.08954996747006153 -0.00975099604806924 0.9959345969501118
vn 0.034077997039431936 -0.7173539741166097 0.6958749642981037
vn 0.4119171247585068 -0.31802410917164803 -0.8539232684007763
vn 0.21432294129705987 0.13595596613746125 -0.9672546986732122
vn 0.4119171247585068 -0.31802410917164803 -0.8539232684007763
vn -0.14544797898927297 -0.16643195732358212 -0.9752667783685537
vn -0.4194040257264047 -0.30176900684995805 0.8561750578644973
vn -0.8293560179894849 -0.5553749821565142 0.061051000149685335
vn -0.9712159649342205 -0.07592299871961551 -0.2257769866977418
vn -0.9969497810256001 -0.03319599244731354 0.07063398755872467
vn -0.8293560179894849 -0.5553749821565142 0.061051000149685335
vn -0.793197097893915 0.5784240544648355 0.19043102979591334
vn -0.8367757187977165 0.5440438381184494 -0.061827976158946314
vn -0.8293560179894849 -0.5553749821565142 0.061051000149685335
vn -0.8367757187977165 0.5440438381184494 -0.061827976158946314
vn -0.7789237216279643 -0.5989107868067697 -0.18596694687964707
vn -0.8293560179894849 -0.5553749821565142 0.061051000149685335
vn -0.9969497810256001 -0.03319599244731354 0.07063398755872467
vn -0.1772219691701394 -0.6177718729933227 0.7661268084212822
vn -0.9712159649342205 -0.07592299871961551 -0.2257769866977418
vn -0.793197097893915 0.5784240544648355 0.19043102979591334
vn -0.41650499257964063 0.008364000029230448 0.909094953599317
vn -0.8715948930892747 -0.04302699428371132 0.4883349466335633
vn -0.41650499257964063 0.008364000029230448 0.909094953599317
vn -0.4708507793449381 -0.036326984559261324 -0.8814646299104097
vn -0.11533097318096061 0.016089996518796845 -0.9931967975367005
vn -0.4708507793449381 -0.036326984559261324 -0.8814646299104097
vn 0.08891400580062918 -0.004045000247592135 -0.9960310926600046
vn 0.5771290253849973 0.001224000037211676 -0.8166520617019662
vn 0.41463399022349134 -0.003371000064317103 -0.9099820275752221
vn 0.08891400580062918 -0.004045000247592135 -0.9960310926600046
vn -0.08459901022045992 -0.001982000180786998 -0.9964131066706228
vn -0.42493685840577444 -0.0024529991067584306 -0.9052196690105739
vn -0.08459901022045992 -0.001982000180786998 -0.9964131066706228
vn 0.5400237502024317 -0.24001089009381354 0.8067026229371497
vn -0.19052398543034962 0.6850899639780985 0.703101950098436
vn -0.5775209270550171 -0.47741788342692876 0.6622248435370461
vn 0.15003993719690017 0.9565325728343672 0.2500668997544786
vn 0.7168946112696369 -0.3375128435356962 -0.6100386846594277
vn 0.6985959389569386 0.6026249591614606 -0.3857549386184464
vn 0.5400237502024317 -0.24001089009381354 0.8067026229371497
vn 0.33433790343725917 -0.8291577883318778 0.4480128663038224
vn 0.7168946112696369 -0.3375128435356962 -0.6100386846594277
vn -0.5775209270550171 -0.47741788342692876 0.6622248435370461
vn 0.3030749833060556 0.373432007410081 -0.8767520118800477
vn 0.20017702527876616 0.00435200046596958 -0.9797500796848594
vn 0.5306650641668708 0.8470351130106807 -0.030432006173669646
vn 0.3030749833060556 0.373432007410081 -0.8767520118800477
vn -0.74251213373289 0.005233001198654266 -0.6698121728946749
vn 0.20017702527876616 0.00435200046596958 -0.9797500796848594
vn 0.5306650641668708 0.8470351130106807 -0.030432006173669646
vn -0.7699751281959595 0.29907504482623304 -0.5636421023325016
vn 0.9449408276461464 0.2984139503167896 0.13429797654374565
vn 0.8265717423844804 -0.3264658967433674 0.4584748335023778
vn 0.3911919816536178 -0.606028008716876 -0.6926029787263217
vn 0.22300207274159056 0.7333512194159794 -0.6422352096654704
vn 0.41619879710841057 -0.4819137786458239 -0.7710626895634466
vn 0.7677194331207359 -0.15026507988042964 -0.6229183556272073
vn -0.2691230268118391 -0.03160300606868135 -0.9625871630387852
vn -0.6491970902847043 -0.3111360316916282 -0.6940731285311799
vn 0.44342794232636323 -0.8962068399741706 -0.013599998077896571
vn 0.9923064306184396 -0.12378005181313027 0.002539001069414851
vn 0.37571797712405963 -0.9258889648593437 -0.03956799739054033
vn 0.5210931407144428 -0.8528831774680108 0.032438006912070654
vn 0.3742341483959571 -0.9207133722159788 -0.11061504597943743
vn 0.37571797712405963 -0.9258889648593437 -0.03956799739054033
vn 0.1736439862660696 -0.9795648764806671 0.10149097890474883
vn 0.5210931407144428 -0.8528831774680108 0.032438006912070654
vn 0.9717302290284241 -0.20873604645909458 -0.11031602286609705
vn 0.9207508644572993 -0.320857974714585 0.2219639737957286
vn 0.9207508644572993 -0.320857974714585 0.2219639737957286
vn 0.6309181803046755 -0.7734691200556606 0.06072701278145544
vn 0.016734004695588472 -0.0760800262929672 0.9969612844469485
vn 0.24326709513235073 -0.8412473409372402 -0.48282919525634593
vn 0.12477292571899279 -0.719234568837006 -0.6834715443947675
vn 0.8256109007564492 -0.48292795760612206 -0.29179997997687435
vn -0.5717090580299399 -0.6615600737612949 -0.48527005035492227
vn 0.6476187835525419 -0.7533767872753184 -0.1140759728630255
vn -0.7402551067157562 -0.6685030959769841 -0.07159600303390821
vn 0.29356598818966834 -0.9552480193296632 -0.036334998898840086
vn 0.32350790454586303 0.1961349544117156 -0.9256747351819963
vn -0.02060099020694521 0.9885464966912492 -0.1495039232995293
vn 0.0790589713820879 0.9885746386606132 -0.128334963439603
vn 0.0790589713820879 0.9885746386606132 -0.128334963439603
vn 0.6126532207630628 0.7144581866919578 0.33794308774923215
vn 0.32350790454586303 0.1961349544117156 -0.9256747351819963
vn -0.20285993055982632 0.2007169350440201 -0.9584156512493924
vn -0.02060099020694521 0.9885464966912492 -0.1495039232995293
vn 5.000000800273387e-06 0.9999931771441432 0.0036940005634114423
vn 0.3957242414824703 0.7337904060204434 -0.552226370916381
vn 0.05732799182813946 0.7324129165960933 -0.6784429386147053
vn 5.000000800273387e-06 0.9999931771441432 0.0036940005634114423
vn -0.0657759752034614 0.7297677355399023 0.6805237492189358
vn 0.5567923175503677 0.7276973707759369 0.4005481889644231
vn 0.6707877815608333 0.7387507826620561 0.06550597854314717
vn 5.000000800273387e-06 0.9999931771441432 0.0036940005634114423
vn 0.29407493614292024 0.7210927798077529 0.6273317581963032
vn 0.5567923175503677 0.7276973707759369 0.4005481889644231
vn -0.5567250081587473 0.730352975454043 -0.3957799850119619
vn -0.678914967501827 0.732257961105936 -0.0535979971544721
vn 0.6096960039527634 0.7406350050317932 -0.2823660250199862
vn 5.000000800273387e-06 0.9999931771441432 0.0036940005634114423
vn 0.05732799182813946 0.7324129165960933 -0.6784429386147053
vn -0.30640798746066233 0.72040098761962 -0.6222029911989998
vn -0.0657759752034614 0.7297677355399023 0.6805237492189358
vn -0.5567250081587473 0.730352975454043 -0.3957799850119619
vn -0.9549583394977276 0.032849008712044395 0.29491611086947933
vn 0.9538529493211633 -0.06724799733697714 0.2926469851638391
vn 0.9959973250005706 0.034155009658298534 0.0826000236498093
vn -0.9549583394977276 0.032849008712044395 0.29491611086947933
vn -0.9860745236344399 0.0360309838362174 -0.16235394064483535
vn -0.996471117785734 -0.015726002103338358 0.0824500107743808
vn -0.9549583394977276 0.032849008712044395 0.29491611086947933
vn -0.996471117785734 -0.015726002103338358 0.0824500107743808
vn 0.9538529493211633 -0.06724799733697714 0.2926469851638391
vn 0.3916510442126652 0.9200950988465396 -0.00587100040071836
vn 0.6938128370449511 0.7179438367358929 0.05639498598795429
vn 0.6801648162957006 0.7286868077521265 -0.07994597476703524
vn 0.3916510442126652 0.9200950988465396 -0.00587100040071836
vn 0.23520690266500827 0.5264007725979575 -0.817055652662049
vn 0.21866408480121852 0.9738833458687244 -0.061133024279712816
vn 0.6801648162957006 0.7286868077521265 -0.07994597476703524
vn 0.3916510442126652 0.9200950988465396 -0.00587100040071836
vn 0.21866408480121852 0.9738833458687244 -0.061133024279712816
vn 0.23254191269169214 0.9702046856649915 0.06802298696311875
vn 0.3916510442126652 0.9200950988465396 -0.00587100040071836
vn 0.3914329595920569 0.9018779139644816 0.18274700120132864
vn 0.6938128370449511 0.7179438367358929 0.05639498598795429
vn 0.3916510442126652 0.9200950988465396 -0.00587100040071836
vn 0.23254191269169214 0.9702046856649915 0.06802298696311875
vn 0.3914329595920569 0.9018779139644816 0.18274700120132864
vn 0.9901156037578239 -0.03139398869069308 -0.13669494749027208
vn 0.9560570163952993 0.03494299963983315 -0.29109099638685004
vn 0.9969645210583433 0.015635993438363468 0.07627096079179585
vn -0.6246118543540342 0.021626994006889475 -0.78063583349129
vn -0.6114119630959781 0.002351999882699037 0.7913089658784829
vn -0.9385284300531058 0.16352306958546045 -0.30401413074954436
vn -0.6246118543540342 0.021626994006889475 -0.78063583349129
vn -0.613451948898829 -0.07873999214419387 -0.7857968694448716
vn -0.8051359018087183 0.004137999357926307 0.5930759281744419
vn -0.6114119630959781 0.002351999882699037 0.7913089658784829
vn 0.13542404466937893 0.44834514446226653 -0.8835422794425264
vn 0.37083600491246904 0.05463200592430567 -0.927090071885815
vn 0.37083600491246904 0.05463200592430567 -0.927090071885815
vn -0.05032499201918621 -0.00018199999129065448 0.9987328782283439
vn -0.033724001277194 0.00042000003914510135 0.9994310958429414
vn -0.5765482975611049 -0.11308605601064804 0.8091993601797695
vn -0.05032499201918621 -0.00018199999129065448 0.9987328782283439
vn -0.5765482975611049 -0.11308605601064804 0.8091993601797695
vn -0.3357089072699227 0.12726796825427306 0.9333286633528747
vn -0.05032499201918621 -0.00018199999129065448 0.9987328782283439
vn -0.3357089072699227 0.12726796825427306 0.9333286633528747
vn 0.0025809997791329813 -0.025328994842768827 0.9996758376895958
vn 0.9109009900925567 0.016573998714198807 -0.41229199460457866
vn 0.8224726898220656 0.010049995945313294 -0.568715809590656
vn -0.8584875163213872 -0.5119367302841054 0.030330982614404117
vn -0.2226379641498164 -0.9735558536096077 -0.05119899238943079
vn 0.19504199300196923 -0.9799109980945507 0.04162999854865732
vn -0.8584875163213872 -0.5119367302841054 0.030330982614404117
vn -0.2853900655421221 -0.5024891258372717 0.8161232682047227
vn -0.9844233730881785 0.07449003564175888 -0.15925406465074107
vn -0.8584875163213872 -0.5119367302841054 0.030330982614404117
vn -0.9989739013641686 -0.03880199771838376 -0.023356998229965342
vn -0.2226379641498164 -0.9735558536096077 -0.05119899238943079
vn -0.2853900655421221 -0.5024891258372717 0.8161232682047227
vn -0.680982889354663 0.7310808914300282 -0.042225994269529096
vn -0.9989739013641686 -0.03880199771838376 -0.023356998229965342
vn 0.8167901379050186 0.18636303555714853 -0.5460061259720678
vn -0.02494299422295568 0.05094698830106068 -0.9983898293864201
vn -0.2586709633697628 0.963951921699473 -0.062337992919664485
vn 0.5433489992918369 0.8394399443499511 -0.010603999165904545
vn 0.9695647978491552 0.21410095917602234 0.11876397623704742
vn 0.0799539805493311 0.6980248438500515 0.7115958673028029
vn 0.04625098051678632 0.05165197675676905 0.99759356458347
vn 0.9367063193417677 0.3090790958357263 0.16447304892464354
vn 0.9917838161122523 -0.004415999448733943 0.12784897749566362
vn 0.9695647978491552 0.21410095917602234 0.11876397623704742
vn 0.9895468800429902 0.00676099899231672 -0.1440529801490063
vn 0.9366246152139652 0.3098958628219413 -0.16339793260973615
vn 0.9695647978491552 0.21410095917602234 0.11876397623704742
vn 0.9917838161122523 -0.004415999448733943 0.12784897749566362
vn 0.9895468800429902 0.00676099899231672 -0.1440529801490063
vn 0.9695647978491552 0.21410095917602234 0.11876397623704742
vn 0.9366246152139652 0.3098958628219413 -0.16339793260973615
vn 0.9367063193417677 0.3090790958357263 0.16447304892464354
vn 0.9338745332900616 0.3401618331090849 0.11030994229051456
vn 0.859825908012263 0.4982829385434091 -0.11141598210056179
vn 0.6309920616804071 0.7754751526709985 0.022075001386205592
vn 0.9338745332900616 0.3401618331090849 0.11030994229051456
vn 0.6309920616804071 0.7754751526709985 0.022075001386205592
vn 0.022867010439880375 0.9950674569281299 0.09652904224183946
vn 0.9338745332900616 0.3401618331090849 0.11030994229051456
vn 0.9315809477046861 0.3569109757554686 -0.0690759962571541
vn 0.859825908012263 0.4982829385434091 -0.11141598210056179
vn 0.9338745332900616 0.3401618331090849 0.11030994229051456
vn 0.022867010439880375 0.9950674569281299 0.09652904224183946
vn 0.08606296222357215 0.3983668129868366 0.9131796366783561
vn 0.6323680822931352 -0.3952300514332095 0.6662610711582999
vn 0.5094016709389857 -0.46368571378589674 -0.7249175790911909
vn 0.8117805363012858 0.0 0.5839626365465489
vn 0.6323680822931352 -0.3952300514332095 0.6662610711582999
vn 0.21138098833611088 -0.7905149497744219 0.5748079609340777
vn 0.5094016709389857 -0.46368571378589674 -0.7249175790911909
vn 0.5001048619620331 0.0035139987538740595 -0.8659577234800171
vn 0.4871011122995263 -0.4184270837504335 -0.7665841649686431
vn 0.8703020442945039 0.025126999902107802 0.4918770024840833
vn 0.5001048619620331 0.0035139987538740595 -0.8659577234800171
vn 0.9959518114861666 -0.0065199983692363715 0.08965198725454047
vn 0.20017702527876616 0.00435200046596958 -0.9797500796848594
vn 0.5001048619620331 0.0035139987538740595 -0.8659577234800171
vn -0.5507408601167342 -0.013019996285554907 -0.8345747328397882
vn -0.8561656620699638 -0.231075900557501 -0.462151801115002
vn -0.5507408601167342 -0.013019996285554907 -0.8345747328397882
vn 0.8703020442945039 0.025126999902107802 0.4918770024840833
vn 0.4871011122995263 -0.4184270837504335 -0.7665841649686431
vn -0.5528089601546796 0.7205929236577255 -0.41850697956797955
vn -0.5289791302010767 -0.4789901146224574 0.7005351881994777
vn -0.4080790241964422 -0.7729120807651322 0.48587902343916145
vn 0.23472990864918772 0.9680056274703578 -0.08869597043419122
vn 0.20761605120474583 0.8355362022228842 -0.5086991547635086
vn -0.4757809323394914 0.8777148691209827 -0.05700099074665695
vn -0.5088960882345899 0.6204991045475051 -0.5966620757474675
vn 0.6219059547474692 -0.14165099823295646 0.770173992127263
vn 0.06190598460235774 -0.9848647839055984 0.16189195932161526
vn 0.23713790933685253 -0.05707998096134121 -0.9697976529816926
vn 0.6219059547474692 -0.14165099823295646 0.770173992127263
vn 0.19394597479557427 0.04049999653675618 0.9801758562325015
vn -0.37024379488641546 -0.12932393652694435 0.9198884996505179
vn 0.06190598460235774 -0.9848647839055984 0.16189195932161526
vn 0.6102759054481679 -0.01841499786102486 -0.7919748778106521
vn 0.19394597479557427 0.04049999653675618 0.9801758562325015
vn 0.5053497740435389 -0.7194376602380566 0.4764777632852713
vn 0.3901898879217431 0.920557682059962 -0.01803899564852268
vn 0.4892518306134129 0.7825446858930833 -0.3850408560424721
vn -0.1388760504992534 -0.6793712367205479 0.7205332506654513
vn -0.23812899471363386 -0.8702659833045138 0.4311979825784231
vn 0.5946011575168915 -0.4929561343409661 0.6351721916891389
vn 0.806689204137965 -0.5835950980434115 0.09310901925677008
vn -0.9463237809424571 0.032352992377849554 0.3215969301889733
vn 0.9419702314908323 -0.07015901821413578 0.3282831021364585
vn 0.9991563631898841 0.040948015006859 0.0031340013022477966
vn -0.9463237809424571 0.032352992377849554 0.3215969301889733
vn -0.9863953854987607 0.03372301251749138 -0.1608940704112374
vn -0.9958401004874251 -0.020487000512587644 0.0887850047654008
vn -0.9463237809424571 0.032352992377849554 0.3215969301889733
vn -0.9958401004874251 -0.020487000512587644 0.0887850047654008
vn 0.9419702314908323 -0.07015901821413578 0.3282831021364585
vn 0.10093600384949737 -0.045301001887056 -0.9938610276869312
vn -0.36295801642140535 -0.8275440306775935 0.42829003678035876
vn -0.6041990317821936 -0.30230002590945915 -0.7372640126363147
vn -0.0015949996139121162 -0.26445491862445103 -0.9643967295628737
vn 0.8388332552413242 -0.05402401723850114 -0.5417011865065995
vn 0.8074451870747694 -0.019654006218160353 0.5896151201498882
vn 0.593075745013155 0.0038039986510786075 0.8051376840462467
vn 0.8388332552413242 -0.05402401723850114 -0.5417011865065995
vn 0.8126255840308821 -0.3602418290387067 -0.45811077785762144
vn -0.11700606579418187 -0.5156203015135498 -0.8487904837086969
vn -0.09712603567100425 -0.04116601502333658 -0.9944203801219749
vn 0.7834876370603371 0.005065997720270586 -0.621386721970069
vn -0.09712603567100425 -0.04116601502333658 -0.9944203801219749
vn 0.593075745013155 0.0038039986510786075 0.8051376840462467
vn -0.9972200264314011 -0.022315999732312068 0.07109300275064405
vn 0.972399520449164 -0.04308297802943121 0.22930989868374907
vn -0.9649053929525284 0.02061800683809777 0.2617870899130646
vn -0.9972200264314011 -0.022315999732312068 0.07109300275064405
vn -0.9649053929525284 0.02061800683809777 0.2617870899130646
vn -0.9912780237343936 0.021181000374647038 -0.1300739977257729
vn -0.9972200264314011 -0.022315999732312068 0.07109300275064405
vn -0.9912780237343936 0.021181000374647038 -0.1300739977257729
vn -0.9748938044502127 -0.03330199576001672 -0.22016595359635013
vn -0.8186319202931559 0.573222976075299 -0.03545699897787845
vn -0.9899828768663015 -0.14112397655780146 0.004233999531689347
vn -0.5316269073238239 0.8462848146770097 0.03427599533792907
vn -0.8186319202931559 0.573222976075299 -0.03545699897787845
vn 0.09499799309241548 0.9945659295456438 -0.042590997821405796
vn -0.8186319202931559 0.573222976075299 -0.03545699897787845
vn -0.5316269073238239 0.8462848146770097 0.03427599533792907
vn 0.09499799309241548 0.9945659295456438 -0.042590997821405796
vn -0.8186319202931559 0.573222976075299 -0.03545699897787845
vn -0.69349381236701 -0.7204017916174283 0.009358997973585659
vn -0.9899828768663015 -0.14112397655780146 0.004233999531689347
vn -0.033724001277194 0.00042000003914510135 0.9994310958429414
vn -0.00235800012548415 0.024212003237221183 0.9997040655787337
vn -0.018366993242648313 -0.30642787777760777 0.9517166643912125
vn -0.5765482975611049 -0.11308605601064804 0.8091993601797695
vn 0.814657966960848 0.017488000502224578 -0.5796779853553626
vn 0.4091081833573391 0.011974005714913555 -0.9124073199493726
vn 0.21008596668753102 -0.24539694926024383 -0.9463848180812765
vn -0.12160298108025873 -0.004218999720371648 -0.9925698539819521
vn 0.44311598286494314 -0.01636399976382305 -0.8963149252586198
vn 0.21008596668753102 -0.24539694926024383 -0.9463848180812765
vn 0.02231499318101883 -0.9872387433677525 -0.15767594830218076
vn -0.29186099937327076 -0.2040520024239071 -0.9344409758522094
vn 0.21008596668753102 -0.24539694926024383 -0.9463848180812765
vn 0.06803000784071862 -0.8932271303847676 0.4444290849818283
vn 0.02231499318101883 -0.9872387433677525 -0.15767594830218076
vn 0.21008596668753102 -0.24539694926024383 -0.9463848180812765
vn -0.29186099937327076 -0.2040520024239071 -0.9344409758522094
vn -0.12160298108025873 -0.004218999720371648 -0.9925698539819521
vn 0.6971457668198373 -0.6344067569499513 0.3339398846221076
vn 0.44311598286494314 -0.01636399976382305 -0.8963149252586198
vn -0.8878385599517562 0.4123542390040886 -0.20422211691722042
vn -0.7789237216279643 -0.5989107868067697 -0.18596694687964707
vn -0.8367757187977165 0.5440438381184494 -0.061827976158946314
vn -0.05160699273137268 -0.06325998731824699 -0.9966618746123077
vn -0.13034396757404038 -0.1621789409783121 0.9781147382696013
vn -0.10484398079725024 0.06810599515695476 -0.9921538757240566
vn 0.12914496197290445 -0.16216094210595694 -0.9782767541203897
vn 0.05341597270039767 -0.5852817292701941 0.8090686196132943
vn -0.5765482975611049 -0.11308605601064804 0.8091993601797695
vn -0.018366993242648313 -0.30642787777760777 0.9517166643912125
vn 0.05341597270039767 -0.5852817292701941 0.8090686196132943
vn 0.17730900285923842 0.6036159869889959 0.7773089847392496
vn -0.05858801435759258 0.5616511231560933 0.8252971952158407
vn 0.05341597270039767 -0.5852817292701941 0.8090686196132943
vn 0.5337550653956405 -0.10112301286472947 0.8395711205333681
vn 0.7861707189444452 -0.5911257847182309 0.18029394697446152
vn -0.05858801435759258 0.5616511231560933 0.8252971952158407
vn -0.1772219691701394 -0.6177718729933227 0.7661268084212822
vn 0.05341597270039767 -0.5852817292701941 0.8090686196132943
vn -0.018366993242648313 -0.30642787777760777 0.9517166643912125
vn 0.5337550653956405 -0.10112301286472947 0.8395711205333681
vn 0.9972972302601776 -0.002646000597809938 0.0734250175091223
vn 0.09402202983252597 0.014170004117201634 0.9954692706907079
vn 0.9717587860005321 -0.01301999766857264 0.23561693804029157
vn 0.9977725902897014 -0.014242994905992021 -0.06516897392691859
vn 0.9972972302601776 -0.002646000597809938 0.0734250175091223
vn 0.9977725902897014 -0.014242994905992021 -0.06516897392691859
vn 0.9757174873981935 0.0020879990129409596 -0.21902288703575684
vn 0.8123185228973246 0.5738246575391382 0.10422993695670828
vn -0.5889713210772458 0.7961013165109742 -0.1390520650620388
vn -0.8059346997588739 0.5671477720806203 0.1697429360785382
vn 0.8123185228973246 0.5738246575391382 0.10422993695670828
vn 0.9293401104713676 0.3191730333148158 -0.1856220188277399
vn -0.5889713210772458 0.7961013165109742 -0.1390520650620388
vn 0.8123185228973246 0.5738246575391382 0.10422993695670828
vn -0.8059346997588739 0.5671477720806203 0.1697429360785382
vn 0.9573546914226861 -0.24155891599473664 0.1584969555367586
vn -0.616795943061308 -0.4842229375389885 -0.6205569364564579
vn 0.12477292571899279 -0.719234568837006 -0.6834715443947675
vn 0.07751703320939386 -0.057745021273199255 -0.995317347422706
vn 0.9875639312203242 -0.09140699570790392 -0.12791498304856297
vn -0.616795943061308 -0.4842229375389885 -0.6205569364564579
vn 0.8256109007564492 -0.48292795760612206 -0.29179997997687435
vn -0.05824100334275395 -0.39114103925643756 0.9184860766168551
vn -0.9988497319317982 0.03540799331741945 0.032333991850814627
vn -0.8829930963179209 -0.467517045073011 0.041845004732833396
vn -0.00038000001228987443 0.869099021098853 0.4946379960385234
vn 0.03520400196815095 -0.6446130408842147 0.7636980461985169
vn 0.02331899912819169 0.8499989649970825 0.526267977159496
vn 0.9329769201723656 -0.35820496798009693 0.03525999631402669
vn 0.8607428983504083 0.5083409625013394 0.026666998004094875
vn 0.4510537960029333 0.8924485997623905 -0.009271995119317155
vn 0.7979189912047121 -0.23966400801415202 0.5530700197420279
vn -0.2853900655421221 -0.5024891258372717 0.8161232682047227
vn 0.9329769201723656 -0.35820496798009693 0.03525999631402669
vn 0.7830003181059603 -0.6218972548856184 -0.012422005139968047
vn 0.9329769201723656 -0.35820496798009693 0.03525999631402669
vn 0.7830003181059603 -0.6218972548856184 -0.012422005139968047
vn 0.8607428983504083 0.5083409625013394 0.026666998004094875
vn -0.0657759752034614 0.7297677355399023 0.6805237492189358
vn -0.9952981343718749 -0.0015100001861344592 -0.09684701139066144
vn -0.9906851064465116 -0.046036005072313126 0.12815500810364722
vn -0.9922330441454426 -0.00428600027439205 0.12431901024186182
vn -0.9952981343718749 -0.0015100001861344592 -0.09684701139066144
vn -0.11533097318096061 0.016089996518796845 -0.9931967975367005
vn -0.4708507793449381 -0.036326984559261324 -0.8814646299104097
vn -0.9952981343718749 -0.0015100001861344592 -0.09684701139066144
vn -0.9948319753020999 0.004525999986188114 -0.10143399943138975
vn -0.11533097318096061 0.016089996518796845 -0.9931967975367005
vn -0.9868453800505126 -0.08172003229003448 -0.13949205065334383
vn -0.9952981343718749 -0.0015100001861344592 -0.09684701139066144
vn -0.4708507793449381 -0.036326984559261324 -0.8814646299104097
vn -0.9868453800505126 -0.08172003229003448 -0.13949205065334383
vn 0.637561882718791 0.7604658191133761 -0.12331497745323879
vn 0.859825908012263 0.4982829385434091 -0.11141598210056179
vn 0.10020899441654735 0.3318599948942578 -0.9379909920819108
vn 0.637561882718791 0.7604658191133761 -0.12331497745323879
vn 0.6309920616804071 0.7754751526709985 0.022075001386205592
vn 0.859825908012263 0.4982829385434091 -0.11141598210056179
vn 0.637561882718791 0.7604658191133761 -0.12331497745323879
vn 0.10020899441654735 0.3318599948942578 -0.9379909920819108
vn 0.2075299566571144 0.9648197638012636 -0.16141295012597462
vn 0.2075299566571144 0.9648197638012636 -0.16141295012597462
vn 0.12430000235863303 0.09210099973580993 0.987960988734529
vn 0.026380012006673562 -0.03308201372085217 0.9991044366504942
vn 0.12914496197290445 -0.16216094210595694 -0.9782767541203897
vn -0.03918298014329469 0.08136896125475565 0.9959135435425166
vn 0.05175698115350767 0.1315489544943972 -0.9899576190288686
vn 0.008778997129648615 0.02203199311283996 0.9997187206854103
vn 0.31529902097944656 -0.021881000158312243 0.9487400851663612
vn 0.31529902097944656 -0.021881000158312243 0.9487400851663612
vn -0.12160298108025873 -0.004218999720371648 -0.9925698539819521
vn -0.9199035289796276 -0.03296398201624047 0.3907567955397073
vn -0.4432050886569995 0.012563002390280876 -0.8963322042409738
vn -0.12160298108025873 -0.004218999720371648 -0.9925698539819521
vn -0.29186099937327076 -0.2040520024239071 -0.9344409758522094
vn -0.9199035289796276 -0.03296398201624047 0.3907567955397073
vn -0.9838692329335457 0.05424000948491394 -0.17046804350913713
vn -0.34667195750879826 0.01934899699819114 0.9377868468858911
vn -0.0863110176641281 0.006770001078849316 0.9962452385407797
vn -0.9070394203180759 0.0006400003025952123 -0.4210452236858433
vn -0.9838692329335457 0.05424000948491394 -0.17046804350913713
vn -0.21195192777487268 0.42987385681056584 -0.8776587306825611
vn -0.2773930915376071 0.06071201841299509 -0.9588363382702123
vn -0.0863110176641281 0.006770001078849316 0.9962452385407797
vn -0.9811910405959897 0.15280800153074856 0.11795701133183133
vn -0.2773930915376071 0.06071201841299509 -0.9588363382702123
vn 0.024854999410530397 0.9993539450429664 0.025959998678010045
vn 0.03610699253326978 -0.989736736377997 -0.13826596744692402
vn -0.034625006973789195 0.9902511936808861 -0.1349210224747997
vn 0.024854999410530397 0.9993539450429664 0.025959998678010045
vn -0.034625006973789195 0.9902511936808861 -0.1349210224747997
vn -0.03580799141598281 0.9597627025502964 0.27851991408892846
vn 0.024854999410530397 0.9993539450429664 0.025959998678010045
vn -0.03580799141598281 0.9597627025502964 0.27851991408892846
vn 0.01778399355659427 -0.9876756502298271 0.15550093091768713
vn 0.7499870797084827 -0.6614510610083548 -0.0013690000962953822
vn 0.3958239701640739 -0.9175549393809784 0.03763399873943103
vn 0.4353817262370871 -0.9002434319885723 0.002124998882538436
vn 0.8728201748614461 -0.47885711682366605 0.09423801792355646
vn 0.9554050052022112 0.29529500265099784 0.001461999969265722
vn 0.9522019816555551 0.27946000104993035 0.12334299309002818
vn 0.3759859992207516 0.3834769915553353 0.8435519695535316
vn 0.3759859992207516 0.3834769915553353 0.8435519695535316
vn 0.37397011109877 0.9258353461454555 0.05454601573440934
vn 0.2303761003466438 0.9695654127027382 -0.08288403271826277
vn 0.3901898879217431 0.920557682059962 -0.01803899564852268
vn 0.878939229178501 0.42082412029955274 -0.22443905895634608
vn 0.6593775614899844 0.7480745759225069 0.07487095739926874
vn 0.37397011109877 0.9258353461454555 0.05454601573440934
vn 0.6593775614899844 0.7480745759225069 0.07487095739926874
vn -0.10717701760801998 -0.6256601722234508 0.7726981530908249
vn -0.9968683430502626 0.05642901569850539 0.05540101814517064
vn -0.9701556748457961 -0.2424829201500547 0.0
vn -0.02203300186389519 0.6492860210067071 0.7602251046592342
vn 0.03836298931849915 -0.3916298866815524 0.9193227468676836
vn -0.5863788335025448 -0.8063247861118824 0.07746097676780284
vn -0.9717922645089156 -0.20977005217069844 0.10777903252922764
vn -0.5863788335025448 -0.8063247861118824 0.07746097676780284
vn -0.2924938534202525 -0.9559405558071543 0.024999989489612923
vn -0.37632511854480166 -0.9257643066722684 -0.03660401130826054
vn -0.8259413158689622 0.557096177657807 0.08639902534003623
vn -0.2924938534202525 -0.9559405558071543 0.024999989489612923
vn -0.8259413158689622 0.557096177657807 0.08639902534003623
vn 0.25351201931946304 0.27777802334964213 -0.9265910779866887
vn -0.2781680420921854 0.917658175680711 -0.2837710573066773
vn 0.4469589649973883 0.8408979323730206 0.30515299595324663
vn 0.4682691156642429 -0.8367301927817474 -0.28391304972200176
vn 0.25351201931946304 0.27777802334964213 -0.9265910779866887
vn -0.4822201884822041 -0.297260115226444 -0.8240753082793761
vn -0.2781680420921854 0.917658175680711 -0.2837710573066773
vn 0.7230047753218047 -0.6673118032623689 -0.17877094867061605
vn 0.7794807885103415 -0.6237098363208441 -0.05827298190346888
vn 0.05561501099784435 -0.31676805533311014 -0.9468711473438134
vn 0.14108196870947975 0.8183737691554687 -0.5570998582510405
vn 0.6160051196229654 -0.7742831668806954 0.14499403464797192
vn 0.7230047753218047 -0.6673118032623689 -0.17877094867061605
vn 0.05561501099784435 -0.31676805533311014 -0.9468711473438134
vn 0.14108196870947975 0.8183737691554687 -0.5570998582510405
vn -0.8145561430184078 0.005561001336592225 0.580058070485283
vn -0.5806199897334678 0.0035339998946172144 0.8141670211735752
vn -0.9062633230545717 0.010006004631036972 0.4225951598840299
vn -0.9959299797205362 0.012950999189974055 0.08919499489227847
vn -0.8145561430184078 0.005561001336592225 0.580058070485283
vn -0.4325150419606604 0.0010700000827381653 0.9016260830175618
vn -0.5806199897334678 0.0035339998946172144 0.8141670211735752
vn 0.015730989400855055 0.8093574881053511 0.587105605849805
vn -0.0215000106187756 -0.9880754356080194 0.152462070992806
vn 0.06803000784071862 -0.8932271303847676 0.4444290849818283
vn 0.015730989400855055 0.8093574881053511 0.587105605849805
vn 0.06803000784071862 -0.8932271303847676 0.4444290849818283
vn -0.00941599863861289 0.9861208360521886 0.1657619850067258
vn 0.015730989400855055 0.8093574881053511 0.587105605849805
vn 0.5321282270800628 0.6103453180559678 0.586786283643192
vn -0.0215000106187756 -0.9880754356080194 0.152462070992806
vn 0.003191000739602009 0.9939942228000269 0.10938602540749964
vn 0.012926006587168824 0.014625006239373876 0.9998094956271454
vn 0.015730989400855055 0.8093574881053511 0.587105605849805
vn -0.00941599863861289 0.9861208360521886 0.1657619850067258
vn 0.003191000739602009 0.9939942228000269 0.10938602540749964
vn -0.9585800551133165 -0.28399700501329156 -0.02167900095556551
vn -0.9943230999749334 0.10630301017841365 -0.004609000243759651
vn -0.15408008213161767 -0.9880234504202148 0.008306004457454413
vn -0.9585800551133165 -0.28399700501329156 -0.02167900095556551
vn -0.6491970902847043 -0.3111360316916282 -0.6940731285311799
vn -0.9187222711031942 0.14728305265260985 0.3664110956020812
vn -0.9585800551133165 -0.28399700501329156 -0.02167900095556551
vn -0.15408008213161767 -0.9880234504202148 0.008306004457454413
vn 0.44342794232636323 -0.8962068399741706 -0.013599998077896571
vn -0.9585800551133165 -0.28399700501329156 -0.02167900095556551
vn -0.8617623065456105 0.5071451789397864 0.013019005158663954
vn -0.9943230999749334 0.10630301017841365 -0.004609000243759651
vn 0.44342794232636323 -0.8962068399741706 -0.013599998077896571
vn -0.8617623065456105 0.5071451789397864 0.013019005158663954
vn 0.9517492776324735 0.008050002262894661 -0.3067711035766445
vn 0.99776581186953 0.03785199568680596 0.0550509862478773
vn 0.9997510353548558 0.003765000286490628 -0.021993000698781403
vn -0.9594121221865709 0.2748790580084561 -0.06300700968816401
vn -0.6740470273142065 0.7193920339689134 -0.1677370156851234
vn -0.04558699780238969 0.0512289981773695 -0.9976459368819721
vn -0.5172958399116296 -0.8550987285131262 0.0348019899625941
vn 0.2815550019603557 -0.95526398922287 0.0905400009118202
vn -0.680146205982139 -0.6696002371489443 0.29839011528229165
vn -0.5172958399116296 -0.8550987285131262 0.0348019899625941
vn -0.7402551067157562 -0.6685030959769841 -0.07159600303390821
vn 0.29356598818966834 -0.9552480193296632 -0.036334998898840086
vn -0.4409371395054013 0.7524742705721884 -0.4892411584603727
vn -0.7599322382871988 0.6478402262515565 -0.052972015839880295
vn 0.2815550019603557 -0.95526398922287 0.0905400009118202
vn -0.7599322382871988 0.6478402262515565 -0.052972015839880295
vn -0.9502904719157073 0.02549601267906248 0.31031914591866777
vn -0.9981948464608668 0.02710199469383132 -0.05359599222499898
vn -0.9952553399626484 -0.022814007221439114 0.09458503766628784
vn -0.9502904719157073 0.02549601267906248 0.31031914591866777
vn 0.9900033835342407 -0.057629021125579126 0.12873304360133353
vn 0.99776581186953 0.03785199568680596 0.0550509862478773
vn -0.9502904719157073 0.02549601267906248 0.31031914591866777
vn -0.9952553399626484 -0.022814007221439114 0.09458503766628784
vn 0.9900033835342407 -0.057629021125579126 0.12873304360133353
vn 0.3384108777218225 -0.6369027374555389 0.6926997768594896
vn 0.6647780350758634 0.3822840344747084 -0.6418170152515545
vn 0.45008686052200886 -0.8043966865668397 0.38777285699972747
vn 0.9207508644572993 -0.320857974714585 0.2219639737957286
vn 0.5923809789666069 -0.04859799342370497 0.8041909044460488
vn 0.3915538992507887 0.004781999045588405 -0.9201427478748238
vn 0.9851748537641458 -0.0940989813202365 0.14344298248881962
vn 0.6309181803046755 -0.7734691200556606 0.06072701278145544
vn 0.016734004695588472 -0.0760800262929672 0.9969612844469485
vn -0.8377116713998434 0.5407858358886448 -0.07609096728719093
vn 0.7073039225231895 0.6921889002640749 0.14351197697237927
vn 0.6550008419483951 0.6930168618355006 -0.30116694084604995
vn -0.9584687227090402 -0.24473593809679836 -0.1464309673272057
vn -0.8377116713998434 0.5407858358886448 -0.07609096728719093
vn -0.9618030688085321 0.2554880196153907 0.09828900581192164
vn 0.7073039225231895 0.6921889002640749 0.14351197697237927
vn 0.010259999238050566 0.0384739982992015 -0.9992069274532218
vn -0.2759461094711529 -0.9263893927803564 0.2562351217373941
vn -0.6411892050925728 -0.37505813703390933 -0.669483231393743
vn -0.049111972236292954 -0.28866585349719465 -0.9561694615536503
vn -0.9712159649342205 -0.07592299871961551 -0.2257769866977418
vn -0.9971459955198947 0.032519001028485456 -0.06813499974864341
vn -0.9969497810256001 -0.03319599244731354 0.07063398755872467
vn -0.9712159649342205 -0.07592299871961551 -0.2257769866977418
vn -0.06131901089715713 -0.029024004421334498 -0.9976961391475586
vn -0.21012192379014732 0.08696596827156985 -0.9737996187642075
vn -0.9712159649342205 -0.07592299871961551 -0.2257769866977418
vn -0.06131901089715713 -0.029024004421334498 -0.9976961391475586
vn -0.9712159649342205 -0.07592299871961551 -0.2257769866977418
vn -0.21012192379014732 0.08696596827156985 -0.9737996187642075
vn -0.9971459955198947 0.032519001028485456 -0.06813499974864341
vn 0.9959518114861666 -0.0065199983692363715 0.08965198725454047
vn -0.029446009789777516 -0.0859140259462701 -0.9958673167913303
vn 0.23520690266500827 0.5264007725979575 -0.817055652662049
vn 0.0871930002211732 0.07972600638619778 -0.9929960446135414
vn -0.029446009789777516 -0.0859140259462701 -0.9958673167913303
vn -0.011524005744003092 -0.07554903594297614 -0.9970754938617733
vn -0.06563201106542192 -0.022009004294168282 -0.9976011441721023
vn -0.39783401186989387 -0.9074120128457329 -0.1353940099958654
vn -0.5917140368189927 -0.8016290619520483 -0.08523699704500849
vn -0.5917140368189927 -0.8016290619520483 -0.08523699704500849
vn 0.26222892548439036 0.1659149461288747 0.9506356932549687
vn 0.006255000291309886 -0.01299300119204838 0.9998960230400854
vn 0.0025809997791329813 -0.025328994842768827 0.9996758376895958
vn 0.26222892548439036 0.1659149461288747 0.9506356932549687
vn -0.1403350221677084 0.8036181855979625 0.5783631154641757
vn 0.06057802086117443 0.4629951616797954 0.8842882921590919
vn 0.26222892548439036 0.1659149461288747 0.9506356932549687
vn 0.06057802086117443 0.4629951616797954 0.8842882921590919
vn 0.9901266824566191 0.0337049887699316 0.13606295020860074
vn 0.26222892548439036 0.1659149461288747 0.9506356932549687
vn 0.0025809997791329813 -0.025328994842768827 0.9996758376895958
vn -0.3357089072699227 0.12726796825427306 0.9333286633528747
vn 0.26222892548439036 0.1659149461288747 0.9506356932549687
vn 0.5337550653956405 -0.10112301286472947 0.8395711205333681
vn 0.0515000160163635 -0.003658001121497437 0.9986662943036124
vn -0.1403350221677084 0.8036181855979625 0.5783631154641757
vn 0.26222892548439036 0.1659149461288747 0.9506356932549687
vn 0.0515000160163635 -0.003658001121497437 0.9986662943036124
vn 0.006255000291309886 -0.01299300119204838 0.9998960230400854
vn 0.5337550653956405 -0.10112301286472947 0.8395711205333681
vn -0.5776181373497096 -0.0017550004229825577 -0.8163052170470109
vn -0.8267930778385589 -0.002156999979244581 -0.562502047809012
vn -0.29184903059795575 -0.8653961222974185 0.407325048151504
vn 0.2829429096064286 -0.7866896672310852 0.5486917872314956
vn -0.7736049903972911 -0.5795630226678409 0.2562069897339314
vn 0.6845164463432005 -0.018311011113472442 -0.7287674125245164
vn 0.924194797950416 -0.02590399566465563 -0.3810419379149694
vn -0.021547007962787853 -0.0033150012077187417 -0.9997623403663716
vn 0.6845164463432005 -0.018311011113472442 -0.7287674125245164
vn 0.8842904123109683 0.3311301601338478 0.3292161656793758
vn 0.8015431731099095 0.007152001811789418 0.5978941298515831
vn -0.2691230268118391 -0.03160300606868135 -0.9625871630387852
vn 0.8015431731099095 0.007152001811789418 0.5978941298515831
vn -0.9710336116127943 0.003787998493240455 0.2389129050211146
vn -0.9973763044183157 0.004258000890496484 -0.07226601423407762
vn -0.9975213510885096 -0.0029630009389149557 0.07030202520546756
vn -0.9710336116127943 0.003787998493240455 0.2389129050211146
vn -0.13493596261640065 -0.020236993202731625 0.9906476417470028
vn -0.01321000443893771 0.028540010158496772 0.9995053594668095
vn -0.9975213510885096 -0.0029630009389149557 0.07030202520546756
vn -0.9710336116127943 0.003787998493240455 0.2389129050211146
vn -0.1308970135155924 0.4357430576377255 0.8905020828573196
vn -0.11619702128828903 0.2560510503650938 0.9596541626287364
vn 0.08606296222357215 0.3983668129868366 0.9131796366783561
vn -0.6468812757133988 0.7525323552411906 0.12344905607801195
vn -0.8633185891552358 0.49325577096565404 0.10667594868615597
vn -0.00881300000558586 0.9622769647676779 0.27192898725293535
vn -0.1308970135155924 0.4357430576377255 0.8905020828573196
vn -0.8633185891552358 0.49325577096565404 0.10667594868615597
vn -0.11619702128828903 0.2560510503650938 0.9596541626287364
vn -0.9922330441454426 -0.00428600027439205 0.12431901024186182
vn -0.9906851064465116 -0.046036005072313126 0.12815500810364722
vn -0.2222860567694937 -0.0040100006653559514 0.9749732452024175
vn 0.5640433666831677 -0.020747014258723436 0.8254844891941132
vn 0.9023936514284309 -0.020892991521405644 0.4304058326358394
vn 0.9023936514284309 -0.020892991521405644 0.4304058326358394
vn 0.2303761003466438 0.9695654127027382 -0.08288403271826277
vn 0.878939229178501 0.42082412029955274 -0.22443905895634608
vn 0.019483002728369683 0.9536621659050777 0.3002480406695813
vn -0.02060099020694521 0.9885464966912492 -0.1495039232995293
vn -0.06990002291435866 0.9465233948635003 0.3149721412643448
vn 0.019483002728369683 0.9536621659050777 0.3002480406695813
vn -0.02060099020694521 0.9885464966912492 -0.1495039232995293
vn -0.20285993055982632 0.2007169350440201 -0.9584156512493924
vn -0.06990002291435866 0.9465233948635003 0.3149721412643448
vn -0.9867535839514748 -0.022193991192240532 0.16070093750155398
vn 0.9478569955246468 -0.0779779978432725 0.3090089770335877
vn -0.9809049865875509 0.0897670006717374 0.1725320053731399
vn 0.9982223082816791 -0.03473700806596938 -0.04843101815387779
vn 0.7073039225231895 0.6921889002640749 0.14351197697237927
vn 0.996975387953432 0.0006700002476577841 0.07771503660664238
vn 0.7289757637836966 -0.676045766998393 0.1075009615749117
vn 0.9982223082816791 -0.03473700806596938 -0.04843101815387779
vn -0.03232801077448219 -0.8792863210126273 0.47519518663328647
vn 0.019483002728369683 0.9536621659050777 0.3002480406695813
vn 0.011086999938484512 -0.7785239512685818 0.6275169605146294
vn -0.03232801077448219 -0.8792863210126273 0.47519518663328647
vn -0.026186012604100573 -0.9992254594621722 0.029373013235086187
vn -0.09729096569251432 -0.9825276258549772 0.15866295228061283
vn 0.019483002728369683 0.9536621659050777 0.3002480406695813
vn -0.03232801077448219 -0.8792863210126273 0.47519518663328647
vn 0.011086999938484512 -0.7785239512685818 0.6275169605146294
vn -0.026186012604100573 -0.9992254594621722 0.029373013235086187
vn -0.24576505661146 0.9670781948561118 0.06602501028102879
vn 0.809733568087058 0.5156117288371547 0.2801358488279612
vn 0.2007400406146544 0.9787932696085381 0.040831011046197185
vn -0.43234712638754125 0.8820192359563475 0.18739805150378788
vn -0.08263198568083407 0.11770397509858055 0.9896048348651271
vn -0.24576505661146 0.9670781948561118 0.06602501028102879
vn 0.2007400406146544 0.9787932696085381 0.040831011046197185
vn -0.2586709633697628 0.963951921699473 -0.062337992919664485
vn -0.39291995435762406 0.9195549309881001 0.005712999481255695
vn -0.24576505661146 0.9670781948561118 0.06602501028102879
vn -0.39291995435762406 0.9195549309881001 0.005712999481255695
vn -0.5403090345650977 -0.3935590415084067 0.743758985165434
vn 0.1487099895184796 -0.8719799048540902 0.4664079593532528
vn -0.5403090345650977 -0.3935590415084067 0.743758985165434
vn -0.6068040279319645 0.6540050022397013 -0.4517370127972599
vn -0.6041990317821936 -0.30230002590945915 -0.7372640126363147
vn 0.472229971264002 -0.2787469828349997 0.8362409783073205
vn -0.11500603742949356 0.5856672164983143 0.8023512465709033
vn -0.11500603742949356 0.5856672164983143 0.8023512465709033
vn -0.34667195750879826 0.01934899699819114 0.9377868468858911
vn -0.9070394203180759 0.0006400003025952123 -0.4210452236858433
vn -0.5179579634596423 0.3037649860448503 0.7996539134787697
vn -0.34667195750879826 0.01934899699819114 0.9377868468858911
vn 0.759336187384992 0.08133502452912356 0.645595204685158
vn 0.593075745013155 0.0038039986510786075 0.8051376840462467
vn -0.5179579634596423 0.3037649860448503 0.7996539134787697
vn 0.593075745013155 0.0038039986510786075 0.8051376840462467
vn 0.788464147234451 0.02646500478502571 0.6145111000198274
vn 0.49539111923822277 0.03291700705910713 -0.8680461448714416
vn 0.1405829529493562 -0.018677995026671772 -0.9898927042067855
vn 0.1405829529493562 -0.018677995026671772 -0.9898927042067855
vn 0.42333390903259516 -0.009704997670070433 0.9059217485431104
vn 0.4511047791110999 -0.8876785422222692 -0.09236494974433125
vn 0.4353817262370871 -0.9002434319885723 0.002124998882538436
vn 0.6928911485867746 -0.7210371162038366 -0.002708000471827676
vn 0.07018597740343653 -0.1455129594128306 -0.9868636720534626
vn 0.7434797489667643 -0.6622577555262369 -0.09301896646205103
vn 0.07018597740343653 -0.1455129594128306 -0.9868636720534626
vn 0.26320103375056486 0.9643101403064422 0.02883000407220555
vn 0.786592016218516 0.6134300306294347 -0.07054500367326293
vn -0.012082999291823675 -0.07523000065786971 0.9970929987363921
vn -0.022093998978143847 -0.035031998564891094 0.999141939008519
vn 0.045517995600935404 0.053667991937677455 0.9975208562821385
vn -0.012082999291823675 -0.07523000065786971 0.9970929987363921
vn -0.7761161191919009 0.026113002893849782 0.6300491096814349
vn -0.4420990678632597 -0.893952137893038 0.07347101027550665
vn 0.12592502317101206 0.3661880603306361 0.9219811239991123
vn 0.045517995600935404 0.053667991937677455 0.9975208562821385
vn -0.7558702945362329 -0.6493942327614068 0.08335003475663617
vn -0.4420990678632597 -0.893952137893038 0.07347101027550665
vn -0.1788759572325139 0.9296957894134693 -0.32197691077314494
vn -0.4782677006639209 -0.2805838293822017 -0.8321855088806015
vn -0.7442397680369084 0.46309984278066446 0.48129585837496314
vn 0.12841902271356825 0.6530170832358417 -0.7463760738444433
vn -0.9709020602457158 -0.23116701315681526 0.0625379999582772
vn -0.7046158864329989 -0.6799498752586989 -0.20293994116959624
vn -0.5014289985478559 -0.855141958435861 0.1315339892870829
vn -0.9709020602457158 -0.23116701315681526 0.0625379999582772
vn -0.5014289985478559 -0.855141958435861 0.1315339892870829
vn -0.9709020602457158 -0.23116701315681526 0.0625379999582772
vn -0.9900789992366207 0.13563600368100706 -0.03669400190845219
vn -0.7046158864329989 -0.6799498752586989 -0.20293994116959624
vn -0.9709020602457158 -0.23116701315681526 0.0625379999582772
vn -0.8059346997588739 0.5671477720806203 0.1697429360785382
vn -0.9900789992366207 0.13563600368100706 -0.03669400190845219
vn 0.09258200370384777 -0.02939599983831664 0.9952710423717182
vn 0.09258200370384777 -0.02939599983831664 0.9952710423717182
vn 0.1510729612999135 -0.7043548097101564 -0.6935858003176277
vn 0.7794807885103415 -0.6237098363208441 -0.05827298190346888
vn 0.3764450342427869 -0.9226730552978194 -0.08344800309973817
vn 0.1510729612999135 -0.7043548097101564 -0.6935858003176277
vn -0.057070991022317615 -0.5322889511713977 -0.8446368299124682
vn -0.17093695799704423 -0.5969839130831437 -0.7838308260783409
vn 0.1510729612999135 -0.7043548097101564 -0.6935858003176277
vn 0.005709001509001778 -0.9957003095584933 -0.09245702162026835
vn -0.057070991022317615 -0.5322889511713977 -0.8446368299124682
vn 0.1510729612999135 -0.7043548097101564 -0.6935858003176277
vn 0.3764450342427869 -0.9226730552978194 -0.08344800309973817
vn 0.005709001509001778 -0.9957003095584933 -0.09245702162026835
vn 0.1510729612999135 -0.7043548097101564 -0.6935858003176277
vn -0.17093695799704423 -0.5969839130831437 -0.7838308260783409
vn 0.05561501099784435 -0.31676805533311014 -0.9468711473438134
vn 0.1510729612999135 -0.7043548097101564 -0.6935858003176277
vn 0.05561501099784435 -0.31676805533311014 -0.9468711473438134
vn 0.7794807885103415 -0.6237098363208441 -0.05827298190346888
vn 0.9573546914226861 -0.24155891599473664 0.1584969555367586
vn -0.5014289985478559 -0.855141958435861 0.1315339892870829
vn 0.8761661893020719 -0.4752611352383209 -0.08037202284295496
vn 0.9419702314908323 -0.07015901821413578 0.3282831021364585
vn 0.9961995588061562 -0.014162993292639831 -0.08594096028909885
vn 0.9991563631898841 0.040948015006859 0.0031340013022477966
vn 0.7886165860031773 -0.6147126596077708 0.014567992265032685
vn 0.8430447739279496 -0.2591969237039174 0.4712668712048386
vn 0.763443968115545 0.20751698763453988 -0.6116289785409754
vn -0.15408008213161767 -0.9880234504202148 0.008306004457454413
vn 0.7886165860031773 -0.6147126596077708 0.014567992265032685
vn 0.6951537036108755 0.7180597086765749 -0.033934983886772484
vn 0.9923064306184396 -0.12378005181313027 0.002539001069414851
vn 0.7886165860031773 -0.6147126596077708 0.014567992265032685
vn 0.44342794232636323 -0.8962068399741706 -0.013599998077896571
vn -0.15408008213161767 -0.9880234504202148 0.008306004457454413
vn 0.6951537036108755 0.7180597086765749 -0.033934983886772484
vn 0.7886165860031773 -0.6147126596077708 0.014567992265032685
vn 0.9923064306184396 -0.12378005181313027 0.002539001069414851
vn 0.44342794232636323 -0.8962068399741706 -0.013599998077896571
vn 0.26551997022412527 -0.6299409118642825 0.729844910218449
vn 1.000000273307939e-05 -0.0012240003876434092 0.9999992508612449
vn 0.24880394721808555 0.15332598301514747 0.9563408068158227
vn 0.012926006587168824 0.014625006239373876 0.9998094956271454
vn 1.000000273307939e-05 -0.0012240003876434092 0.9999992508612449
vn -0.25394610062273815 0.01244000369558782 0.9671383687387033
vn -0.10212704428602351 -0.9871033795067323 0.12327605198005272
vn 0.27727799816304466 0.004122000069989764 0.9607808911766083
vn 1.000000273307939e-05 -0.0012240003876434092 0.9999992508612449
vn -0.10212704428602351 -0.9871033795067323 0.12327605198005272
vn 1.000000273307939e-05 -0.0012240003876434092 0.9999992508612449
vn 0.012926006587168824 0.014625006239373876 0.9998094956271454
vn -0.25394610062273815 0.01244000369558782 0.9671383687387033
vn -0.2511990164012367 0.533013006058635 -0.8079580369866919
vn 0.039535995503544835 -0.031200995614109862 -0.9987308961538298
vn -0.04558699780238969 0.0512289981773695 -0.9976459368819721
vn -0.6740470273142065 0.7193920339689134 -0.1677370156851234
vn -0.39291995435762406 0.9195549309881001 0.005712999481255695
vn -0.2586709633697628 0.963951921699473 -0.062337992919664485
vn -0.02494299422295568 0.05094698830106068 -0.9983898293864201
vn -0.09712603567100425 -0.04116601502333658 -0.9944203801219749
vn -0.9413648396777038 -0.0926879898406111 -0.32440896281989146
vn 0.7611945036546403 -0.028714981906436177 0.647887627154647
vn -0.7258323868469991 -0.02262601206933614 0.6874993889319658
vn -0.9639682629068556 0.006653001846219474 0.2659340626448098
vn 0.7611945036546403 -0.028714981906436177 0.647887627154647
vn 0.9696769981362237 0.03492299936016954 0.2418820030535795
vn -0.7258323868469991 -0.02262601206933614 0.6874993889319658
vn 0.7611945036546403 -0.028714981906436177 0.647887627154647
vn 0.7611945036546403 -0.028714981906436177 0.647887627154647
vn 0.44311598286494314 -0.01636399976382305 -0.8963149252586198
vn 0.9696769981362237 0.03492299936016954 0.2418820030535795
vn -0.9639682629068556 0.006653001846219474 0.2659340626448098
vn -0.9136490535936449 0.00381100004437082 -0.4064860183894384
vn -0.9968525904954469 0.009103997191847775 -0.07875296856403267
vn 0.07458399065395405 0.010656998248718517 -0.9971577892823472
vn -0.42832892176182735 -0.015329997644049343 -0.9034928477606138
vn 0.9894155526266998 -0.0025779989765981823 -0.14508693304939277
vn 0.9895468800429902 0.00676099899231672 -0.1440529801490063
vn 0.07458399065395405 0.010656998248718517 -0.9971577892823472
vn 0.08614203261482306 0.5903122375484167 -0.802565269880007
vn -0.7407152817002048 0.033421010520123244 -0.6709872633005786
vn -0.7407152817002048 0.033421010520123244 -0.6709872633005786
vn -0.022093998978143847 -0.035031998564891094 0.999141939008519
vn 0.07333997935254326 0.022518992914645677 0.9970527279871806
vn -0.9491931590971517 -0.29311103134990946 0.11453501658515455
vn -0.08954996747006153 -0.00975099604806924 0.9959345969501118
vn 0.045517995600935404 0.053667991937677455 0.9975208562821385
vn 0.07333997935254326 0.022518992914645677 0.9970527279871806
vn -0.7153189699227742 -0.6961020154271765 -0.06132499805824775
vn -0.1841860329826663 -0.8492931337535071 -0.4947491063289107
vn -0.26321090938160785 -0.9609785197795975 -0.08508996242049188
vn -0.7153189699227742 -0.6961020154271765 -0.06132499805824775
vn -0.6088380523483221 -0.7898560563248532 0.07378100229498148
vn -0.9173447324000125 -0.3486839171831592 0.1920889581307512
vn -0.2967158958652578 -0.9544227097281948 0.032201992111784296
vn -0.9591095708178764 -0.22844790613453683 -0.1670939416863896
vn -0.9591095708178764 -0.22844790613453683 -0.1670939416863896
vn -0.26321090938160785 -0.9609785197795975 -0.08508996242049188
vn -0.9017020197424561 0.023294999829755893 0.431730020470325
vn -0.6834389812053169 -0.04023599790302205 0.7288979513222592
vn 0.053143999580011855 0.01610399941933866 0.9984569978278192
vn -0.5507408601167342 -0.013019996285554907 -0.8345747328397882
vn -0.74251213373289 0.005233001198654266 -0.6698121728946749
vn -0.9017020197424561 0.023294999829755893 0.431730020470325
vn 0.053143999580011855 0.01610399941933866 0.9984569978278192
vn 0.1627350350917253 0.4556580624940429 0.8751531514185787
vn -0.8462946200878908 0.3450118514052088 0.4058968322126233
vn 0.8970020300576662 0.01525700064877328 0.4417630382949996
vn 0.9968943678455392 0.016143005474998116 -0.07707803015176858
vn 0.9937106593471279 0.01639199479871999 0.11077196399096273
vn 0.814438341991247 0.011186004714479881 0.5801422759919121
vn 0.5813892681028466 0.005294001840913746 0.8136083163779391
vn 0.6752103689675178 0.6609603895171283 0.3274481960984277
vn -0.14699698856967694 0.9870528493040504 0.06417599264679906
vn -0.16730601973095488 0.827093118828358 0.5365870558898762
vn 0.6752103689675178 0.6609603895171283 0.3274481960984277
vn 0.6752103689675178 0.6609603895171283 0.3274481960984277
vn 0.4158561137854222 -0.7699902527856768 -0.4839201413893987
vn 0.8513487710889269 0.5230078413018955 0.04084198699996651
vn 0.45980871545341273 -0.4697727042434564 -0.7535844687497697
vn 0.4158561137854222 -0.7699902527856768 -0.4839201413893987
vn 0.8513487710889269 0.5230078413018955 0.04084198699996651
vn -0.4630288812773972 0.3110429368755216 0.8299738227937387
vn 0.4469589649973883 0.8408979323730206 0.30515299595324663
vn 0.9924243489969719 -0.023365007245833732 -0.12061504033220104
vn 0.9967498228917218 0.020089997731967617 0.07801398949195426
vn 0.9478569955246468 -0.0779779978432725 0.3090089770335877
vn 0.9924243489969719 -0.023365007245833732 -0.12061504033220104
vn -0.05500201747397708 0.2093700715732455 -0.9762883545363052
vn 0.9967498228917218 0.020089997731967617 0.07801398949195426
vn 0.9315809477046861 0.3569109757554686 -0.0690759962571541
vn -0.19052398543034962 0.6850899639780985 0.703101950098436
vn -0.827828691798712 0.35913088331546245 -0.4309578467598531
vn 0.11949100203943307 0.302971001853786 0.9454789645821452
vn 0.11949100203943307 0.302971001853786 0.9454789645821452
vn -0.4432050886569995 0.012563002390280876 -0.8963322042409738
vn -0.7402809091481138 0.5839189156281003 0.33320095366391966
vn -0.4432050886569995 0.012563002390280876 -0.8963322042409738
vn -0.9199035289796276 -0.03296398201624047 0.3907567955397073
vn -0.9087799355253777 0.03341099833472678 0.4159359734102922
vn -0.9087799355253777 0.03341099833472678 0.4159359734102922
vn 0.012967997261303155 0.9991287612736824 -0.03966799015261128
vn 0.13283899678791658 0.8046850118901364 -0.5786500087028005
vn -0.009895998197562112 0.999754826191756 -0.019807996515683657
vn 0.012967997261303155 0.9991287612736824 -0.03966799015261128
vn 0.007279998884400164 0.9997548776724132 0.02090899773928038
vn 0.13283899678791658 0.8046850118901364 -0.5786500087028005
vn 0.007279998884400164 0.9997548776724132 0.02090899773928038
vn 0.9757174873981935 0.0020879990129409596 -0.21902288703575684
vn 0.49539111923822277 0.03291700705910713 -0.8680461448714416
vn 0.987994051445039 0.1005140086033815 -0.11732300875658236
vn 0.9757174873981935 0.0020879990129409596 -0.21902288703575684
vn 0.28122809472016985 0.6893392787242616 -0.6676242337932154
vn 0.42333390903259516 -0.009704997670070433 0.9059217485431104
vn -0.10016803135679928 0.47292321004815596 -0.875391342710134
vn -0.9330987958753192 0.3435449391246086 -0.10631797561042299
vn -0.10016803135679928 0.47292321004815596 -0.875391342710134
vn 0.10020899441654735 0.3318599948942578 -0.9379909920819108
vn -0.05861200036909876 0.4128789913844379 -0.9088979986148622
vn -0.10016803135679928 0.47292321004815596 -0.875391342710134
vn -0.016428995626524983 0.9950087514507925 -0.09842597542843351
vn 0.0045190023729240626 0.9615604581336789 -0.2745561217152213
vn -0.10016803135679928 0.47292321004815596 -0.875391342710134
vn 0.0045190023729240626 0.9615604581336789 -0.2745561217152213
vn -0.016428995626524983 0.9950087514507925 -0.09842597542843351
vn 0.9285095828048044 -0.36137986446372167 0.0852909620055391
vn 0.6428263323114813 -0.7656523746955558 0.023468012485620207
vn 0.6428263323114813 -0.7656523746955558 0.023468012485620207
vn 0.022609988594286482 0.020914990794214255 0.9995255632428038
vn 0.0457189853809152 -0.003921998565216176 0.9989466413692946
vn 0.5337550653956405 -0.10112301286472947 0.8395711205333681
vn 0.0022950010506608064 0.07432503588742585 0.9972314285112108
vn -0.10045396624570291 0.020781992185338688 -0.9947246400217076
vn -0.9721078990372813 -0.008162999624494871 -0.23439197526036043
vn -0.10045396624570291 0.020781992185338688 -0.9947246400217076
vn -0.9984689458622582 0.04664899923860641 -0.029725999036989876
vn -0.06806598924929314 -0.34303895483107255 0.9368518007539509
vn -0.15552705500316927 -0.7085082519115017 0.6883512127797474
vn 0.16913798774572483 -0.6434969458057956 0.7465279779351474
vn -0.06806598924929314 -0.34303895483107255 0.9368518007539509
vn -0.1403350221677084 0.8036181855979625 0.5783631154641757
vn -0.7265020001249755 -0.6621760119350413 0.18362399906388654
vn -0.06806598924929314 -0.34303895483107255 0.9368518007539509
vn 0.06057802086117443 0.4629951616797954 0.8842882921590919
vn -0.1403350221677084 0.8036181855979625 0.5783631154641757
vn -0.7876749881514932 -0.6128519501729812 0.0630919979848371
vn -0.06806598924929314 -0.34303895483107255 0.9368518007539509
vn 0.16913798774572483 -0.6434969458057956 0.7465279779351474
vn 0.06057802086117443 0.4629951616797954 0.8842882921590919
vn -0.06806598924929314 -0.34303895483107255 0.9368518007539509
vn -0.7876749881514932 -0.6128519501729812 0.0630919979848371
vn -0.15552705500316927 -0.7085082519115017 0.6883512127797474
vn 0.9968943678455392 0.016143005474998116 -0.07707803015176858
vn 0.9937106593471279 0.01639199479871999 0.11077196399096273
vn 0.23899707668901177 0.052476016429041206 -0.969601291786395
vn 0.01778399355659427 -0.9876756502298271 0.15550093091768713
vn -0.016891996629273077 -0.9982288675031676 -0.057041989211634295
vn 0.039535995503544835 -0.031200995614109862 -0.9987308961538298
vn 0.9503289509159346 -0.26422397758764016 -0.16450098698422885
vn 0.6360551789719977 0.767738219767212 0.0775360252500235
vn 0.786592016218516 0.6134300306294347 -0.07054500367326293
vn 0.26320103375056486 0.9643101403064422 0.02883000407220555
vn 0.6360551789719977 0.767738219767212 0.0775360252500235
vn 0.26320103375056486 0.9643101403064422 0.02883000407220555
vn 0.21448194722923783 0.8601108088539556 0.46282490296585
vn 0.8490498350693619 -0.4847529352792147 0.21006896321654633
vn 0.9522019816555551 0.27946000104993035 0.12334299309002818
vn 0.07333997935254326 0.022518992914645677 0.9970527279871806
vn 0.7807774331833522 0.5694455945897596 0.2571348180117412
vn 0.961184919199339 0.0022249998083730452 0.2758959957658192
vn -0.44526997572032845 -0.894341952693506 -0.04344099877287381
vn 0.12073602890013266 -0.992484180485297 -0.01994900528484081
vn 0.12073602890013266 -0.992484180485297 -0.01994900528484081
vn -0.9988497319317982 0.03540799331741945 0.032333991850814627
vn -0.00038000001228987443 0.869099021098853 0.4946379960385234
vn -0.993918723650426 0.10587397399716252 -0.030269991859204905
vn -0.9696769395135839 -0.24230799771374584 -0.031834999914004264
vn -0.9696769395135839 -0.24230799771374584 -0.031834999914004264
vn 0.7794807885103415 -0.6237098363208441 -0.05827298190346888
vn 0.6160051196229654 -0.7742831668806954 0.14499403464797192
vn 0.6958460684466518 -0.7166690699391511 0.04673000342274713
vn 0.6958460684466518 -0.7166690699391511 0.04673000342274713
vn 0.9967498228917218 0.020089997731967617 0.07801398949195426
vn -0.9809049865875509 0.0897670006717374 0.1725320053731399
vn 0.9478569955246468 -0.0779779978432725 0.3090089770335877
vn -0.9842911860329298 -0.06962100670307866 -0.16224603700410806
vn -0.996471117785734 -0.015726002103338358 0.0824500107743808
vn -0.9860745236344399 0.0360309838362174 -0.16235394064483535
vn 0.8074451870747694 -0.019654006218160353 0.5896151201498882
vn -0.2964470538660581 -0.25857503929966213 0.9193791890756025
vn -0.0863110176641281 0.006770001078849316 0.9962452385407797
vn 0.8074451870747694 -0.019654006218160353 0.5896151201498882
vn 0.7834876370603371 0.005065997720270586 -0.621386721970069
vn -0.9984689458622582 0.04664899923860641 -0.029725999036989876
vn -0.907682845097566 -0.4166959292032536 -0.049762991278912365
vn -0.9701556748457961 -0.2424829201500547 0.0
vn -0.02203300186389519 0.6492860210067071 0.7602251046592342
vn -0.06235002149769659 0.8433512769354949 -0.5337331716415112
vn -0.597301946044194 0.6301519127568387 0.4961239281678685
vn -0.4416449606026964 -0.8142699535224514 -0.3767149739057207
vn -0.5467750638967559 0.5051720976731562 0.6677111510475181
vn -0.8259413158689622 0.557096177657807 0.08639902534003623
vn -0.37632511854480166 -0.9257643066722684 -0.03660401130826054
vn -0.9145137807341103 0.06651098382735662 -0.3990499140179345
vn -0.8090179960100319 -0.577162013196753 -0.11123800004756965
vn -0.6026993434228216 0.38015625135175923 -0.7015944170215993
vn 0.9537842571760403 0.19491505285913033 -0.22870005013569913
vn 0.8967741117077255 0.4424790732757363 -0.002909000492541183
vn 0.8967741117077255 0.4424790732757363 -0.002909000492541183
vn 0.924194797950416 -0.02590399566465563 -0.3810419379149694
vn 0.8168479205920126 0.31103897811970066 -0.48581295651182205
vn -0.09655197973035308 0.34014595837709255 -0.935402823498988
vn -0.021547007962787853 -0.0033150012077187417 -0.9997623403663716
vn 0.924194797950416 -0.02590399566465563 -0.3810419379149694
vn 0.6483256748786801 -0.052300974177492375 0.7595646301620352
vn 0.8168479205920126 0.31103897811970066 -0.48581295651182205
vn 0.6483256748786801 -0.052300974177492375 0.7595646301620352
vn 0.9977725902897014 -0.014242994905992021 -0.06516897392691859
vn -0.05858801435759258 0.5616511231560933 0.8252971952158407
vn -0.11619702128828903 0.2560510503650938 0.9596541626287364
vn 0.09199704200127377 0.6393752673485578 0.763371345916243
vn 0.08606296222357215 0.3983668129868366 0.9131796366783561
vn -0.11619702128828903 0.2560510503650938 0.9596541626287364
vn -0.05858801435759258 0.5616511231560933 0.8252971952158407
vn 0.09199704200127377 0.6393752673485578 0.763371345916243
vn -0.9242826091164907 0.37674182600441725 0.06137796855281268
vn -0.9666572206325448 0.1809970437198257 -0.18114604043049742
vn -0.44013611607093944 0.5500471360082044 -0.7097382246287433
vn -0.9666572206325448 0.1809970437198257 -0.18114604043049742
vn -0.9948319753020999 0.004525999986188114 -0.10143399943138975
vn -0.9922762486775268 0.07255801539200797 0.1006140184707289
vn -0.9666572206325448 0.1809970437198257 -0.18114604043049742
vn -0.9557659820756291 0.27827798151815847 -0.0952509974183355
vn -0.44013611607093944 0.5500471360082044 -0.7097382246287433
vn -0.9666572206325448 0.1809970437198257 -0.18114604043049742
vn -0.9922762486775268 0.07255801539200797 0.1006140184707289
vn -0.9557659820756291 0.27827798151815847 -0.0952509974183355
vn 0.011086999938484512 -0.7785239512685818 0.6275169605146294
vn 0.8607428983504083 0.5083409625013394 0.026666998004094875
vn -0.3023399314116561 0.9527347373464368 0.02978399112629047
vn 0.4510537960029333 0.8924485997623905 -0.009271995119317155
vn 0.759336187384992 0.08133502452912356 0.645595204685158
vn 0.7833079025341728 0.034676994799408084 0.6206659615761096
vn -0.015741993523342473 -0.9998755960417176 -0.0009909995616613513
vn -0.016891996629273077 -0.9982288675031676 -0.057041989211634295
vn 0.01778399355659427 -0.9876756502298271 0.15550093091768713
vn -0.03580799141598281 0.9597627025502964 0.27851991408892846
vn -0.5076149434800882 -0.8555789139399382 -0.10154698999508883
vn -0.07274295276396409 -0.5995116140485791 -0.7970535035015198
vn -0.3654889868535064 0.2830779999884001 -0.8867269288858688
vn -0.7813352255147228 -0.40360411431445586 -0.47604514941158754
vn -0.9454608741831843 0.17145199323283006 0.27696199993006043
vn -0.5293590248911557 -0.581766049424452 0.6175170333710245
vn -0.09061997361244582 0.009240997172393482 -0.9958426704825113
vn -0.5669950596960001 0.0004390000349909665 -0.8237210750972072
vn -0.09061997361244582 0.009240997172393482 -0.9958426704825113
vn -0.7258323868469991 -0.02262601206933614 0.6874993889319658
vn -0.999268163834865 -0.00966800122839656 0.03700900563842784
vn -0.7258323868469991 -0.02262601206933614 0.6874993889319658
vn -0.999268163834865 -0.00966800122839656 0.03700900563842784
vn -0.9639682629068556 0.006653001846219474 0.2659340626448098
vn 0.5433489992918369 0.8394399443499511 -0.010603999165904545
vn 0.02231499318101883 -0.9872387433677525 -0.15767594830218076
vn -0.0215000106187756 -0.9880754356080194 0.152462070992806
vn -0.07983497287620399 -0.9881237445015199 -0.13129296499870402
vn 0.02231499318101883 -0.9872387433677525 -0.15767594830218076
vn 0.06803000784071862 -0.8932271303847676 0.4444290849818283
vn -0.0215000106187756 -0.9880754356080194 0.152462070992806
vn -0.29186099937327076 -0.2040520024239071 -0.9344409758522094
vn -0.5765482975611049 -0.11308605601064804 0.8091993601797695
vn -0.9699500489946793 0.08264700567730417 0.2288370051101764
vn -0.3357089072699227 0.12726796825427306 0.9333286633528747
vn -0.5765482975611049 -0.11308605601064804 0.8091993601797695
vn -0.9969497810256001 -0.03319599244731354 0.07063398755872467
vn -0.9699500489946793 0.08264700567730417 0.2288370051101764
vn -0.5765482975611049 -0.11308605601064804 0.8091993601797695
vn -0.10840397714023402 -0.9886447459718909 -0.10406797779506737
vn -0.9030290003618586 -0.36573099108330936 -0.22534299782039505
vn -0.10840397714023402 -0.9886447459718909 -0.10406797779506737
vn -0.9030290003618586 -0.36573099108330936 -0.22534299782039505
vn 0.28293600920085543 -0.3347280054069639 0.8988350110525117
vn -0.4630288812773972 0.3110429368755216 0.8299738227937387
vn 0.6574760059173168 -0.03721199918275308 -0.7525560236685608
vn -0.06913596602095938 -0.6235886329978573 -0.7786895626616632
vn 0.09298604303372658 0.0 0.9956674122421252
vn 0.4327858803068234 -0.00016499995435498025 0.9014967302115205
vn -0.09497100174631322 0.00025300000720730525 0.9954800072418823
vn 0.09298604303372658 0.0 0.9956674122421252
vn -0.09497100174631322 0.00025300000720730525 0.9954800072418823
vn 0.5074743056971381 -0.29458516978479626 -0.8097465077418181
vn 0.643392933800345 0.5922699740506419 -0.4850379475606388
vn 0.472229971264002 -0.2787469828349997 0.8362409783073205
vn 0.5074743056971381 -0.29458516978479626 -0.8097465077418181
vn 0.759336187384992 0.08133502452912356 0.645595204685158
vn 0.7830003181059603 -0.6218972548856184 -0.012422005139968047
vn 0.9997510353548558 0.003765000286490628 -0.021993000698781403
vn 0.99776581186953 0.03785199568680596 0.0550509862478773
vn 0.9900033835342407 -0.057629021125579126 0.12873304360133353
vn -0.8878385599517562 0.4123542390040886 -0.20422211691722042
vn -0.8367757187977165 0.5440438381184494 -0.061827976158946314
vn -0.9242826091164907 0.37674182600441725 0.06137796855281268
vn -0.8878385599517562 0.4123542390040886 -0.20422211691722042
vn -0.9242826091164907 0.37674182600441725 0.06137796855281268
vn -0.9330987958753192 0.3435449391246086 -0.10631797561042299
vn -0.0030180010349109515 -0.994449357438009 -0.10517303438089165
vn -0.6945116042439765 -0.7194185954438722 0.00951399495607463
vn -0.4263329803842039 -0.9045349323038364 0.007532999324044308
vn -0.6945116042439765 -0.7194185954438722 0.00951399495607463
vn -0.4263329803842039 -0.9045349323038364 0.007532999324044308
vn -0.7130868158622512 -0.7005567875276858 0.026969992442055644
vn 0.02492699407997657 -0.9952567849347815 0.09403497757440493
vn 0.005709001509001778 -0.9957003095584933 -0.09245702162026835
vn 0.3764450342427869 -0.9226730552978194 -0.08344800309973817
vn 0.02492699407997657 -0.9952567849347815 0.09403497757440493
vn -0.008817996806711633 -0.9960716340746072 0.08811096824038847
vn 0.005709001509001778 -0.9957003095584933 -0.09245702162026835
vn 0.06288799445997673 -0.5222719743725226 0.8504569859421632
vn 0.02492699407997657 -0.9952567849347815 0.09403497757440493
vn 0.3764450342427869 -0.9226730552978194 -0.08344800309973817
vn 0.6958460684466518 -0.7166690699391511 0.04673000342274713
vn 0.02492699407997657 -0.9952567849347815 0.09403497757440493
vn 0.6160051196229654 -0.7742831668806954 0.14499403464797192
vn 0.06288799445997673 -0.5222719743725226 0.8504569859421632
vn 0.6958460684466518 -0.7166690699391511 0.04673000342274713
vn 0.9755701941906446 -0.21456703553850848 -0.047157008673624615
vn 0.9999812305129815 0.005981001573036844 -0.0013290003487170243
vn 0.3048229796311095 -0.9483978694605908 -0.08731799523250812
vn 0.30011091574931986 -0.39144888837577907 -0.8698857430935808
vn 0.11949100203943307 0.302971001853786 0.9454789645821452
vn 0.8256109007564492 -0.48292795760612206 -0.29179997997687435
vn 0.9285095828048044 -0.36137986446372167 0.0852909620055391
vn 0.9875639312203242 -0.09140699570790392 -0.12791498304856297
vn 0.6476187835525419 -0.7533767872753184 -0.1140759728630255
vn 0.5932912903160713 0.6506972935337626 -0.47391821765250536
vn 0.6928911485867746 -0.7210371162038366 -0.002708000471827676
vn 0.4353817262370871 -0.9002434319885723 0.002124998882538436
vn -0.057070991022317615 -0.5322889511713977 -0.8446368299124682
vn -0.025853005026369082 -0.9948712147574219 -0.09779002085181453
vn -0.6327812232779787 -0.7617032121062549 -0.13927002597055355
vn -0.057070991022317615 -0.5322889511713977 -0.8446368299124682
vn 0.005709001509001778 -0.9957003095584933 -0.09245702162026835
vn -0.025853005026369082 -0.9948712147574219 -0.09779002085181453
vn -0.057070991022317615 -0.5322889511713977 -0.8446368299124682
vn -0.6327812232779787 -0.7617032121062549 -0.13927002597055355
vn -0.9414101193033307 -0.3300850373861504 -0.06921600513661698
vn -0.057070991022317615 -0.5322889511713977 -0.8446368299124682
vn -0.9414101193033307 -0.3300850373861504 -0.06921600513661698
vn -0.17093695799704423 -0.5969839130831437 -0.7838308260783409
vn -0.8737571848501591 -0.46153810688890773 0.1533980371847309
vn 0.7073039225231895 0.6921889002640749 0.14351197697237927
vn -0.9618030688085321 0.2554880196153907 0.09828900581192164
vn 0.7289757637836966 -0.676045766998393 0.1075009615749117
vn 0.45008686052200886 -0.8043966865668397 0.38777285699972747
vn 0.5932912903160713 0.6506972935337626 -0.47391821765250536
vn 0.5210931407144428 -0.8528831774680108 0.032438006912070654
vn 0.44411009390759787 0.8934912049939915 -0.06663100695449227
vn 0.8513487710889269 0.5230078413018955 0.04084198699996651
vn 0.44411009390759787 0.8934912049939915 -0.06663100695449227
vn 0.5698963031910089 -0.7772784322055065 0.2665641431951636
vn 0.972399520449164 -0.04308297802943121 0.22930989868374907
vn 0.9992630861158024 0.03382800446138066 -0.018137001970648593
vn -0.9649053929525284 0.02061800683809777 0.2617870899130646
vn 0.972399520449164 -0.04308297802943121 0.22930989868374907
vn 0.9972071315065745 -0.005089000790522383 -0.0745120053641273
vn 0.9992630861158024 0.03382800446138066 -0.018137001970648593
vn -0.9899828768663015 -0.14112397655780146 0.004233999531689347
vn -0.9899828768663015 -0.14112397655780146 0.004233999531689347
vn -0.69349381236701 -0.7204017916174283 0.009358997973585659
vn -0.44526997572032845 -0.894341952693506 -0.04344099877287381
vn -0.5316269073238239 0.8462848146770097 0.03427599533792907
vn -0.5946092216152354 -0.8038642089734677 -0.015563004259618391
vn -0.7813352255147228 -0.40360411431445586 -0.47604514941158754
vn -0.8206583317758518 0.5713521877363081 0.008751003131667243
vn -0.5946092216152354 -0.8038642089734677 -0.015563004259618391
vn -0.9258662251242494 -0.3750540826681741 0.04589300870619746
vn -0.8206583317758518 0.5713521877363081 0.008751003131667243
vn -0.827930158224321 0.5217411179084346 0.20571305011181942
vn 0.743207094528654 -0.3490880715908486 0.5707720498721525
vn -0.06990002291435866 0.9465233948635003 0.3149721412643448
vn -0.9431309802017215 -0.04357499773528702 -0.3295529908165147
vn -0.9958401004874251 -0.020487000512587644 0.0887850047654008
vn -0.9863953854987607 0.03372301251749138 -0.1608940704112374
vn 0.8494952612977026 -0.5237501672160711 -0.0635890192870231
vn 0.8494952612977026 -0.5237501672160711 -0.0635890192870231
vn 0.8494952612977026 -0.5237501672160711 -0.0635890192870231
vn 0.9862767812025943 -0.09032497879275483 0.13820097346523444
vn 0.9969584219814027 -0.032455013576989544 -0.0708560296239386
vn 0.9862767812025943 -0.09032497879275483 0.13820097346523444
vn 0.8494952612977026 -0.5237501672160711 -0.0635890192870231
vn 0.9969584219814027 -0.032455013576989544 -0.0708560296239386
vn 0.8494952612977026 -0.5237501672160711 -0.0635890192870231
vn 0.7666103109996889 0.6147262346717117 -0.1855270532167752
vn 0.8239362429090756 0.5635421593907259 0.05957602042864362
vn -0.9563599790855393 -0.29219099775233875 0.0001059999991276023
vn -0.5868190182480044 -0.7455589929649332 0.31588799887232666
vn -0.07983497287620399 -0.9881237445015199 -0.13129296499870402
vn -0.9943230999749334 0.10630301017841365 -0.004609000243759651
vn -0.2964470538660581 -0.25857503929966213 0.9193791890756025
vn -0.15408008213161767 -0.9880234504202148 0.008306004457454413
vn -0.9943230999749334 0.10630301017841365 -0.004609000243759651
vn -0.8617623065456105 0.5071451789397864 0.013019005158663954
vn -0.4518619352008103 0.8913918485546929 -0.035232993725001154
vn -0.4518619352008103 0.8913918485546929 -0.035232993725001154
vn -0.4547650777380196 -0.05015300590231017 0.8891981781745258
vn 0.9875639312203242 -0.09140699570790392 -0.12791498304856297
vn 0.9917664714181716 0.0018630009583480579 0.12804606748423797
vn 0.9917838161122523 -0.004415999448733943 0.12784897749566362
vn 0.9917664714181716 0.0018630009583480579 0.12804606748423797
vn 0.9875639312203242 -0.09140699570790392 -0.12791498304856297
vn 0.9894155526266998 -0.0025779989765981823 -0.14508693304939277
vn 0.9917664714181716 0.0018630009583480579 0.12804606748423797
vn 0.9917838161122523 -0.004415999448733943 0.12784897749566362
vn 0.05557298361663202 -0.015860995488718915 0.9983286394339553
vn 0.09199704200127377 0.6393752673485578 0.763371345916243
vn -0.17753304897846506 -0.9760842892258618 0.1254650423299425
vn -0.4782677006639209 -0.2805838293822017 -0.8321855088806015
vn -0.6193187820707637 -0.25455790708296916 0.7427277550461705
vn -0.6834389812053169 -0.04023599790302205 0.7288979513222592
vn -0.7698149390540616 -0.15974299006744297 0.617953992408419
vn 0.21457893263158853 -0.039399987327454596 0.9759116367116873
vn 0.21457893263158853 -0.039399987327454596 0.9759116367116873
vn -0.74251213373289 0.005233001198654266 -0.6698121728946749
vn -0.7699751281959595 0.29907504482623304 -0.5636421023325016
vn -0.9981948464608668 0.02710199469383132 -0.05359599222499898
vn -0.10888499722950144 -0.2133599958213577 -0.970887001438088
vn -0.9952553399626484 -0.022814007221439114 0.09458503766628784
vn 0.6574760059173168 -0.03721199918275308 -0.7525560236685608
vn 0.5923809789666069 -0.04859799342370497 0.8041909044460488
vn 0.017689999437960794 -0.01951799941273398 -0.9996529956033791
vn 0.3915538992507887 0.004781999045588405 -0.9201427478748238
vn 0.017689999437960794 -0.01951799941273398 -0.9996529956033791
vn -0.3567900785900121 -0.7024041676071532 0.6158970897380789
vn 0.06190598460235774 -0.9848647839055984 0.16189195932161526
vn -0.37024379488641546 -0.12932393652694435 0.9198884996505179
vn -0.3567900785900121 -0.7024041676071532 0.6158970897380789
vn -0.3791049167077487 -0.15430397252546252 -0.9123978004088307
vn -0.15594408132157853 -0.8819374913670763 -0.44482322873464836
vn -0.3567900785900121 -0.7024041676071532 0.6158970897380789
vn -0.37024379488641546 -0.12932393652694435 0.9198884996505179
vn -0.3791049167077487 -0.15430397252546252 -0.9123978004088307
vn -0.00026900011701801 -0.9997844308474515 0.020761008500906817
vn -0.3567900785900121 -0.7024041676071532 0.6158970897380789
vn -0.15594408132157853 -0.8819374913670763 -0.44482322873464836
vn -0.00026900011701801 -0.9997844308474515 0.020761008500906817
vn 0.9552260190214956 -0.29582399591237846 -0.005605000158643737
vn 0.9616138080805815 -0.270503943969247 -0.046113993601132115
vn 0.9269920302890935 0.2868810094405288 -0.24163001097315628
vn 0.9964349961013255 -0.018216001043723895 -0.08237399984537863
vn 0.9969298339808267 0.016906998204023242 0.07645298902391497
vn 0.9548762692858079 -0.0670260134159074 0.2893420534253323
vn 0.9964349961013255 -0.018216001043723895 -0.08237399984537863
vn -0.029876008136557927 0.2181300646912688 -0.9754623001508606
vn 0.9969298339808267 0.016906998204023242 0.07645298902391497
vn 0.9996630877013404 0.006947000790087165 -0.02500900372755269
vn 0.31529902097944656 -0.021881000158312243 0.9487400851663612
vn 0.9733904216100959 -0.22836509936084046 -0.018986008312260563
vn 0.9981714033791946 0.05872002722397714 0.01434600567490483
vn 0.9049706367340619 -0.4213358100621549 0.05919697465592609
vn 0.9733904216100959 -0.22836509936084046 -0.018986008312260563
vn 0.9964507921666432 0.05485898730160896 -0.06384598893204904
vn 0.9981714033791946 0.05872002722397714 0.01434600567490483
vn 0.06358300405206285 -0.38245202649270477 -0.9217850340656105
vn -0.5513489260341472 0.8341099044958161 -0.016583997798272264
vn -0.9334474162176901 0.34366977839328655 -0.1027959365715766
vn -0.6518844366172476 0.7451354265326023 0.1407830864212407
vn -0.3736618902845312 0.925968728439931 -0.05439398588381058
vn -0.1281549748426056 -0.7028099116763625 0.6997389016430019
vn -0.04440499538560109 0.015910998233752582 0.9988868987628231
vn -0.9472071545600124 0.24911604789337402 0.20184102911031512
vn -0.9645241112836783 -0.25755903685406306 0.05793601028063507
vn -0.9645241112836783 -0.25755903685406306 0.05793601028063507
vn -0.502672077116039 0.8644461051046841 -0.0073290011044079804
vn 0.13283899678791658 0.8046850118901364 -0.5786500087028005
vn -0.35541795412365335 0.7638208592778213 -0.5387539074741337
vn -0.009895998197562112 0.999754826191756 -0.019807996515683657
vn 0.2924999439375436 0.666457915680986 0.6857679122142486
vn -0.3499549188548624 0.033958996211788564 -0.9361508112187771
vn 0.13283899678791658 0.8046850118901364 -0.5786500087028005
vn 0.6102759054481679 -0.01841499786102486 -0.7919748778106521
vn -0.3499549188548624 0.033958996211788564 -0.9361508112187771
vn -0.7081699780388266 0.5350000120990821 0.4607279775078457
vn -0.0648109829074114 0.9852527238727193 0.15835594903874642
vn -0.00941599863861289 0.9861208360521886 0.1657619850067258
vn -0.25394610062273815 0.01244000369558782 0.9671383687387033
vn 0.7418820221733482 -0.6704710089572988 0.008926999706805218
vn 0.9623876675163764 -0.27167991720476614 0.0
vn 0.7418820221733482 -0.6704710089572988 0.008926999706805218
vn 0.7418820221733482 -0.6704710089572988 0.008926999706805218
vn 0.7908123974166003 -0.6116163322165881 -0.023264012081694152
vn 0.9623876675163764 -0.27167991720476614 0.0
vn 0.22300207274159056 0.7333512194159794 -0.6422352096654704
vn 0.3911919816536178 -0.606028008716876 -0.6926029787263217
vn -0.5175439145666892 -0.3090889767634785 -0.7978798787651518
vn -0.17344595170518284 0.9280707664194322 -0.32954689249745783
vn -0.2691230268118391 -0.03160300606868135 -0.9625871630387852
vn -0.9403719713525466 -0.0019930000017404693 0.34014200482374723
vn -0.25632606668493807 0.9664893268133007 -0.013976004214431152
vn -0.2226379641498164 -0.9735558536096077 -0.05119899238943079
vn -0.11700606579418187 -0.5156203015135498 -0.8487904837086969
vn 0.19504199300196923 -0.9799109980945507 0.04162999854865732
vn 0.905655899554616 0.3312899989737064 0.2646399973207392
vn 0.24880394721808555 0.15332598301514747 0.9563408068158227
vn 0.27727799816304466 0.004122000069989764 0.9607808911766083
vn 0.9671928481539533 -0.002697999710099691 0.2540289654299445
vn 0.026380012006673562 -0.03308201372085217 0.9991044366504942
vn -0.03918298014329469 0.08136896125475565 0.9959135435425166
vn -0.13034396757404038 -0.1621789409783121 0.9781147382696013
vn -0.15552705500316927 -0.7085082519115017 0.6883512127797474
vn -0.008817996806711633 -0.9960716340746072 0.08811096824038847
vn 0.06288799445997673 -0.5222719743725226 0.8504569859421632
vn -0.15552705500316927 -0.7085082519115017 0.6883512127797474
vn 0.06288799445997673 -0.5222719743725226 0.8504569859421632
vn 0.16913798774572483 -0.6434969458057956 0.7465279779351474
vn -0.15552705500316927 -0.7085082519115017 0.6883512127797474
vn -0.5828579801935292 -0.8019589151125464 0.1309139923622649
vn -0.008817996806711633 -0.9960716340746072 0.08811096824038847
vn -0.15552705500316927 -0.7085082519115017 0.6883512127797474
vn -0.7876749881514932 -0.6128519501729812 0.0630919979848371
vn -0.5828579801935292 -0.8019589151125464 0.1309139923622649
vn -0.3023399314116561 0.9527347373464368 0.02978399112629047
vn -0.13493596261640065 -0.020236993202731625 0.9906476417470028
vn -0.9975213510885096 -0.0029630009389149557 0.07030202520546756
vn 0.002477000205542827 0.8517601389935477 -0.5239260731168798
vn 0.006912001954119791 0.9461652745794104 0.3236101009070255
vn 0.002477000205542827 0.8517601389935477 -0.5239260731168798
vn 0.006912001954119791 0.9461652745794104 0.3236101009070255
vn 0.6309920616804071 0.7754751526709985 0.022075001386205592
vn 0.2075299566571144 0.9648197638012636 -0.16141295012597462
vn 0.0045190023729240626 0.9615604581336789 -0.2745561217152213
vn 0.6309920616804071 0.7754751526709985 0.022075001386205592
vn 0.0045190023729240626 0.9615604581336789 -0.2745561217152213
vn 0.022867010439880375 0.9950674569281299 0.09652904224183946
vn 0.9964769563521977 -0.08324099646830972 0.010227999121196969
vn -0.9717922645089156 -0.20977005217069844 0.10777903252922764
vn 0.06190598460235774 -0.9848647839055984 0.16189195932161526
vn 0.01373100266059538 -0.9997141768218436 -0.019571004761084705
vn 0.12776803127113304 -0.8187931831718792 -0.5596901405030826
vn 0.06190598460235774 -0.9848647839055984 0.16189195932161526
vn 0.12776803127113304 -0.8187931831718792 -0.5596901405030826
vn 0.23713790933685253 -0.05707998096134121 -0.9697976529816926
vn 0.06190598460235774 -0.9848647839055984 0.16189195932161526
vn -0.00026900011701801 -0.9997844308474515 0.020761008500906817
vn 0.01373100266059538 -0.9997141768218436 -0.019571004761084705
vn 0.806689204137965 -0.5835950980434115 0.09310901925677008
vn 0.9991563631898841 0.040948015006859 0.0031340013022477966
vn 0.9961995588061562 -0.014162993292639831 -0.08594096028909885
vn 0.0 0.21238003653516432 -0.9771871469075523
vn 0.9478332609140603 -0.220035051186662 0.23064406724280148
vn 0.10020899441654735 0.3318599948942578 -0.9379909920819108
vn 0.19077402231582496 0.43265706024721995 -0.8811430874878805
vn -0.05861200036909876 0.4128789913844379 -0.9088979986148622
vn 0.9992630861158024 0.03382800446138066 -0.018137001970648593
vn 0.9972071315065745 -0.005089000790522383 -0.0745120053641273
vn -0.10229696165286024 0.21236292668851414 -0.9718216497922251
vn -0.9727870205350185 0.23168499718822413 0.00273400009032031
vn -0.7034737526028149 0.7106987886715768 0.005648998111771531
vn -0.5324201967206781 0.7791403220761489 0.3308611380005055
vn -0.27983594439249815 0.6906598789917882 0.6668438916095786
vn 0.9971742749682241 0.013128003263078891 -0.07396702557167861
vn -0.14699698856967694 0.9870528493040504 0.06417599264679906
vn -0.3736618902845312 0.925968728439931 -0.05439398588381058
vn -0.3736618902845312 0.925968728439931 -0.05439398588381058
vn -0.6518844366172476 0.7451354265326023 0.1407830864212407
vn 0.44411009390759787 0.8934912049939915 -0.06663100695449227
vn -0.40806098952890557 0.03803599921962194 0.9121619875811834
vn -0.35541795412365335 0.7638208592778213 -0.5387539074741337
vn -0.3499549188548624 0.033958996211788564 -0.9361508112187771
vn -0.40806098952890557 0.03803599921962194 0.9121619875811834
vn 0.19394597479557427 0.04049999653675618 0.9801758562325015
vn -0.16071594127565822 0.5968897521283288 0.7860617087888594
vn -0.40806098952890557 0.03803599921962194 0.9121619875811834
vn -0.3499549188548624 0.033958996211788564 -0.9361508112187771
vn -0.37024379488641546 -0.12932393652694435 0.9198884996505179
vn -0.40806098952890557 0.03803599921962194 0.9121619875811834
vn -0.37024379488641546 -0.12932393652694435 0.9198884996505179
vn 0.19394597479557427 0.04049999653675618 0.9801758562325015
vn -0.16071594127565822 0.5968897521283288 0.7860617087888594
vn 0.969900164783902 -0.2391760432028026 0.045700007768171576
vn 0.969900164783902 -0.2391760432028026 0.045700007768171576
vn 0.8888250187250809 -0.45699999733477936 -0.03378000184090031
vn 0.12073602890013266 -0.992484180485297 -0.01994900528484081
vn -0.07986196382388225 0.9483845840339481 0.3069018532054641
vn 0.020245002072980016 0.9961490976358941 0.08530600899267794
vn -0.02052899332187111 0.99672371386383 -0.07823297677248742
vn -0.07986196382388225 0.9483845840339481 0.3069018532054641
vn -0.04079501326383929 -0.9844663728420818 0.17076805215249893
vn 0.0408060079703543 -0.9864462035059239 0.15893003901803046
vn -0.07986196382388225 0.9483845840339481 0.3069018532054641
vn 0.0408060079703543 -0.9864462035059239 0.15893003901803046
vn 0.020245002072980016 0.9961490976358941 0.08530600899267794
vn -0.5917140368189927 -0.8016290619520483 -0.08523699704500849
vn -0.4420990678632597 -0.893952137893038 0.07347101027550665
vn -0.6741291807916377 -0.7385941664208233 -0.005339001247830971
vn -0.6741291807916377 -0.7385941664208233 -0.005339001247830971
vn 0.5777048922241778 0.8019547860841579 0.15207096559489416
vn 0.8858582281294534 0.4591341553991402 -0.0667160175764689
vn 0.9695332748995595 0.08477102309789063 -0.2298240685948105
vn 0.5777048922241778 0.8019547860841579 0.15207096559489416
vn 0.9695332748995595 0.08477102309789063 -0.2298240685948105
vn 0.9901266824566191 0.0337049887699316 0.13606295020860074
vn -0.008817996806711633 -0.9960716340746072 0.08811096824038847
vn -0.025853005026369082 -0.9948712147574219 -0.09779002085181453
vn -0.008817996806711633 -0.9960716340746072 0.08811096824038847
vn -0.5069421138578803 -0.8614842226913161 -0.029234008470318068
vn -0.6327812232779787 -0.7617032121062549 -0.13927002597055355
vn -0.4547650777380196 -0.05015300590231017 0.8891981781745258
vn -0.9984674467222179 -0.03346601305848493 -0.044077021292101885
vn -0.4547650777380196 -0.05015300590231017 0.8891981781745258
vn -0.24713409936218284 0.021651009216054055 0.9687393719326004
vn -0.9403719713525466 -0.0019930000017404693 0.34014200482374723
vn -0.9984674467222179 -0.03346601305848493 -0.044077021292101885
vn 0.4826308406464583 0.87458674047012 0.04653498738308633
vn 0.09499799309241548 0.9945659295456438 -0.042590997821405796
vn -0.5316269073238239 0.8462848146770097 0.03427599533792907
vn 0.4826308406464583 0.87458674047012 0.04653498738308633
vn 0.8967741117077255 0.4424790732757363 -0.002909000492541183
vn 0.09499799309241548 0.9945659295456438 -0.042590997821405796
vn 0.4826308406464583 0.87458674047012 0.04653498738308633
vn 0.4826308406464583 0.87458674047012 0.04653498738308633
vn 0.9964769563521977 -0.08324099646830972 0.010227999121196969
vn 0.8967741117077255 0.4424790732757363 -0.002909000492541183
vn 0.08384000230854825 0.04192000115427413 0.9955970909540305
vn -0.05262901686702544 0.4012981111338312 0.9144342582077892
vn -0.2580489695530958 -0.9075708567677334 -0.33124895359603457
vn 0.08384000230854825 0.04192000115427413 0.9955970909540305
vn -0.2580489695530958 -0.9075708567677334 -0.33124895359603457
vn 0.24276700305892382 -0.8196819916010024 -0.5188310080081977
vn 0.08384000230854825 0.04192000115427413 0.9955970909540305
vn -0.05262901686702544 0.4012981111338312 0.9144342582077892
vn 0.24276700305892382 -0.8196819916010024 -0.5188310080081977
vn 0.21457893263158853 -0.039399987327454596 0.9759116367116873
vn 0.9857137214493813 -0.11372396420303883 -0.12423896052510053
vn 0.9977725902897014 -0.014242994905992021 -0.06516897392691859
vn 0.9857137214493813 -0.11372396420303883 -0.12423896052510053
vn 0.9717587860005321 -0.01301999766857264 0.23561693804029157
vn 0.9851748537641458 -0.0940989813202365 0.14344298248881962
vn 0.9717302290284241 -0.20873604645909458 -0.11031602286609705
vn 0.9857137214493813 -0.11372396420303883 -0.12423896052510053
vn 0.9851748537641458 -0.0940989813202365 0.14344298248881962
vn 0.9717302290284241 -0.20873604645909458 -0.11031602286609705
vn 0.9857137214493813 -0.11372396420303883 -0.12423896052510053
vn 0.9977725902897014 -0.014242994905992021 -0.06516897392691859
vn 0.9717587860005321 -0.01301999766857264 0.23561693804029157
vn -0.016428995626524983 0.9950087514507925 -0.09842597542843351
vn -0.00881300000558586 0.9622769647676779 0.27192898725293535
vn 0.022867010439880375 0.9950674569281299 0.09652904224183946
vn -0.016428995626524983 0.9950087514507925 -0.09842597542843351
vn -0.6488217976144428 0.7605997531601074 -0.022765992909310327
vn -0.00881300000558586 0.9622769647676779 0.27192898725293535
vn -0.016428995626524983 0.9950087514507925 -0.09842597542843351
vn 0.022867010439880375 0.9950674569281299 0.09652904224183946
vn 0.0045190023729240626 0.9615604581336789 -0.2745561217152213
vn -0.6488217976144428 0.7605997531601074 -0.022765992909310327
vn -0.008817996806711633 -0.9960716340746072 0.08811096824038847
vn -0.5828579801935292 -0.8019589151125464 0.1309139923622649
vn -0.5069421138578803 -0.8614842226913161 -0.029234008470318068
vn 0.033109006971218984 0.9964781905006909 0.07703901293402297
vn 0.23935692520490603 0.01994599320124586 -0.9707267482209753
vn -0.03426100715363497 0.9979002560703141 -0.05496601062129288
vn -0.0060090028343572684 -0.9991724566502942 -0.04022802202884061
vn 0.01373100266059538 -0.9997141768218436 -0.019571004761084705
vn -0.00026900011701801 -0.9997844308474515 0.020761008500906817
vn -0.0060090028343572684 -0.9991724566502942 -0.04022802202884061
vn -0.00026900011701801 -0.9997844308474515 0.020761008500906817
vn -0.15594408132157853 -0.8819374913670763 -0.44482322873464836
vn -0.0060090028343572684 -0.9991724566502942 -0.04022802202884061
vn -0.15594408132157853 -0.8819374913670763 -0.44482322873464836
vn 0.01373100266059538 -0.9997141768218436 -0.019571004761084705
vn 0.9999812305129815 0.005981001573036844 -0.0013290003487170243
vn 0.15551197710198264 0.9875167969280082 0.025031994784261078
vn 0.5306650641668708 0.8470351130106807 -0.030432006173669646
vn 0.15551197710198264 0.9875167969280082 0.025031994784261078
vn -0.9242826091164907 0.37674182600441725 0.06137796855281268
vn -0.10325001964562096 0.11667002781966414 0.987789217420264
vn -0.08263198568083407 0.11770397509858055 0.9896048348651271
vn 0.9959973250005706 0.034155009658298534 0.0826000236498093
vn 0.9880464593136168 -0.018394009992734297 -0.1530550705929496
vn 0.9894309793109719 0.03395099785951771 -0.14097399378635153
vn 0.9959973250005706 0.034155009658298534 0.0826000236498093
vn 0.9538529493211633 -0.06724799733697714 0.2926469851638391
vn 0.9880464593136168 -0.018394009992734297 -0.1530550705929496
vn -0.0648109829074114 0.9852527238727193 0.15835594903874642
vn -0.25394610062273815 0.01244000369558782 0.9671383687387033
vn 0.003191000739602009 0.9939942228000269 0.10938602540749964
vn -0.00941599863861289 0.9861208360521886 0.1657619850067258
vn 0.04625098051678632 0.05165197675676905 0.99759356458347
vn -0.41650499257964063 0.008364000029230448 0.909094953599317
vn -0.8934444805664129 0.38321775286109155 0.23430986756325053
vn -0.7736049903972911 -0.5795630226678409 0.2562069897339314
vn -0.16323497890282276 0.4603669520849542 0.8725918926340104
vn 0.2804701200367106 0.9587974111073163 0.04521101879521363
vn -0.24713409936218284 0.021651009216054055 0.9687393719326004
vn -0.9550501529499628 0.22623703881788065 0.1915620202889123
vn -0.6518844366172476 0.7451354265326023 0.1407830864212407
vn -0.9334474162176901 0.34366977839328655 -0.1027959365715766
vn -0.6468812757133988 0.7525323552411906 0.12344905607801195
vn -0.00881300000558586 0.9622769647676779 0.27192898725293535
vn -0.6488217976144428 0.7605997531601074 -0.022765992909310327
vn -0.8633185891552358 0.49325577096565404 0.10667594868615597
vn 0.4268721582584469 -0.9025933586784937 -0.05572602061202332
vn -0.2378091347948631 -0.9419524607532896 0.23700712455312586
vn 0.4682691156642429 -0.8367301927817474 -0.28391304972200176
vn 0.28293600920085543 -0.3347280054069639 0.8988350110525117
vn -0.2378091347948631 -0.9419524607532896 0.23700712455312586
vn 0.28293600920085543 -0.3347280054069639 0.8988350110525117
vn 0.9548762692858079 -0.0670260134159074 0.2893420534253323
vn 0.9969298339808267 0.016906998204023242 0.07645298902391497
vn -0.9858273160148594 0.06959001968304163 0.15264904899622656
vn 0.9548762692858079 -0.0670260134159074 0.2893420534253323
vn -0.9858273160148594 0.06959001968304163 0.15264904899622656
vn -0.9959867354501537 -0.017090996311864618 0.08785397345831038
vn 0.7434797489667643 -0.6622577555262369 -0.09301896646205103
vn 0.6928911485867746 -0.7210371162038366 -0.002708000471827676
vn -0.009895998197562112 0.999754826191756 -0.019807996515683657
vn -0.6193187820707637 -0.25455790708296916 0.7427277550461705
vn -0.74251213373289 0.005233001198654266 -0.6698121728946749
vn -0.41650499257964063 0.008364000029230448 0.909094953599317
vn -0.29289697499972805 -0.6213750009655258 -0.7267079676259931
vn 0.01373100266059538 -0.9997141768218436 -0.019571004761084705
vn -0.15594408132157853 -0.8819374913670763 -0.44482322873464836
vn 0.12776803127113304 -0.8187931831718792 -0.5596901405030826
vn -0.9939843666104784 -0.07313402793964877 0.08152602585241576
vn -0.9173447324000125 -0.3486839171831592 0.1920889581307512
vn 0.20794795723714066 -0.08094598623088257 -0.9747847938873535
vn -0.05542098173531234 -0.5572178774101507 -0.8285147867588244
vn 0.20794795723714066 -0.08094598623088257 -0.9747847938873535
vn -0.06131901089715713 -0.029024004421334498 -0.9976961391475586
vn 0.8239362429090756 0.5635421593907259 0.05957602042864362
vn 0.7666103109996889 0.6147262346717117 -0.1855270532167752
vn 0.9315809477046861 0.3569109757554686 -0.0690759962571541
vn -0.680982889354663 0.7310808914300282 -0.042225994269529096
vn -0.08263198568083407 0.11770397509858055 0.9896048348651271
vn -0.7876749881514932 -0.6128519501729812 0.0630919979848371
vn -0.7876749881514932 -0.6128519501729812 0.0630919979848371
vn -0.9984674467222179 -0.03346601305848493 -0.044077021292101885
vn -0.2691230268118391 -0.03160300606868135 -0.9625871630387852
vn -0.021547007962787853 -0.0033150012077187417 -0.9997623403663716
vn -0.31302801567080873 0.6945490416892711 0.6477770373312959
vn 0.17341406450069569 0.7148082176630695 0.6774782462889083
vn 0.04523799600796602 0.032760996606014885 -0.9984389018956362
vn -0.9699500489946793 0.08264700567730417 0.2288370051101764
vn -0.9971459955198947 0.032519001028485456 -0.06813499974864341
vn -0.5779783057986089 0.8010093470379561 -0.15596507296185574
vn -0.9699500489946793 0.08264700567730417 0.2288370051101764
vn -0.9969497810256001 -0.03319599244731354 0.07063398755872467
vn -0.9971459955198947 0.032519001028485456 -0.06813499974864341
vn -0.9699500489946793 0.08264700567730417 0.2288370051101764
vn -0.5779783057986089 0.8010093470379561 -0.15596507296185574
vn -0.8772105520745306 0.4764187604738143 0.05938696824802262
vn -0.8772105520745306 0.4764187604738143 0.05938696824802262
vn -0.9696769395135839 -0.24230799771374584 -0.031834999914004264
vn -0.035110991038872615 0.9464237579646619 -0.3210129104386848
vn 0.020245002072980016 0.9961490976358941 0.08530600899267794
vn 0.07328402368452888 0.9514512572183756 -0.2989480841386642
vn -0.02052899332187111 0.99672371386383 -0.07823297677248742
vn 0.2804701200367106 0.9587974111073163 0.04521101879521363
vn 0.6951537036108755 0.7180597086765749 -0.033934983886772484
vn -0.4518619352008103 0.8913918485546929 -0.035232993725001154
vn 0.2804701200367106 0.9587974111073163 0.04521101879521363
vn 0.9923064306184396 -0.12378005181313027 0.002539001069414851
vn 0.6951537036108755 0.7180597086765749 -0.033934983886772484
vn 0.2804701200367106 0.9587974111073163 0.04521101879521363
vn -0.4518619352008103 0.8913918485546929 -0.035232993725001154
vn -0.8617623065456105 0.5071451789397864 0.013019005158663954
vn 0.19394597479557427 0.04049999653675618 0.9801758562325015
vn 0.2924999439375436 0.666457915680986 0.6857679122142486
vn -0.16071594127565822 0.5968897521283288 0.7860617087888594
vn -0.9968525904954469 0.009103997191847775 -0.07875296856403267
vn -0.9136490535936449 0.00381100004437082 -0.4064860183894384
vn 0.29004604818509666 0.914310135338002 0.2826840397872034
vn 0.29004604818509666 0.914310135338002 0.2826840397872034
vn -0.5889713210772458 0.7961013165109742 -0.1390520650620388
vn -0.7046158864329989 -0.6799498752586989 -0.20293994116959624
vn -0.9900789992366207 0.13563600368100706 -0.03669400190845219
vn 0.9293401104713676 0.3191730333148158 -0.1856220188277399
vn -0.5889713210772458 0.7961013165109742 -0.1390520650620388
vn -0.9900789992366207 0.13563600368100706 -0.03669400190845219
vn -0.8059346997588739 0.5671477720806203 0.1697429360785382
vn 0.9503289509159346 -0.26422397758764016 -0.16450098698422885
vn 0.969900164783902 -0.2391760432028026 0.045700007768171576
vn -0.9454608741831843 0.17145199323283006 0.27696199993006043
vn 0.2924999439375436 0.666457915680986 0.6857679122142486
vn -0.013048993444787051 0.9982135312089894 0.05830497304139528
vn -0.16071594127565822 0.5968897521283288 0.7860617087888594
vn 0.2924999439375436 0.666457915680986 0.6857679122142486
vn 0.007279998884400164 0.9997548776724132 0.02090899773928038
vn -0.013048993444787051 0.9982135312089894 0.05830497304139528
vn 0.4268721582584469 -0.9025933586784937 -0.05572602061202332
vn -0.2519890149621342 -0.5590320406253821 -0.7899270307393175
vn -0.9542642335015008 0.06545101919304665 0.29171207850616077
vn -0.9967071352645495 0.016409002143473423 -0.07940800439118711
vn -0.9994099526164268 -0.03396699878709386 0.005098000061653939
vn -0.9563599790855393 -0.29219099775233875 0.0001059999991276023
vn -0.9727870205350185 0.23168499718822413 0.00273400009032031
vn 0.8761661893020719 -0.4752611352383209 -0.08037202284295496
vn 0.8761661893020719 -0.4752611352383209 -0.08037202284295496
vn -0.5014289985478559 -0.855141958435861 0.1315339892870829
vn -0.7046158864329989 -0.6799498752586989 -0.20293994116959624
vn -0.00881300000558586 0.9622769647676779 0.27192898725293535
vn 0.08606296222357215 0.3983668129868366 0.9131796366783561
vn 0.022867010439880375 0.9950674569281299 0.09652904224183946
vn -0.0408749831491934 -0.9856066470826905 -0.1640389373867369
vn -0.5917140368189927 -0.8016290619520483 -0.08523699704500849
vn -0.06563201106542192 -0.022009004294168282 -0.9976011441721023
vn -0.08915400285162169 -0.003395000388925092 -0.9960120670694167
vn -0.4757809323394914 0.8777148691209827 -0.05700099074665695
vn -0.8259413158689622 0.557096177657807 0.08639902534003623
vn 0.26320103375056486 0.9643101403064422 0.02883000407220555
vn 0.14108196870947975 0.8183737691554687 -0.5570998582510405
vn -0.05646997761672683 0.4374218349905251 -0.8974816320691404
vn -0.21012192379014732 0.08696596827156985 -0.9737996187642075
vn 0.14108196870947975 0.8183737691554687 -0.5570998582510405
vn 0.06368201906448431 0.03517001086556145 -0.9973503250029986
vn 0.8858582281294534 0.4591341553991402 -0.0667160175764689
vn 0.14108196870947975 0.8183737691554687 -0.5570998582510405
vn 0.05561501099784435 -0.31676805533311014 -0.9468711473438134
vn -0.05646997761672683 0.4374218349905251 -0.8974816320691404
vn 0.14108196870947975 0.8183737691554687 -0.5570998582510405
vn -0.21012192379014732 0.08696596827156985 -0.9737996187642075
vn 0.06368201906448431 0.03517001086556145 -0.9973503250029986
vn 0.4510537960029333 0.8924485997623905 -0.009271995119317155
vn -0.680982889354663 0.7310808914300282 -0.042225994269529096
vn -0.042930973956929595 -0.6412316321846842 -0.7661454988191705
vn 0.04523799600796602 0.032760996606014885 -0.9984389018956362
vn 0.09005199361077526 -0.6704309574006488 -0.7364869108175477
vn 0.9552260190214956 -0.29582399591237846 -0.005605000158643737
vn -0.05646997761672683 0.4374218349905251 -0.8974816320691404
vn -0.9971459955198947 0.032519001028485456 -0.06813499974864341
vn -0.21012192379014732 0.08696596827156985 -0.9737996187642075
vn -0.05646997761672683 0.4374218349905251 -0.8974816320691404
vn -0.05177898011251883 0.9778326250642024 0.20288492940225578
vn -0.08915400285162169 -0.003395000388925092 -0.9960120670694167
vn 0.09005199361077526 -0.6704309574006488 -0.7364869108175477
vn -0.9959867354501537 -0.017090996311864618 0.08785397345831038
vn -0.9858273160148594 0.06959001968304163 0.15264904899622656
vn -0.9999396301471674 0.0 0.010987996229797249
vn -0.9959867354501537 -0.017090996311864618 0.08785397345831038
vn -0.9999396301471674 0.0 0.010987996229797249
vn -0.953771716744003 -0.031902989453865445 -0.29883391976665563
vn 0.9671928481539533 -0.002697999710099691 0.2540289654299445
vn 0.696371071730837 -0.009943000875744262 0.7176130344343185
vn -0.9199035289796276 -0.03296398201624047 0.3907567955397073
vn -0.993918723650426 0.10587397399716252 -0.030269991859204905
vn -0.035110991038872615 0.9464237579646619 -0.3210129104386848
vn -0.9696769395135839 -0.24230799771374584 -0.031834999914004264
vn -0.06131901089715713 -0.029024004421334498 -0.9976961391475586
vn 0.06368201906448431 0.03517001086556145 -0.9973503250029986
vn -0.21012192379014732 0.08696596827156985 -0.9737996187642075
vn -0.06131901089715713 -0.029024004421334498 -0.9976961391475586
vn 0.20794795723714066 -0.08094598623088257 -0.9747847938873535
vn 0.06368201906448431 0.03517001086556145 -0.9973503250029986
vn -0.9334474162176901 0.34366977839328655 -0.1027959365715766
vn -0.15759097932319324 0.8436648525802352 -0.5132199331249
vn 0.696371071730837 -0.009943000875744262 0.7176130344343185
vn -0.7034737526028149 0.7106987886715768 0.005648998111771531
vn -0.3791049167077487 -0.15430397252546252 -0.9123978004088307
vn -0.3499549188548624 0.033958996211788564 -0.9361508112187771
vn 0.23713790933685253 -0.05707998096134121 -0.9697976529816926
vn -0.3791049167077487 -0.15430397252546252 -0.9123978004088307
vn -0.37024379488641546 -0.12932393652694435 0.9198884996505179
vn -0.3499549188548624 0.033958996211788564 -0.9361508112187771
vn -0.3791049167077487 -0.15430397252546252 -0.9123978004088307
vn 0.23713790933685253 -0.05707998096134121 -0.9697976529816926
vn 0.12776803127113304 -0.8187931831718792 -0.5596901405030826
vn -0.3791049167077487 -0.15430397252546252 -0.9123978004088307
vn 0.12776803127113304 -0.8187931831718792 -0.5596901405030826
vn -0.15594408132157853 -0.8819374913670763 -0.44482322873464836
vn -0.013048993444787051 0.9982135312089894 0.05830497304139528
vn 0.007279998884400164 0.9997548776724132 0.02090899773928038
vn -0.009895998197562112 0.999754826191756 -0.019807996515683657
vn -0.013048993444787051 0.9982135312089894 0.05830497304139528
vn -0.996304782007431 -0.020749994900966198 0.08334398035092391
vn -0.9998585545566935 -0.0061219973343697 0.01566499372607086
vn -0.9829352541318618 -0.0982230235489194 -0.1555330313137401
vn -0.996304782007431 -0.020749994900966198 0.08334398035092391
vn 0.9477846861250995 -0.0646419798803251 0.31229089513448555
vn -0.9142734981444514 0.029651982564764368 0.40401080495537106
vn -0.996304782007431 -0.020749994900966198 0.08334398035092391
vn -0.9142734981444514 0.029651982564764368 0.40401080495537106
vn -0.9998585545566935 -0.0061219973343697 0.01566499372607086
vn 0.996975387953432 0.0006700002476577841 0.07771503660664238
vn -0.0408749831491934 -0.9856066470826905 -0.1640389373867369
vn 0.04476399822922365 -0.9848139289576195 -0.16774298731568682
vn 0.0408060079703543 -0.9864462035059239 0.15893003901803046
vn -0.9095764347061768 -0.001091000530004273 -0.41553522010179084
vn -0.09655197973035308 0.34014595837709255 -0.935402823498988
vn -0.9939843666104784 -0.07313402793964877 0.08152602585241576
vn -0.9939843666104784 -0.07313402793964877 0.08152602585241576
vn -0.9975213510885096 -0.0029630009389149557 0.07030202520546756
vn -0.9721078990372813 -0.008162999624494871 -0.23439197526036043
vn -0.9939843666104784 -0.07313402793964877 0.08152602585241576
vn -0.9721078990372813 -0.008162999624494871 -0.23439197526036043
vn -0.7265020001249755 -0.6621760119350413 0.18362399906388654
vn -0.6327812232779787 -0.7617032121062549 -0.13927002597055355
vn -0.7876749881514932 -0.6128519501729812 0.0630919979848371
vn -0.7265020001249755 -0.6621760119350413 0.18362399906388654
vn -0.8772105520745306 0.4764187604738143 0.05938696824802262
vn -0.9414101193033307 -0.3300850373861504 -0.06921600513661698
vn -0.7265020001249755 -0.6621760119350413 0.18362399906388654
vn 0.0865230040601271 -0.9355871101239565 -0.34233102275183147
vn 0.02086698925304105 -0.9904964765273643 0.13594594052927855
vn -0.0030180010349109515 -0.994449357438009 -0.10517303438089165
vn -0.6088380523483221 -0.7898560563248532 0.07378100229498148
vn -0.2967158958652578 -0.9544227097281948 0.032201992111784296
vn 0.06368201906448431 0.03517001086556145 -0.9973503250029986
vn 0.696371071730837 -0.009943000875744262 0.7176130344343185
vn -0.25394610062273815 0.01244000369558782 0.9671383687387033
vn 0.012926006587168824 0.014625006239373876 0.9998094956271454
vn 0.003191000739602009 0.9939942228000269 0.10938602540749964
vn -0.999268163834865 -0.00966800122839656 0.03700900563842784
vn -0.25394610062273815 0.01244000369558782 0.9671383687387033
vn -0.9639682629068556 0.006653001846219474 0.2659340626448098
vn -0.999268163834865 -0.00966800122839656 0.03700900563842784
vn 0.9862767812025943 -0.09032497879275483 0.13820097346523444
vn 0.5337550653956405 -0.10112301286472947 0.8395711205333681
vn 0.9901266824566191 0.0337049887699316 0.13606295020860074
vn 0.9969584219814027 -0.032455013576989544 -0.0708560296239386
vn 0.9717587860005321 -0.01301999766857264 0.23561693804029157
vn -0.05646997761672683 0.4374218349905251 -0.8974816320691404
vn -0.17093695799704423 -0.5969839130831437 -0.7838308260783409
vn -0.5779783057986089 0.8010093470379561 -0.15596507296185574
vn -0.05646997761672683 0.4374218349905251 -0.8974816320691404
vn 0.05561501099784435 -0.31676805533311014 -0.9468711473438134
vn -0.17093695799704423 -0.5969839130831437 -0.7838308260783409
vn -0.502672077116039 0.8644461051046841 -0.0073290011044079804
vn 0.15551197710198264 0.9875167969280082 0.025031994784261078
vn -0.8206583317758518 0.5713521877363081 0.008751003131667243
vn -0.8206583317758518 0.5713521877363081 0.008751003131667243
vn -0.502672077116039 0.8644461051046841 -0.0073290011044079804
vn 0.15551197710198264 0.9875167969280082 0.025031994784261078
vn -0.17093695799704423 -0.5969839130831437 -0.7838308260783409
vn -0.9414101193033307 -0.3300850373861504 -0.06921600513661698
vn -0.5779783057986089 0.8010093470379561 -0.15596507296185574
vn 0.0457189853809152 -0.003921998565216176 0.9989466413692946
vn 0.0515000160163635 -0.003658001121497437 0.9986662943036124
vn 0.5337550653956405 -0.10112301286472947 0.8395711205333681
vn 0.9924698628806642 0.11662297924765026 0.0374519957417212
vn -0.00235800012548415 0.024212003237221183 0.9997040655787337
vn 0.0022950010506608064 0.07432503588742585 0.9972314285112108
vn -0.018366993242648313 -0.30642787777760777 0.9517166643912125
vn -0.3023399314116561 0.9527347373464368 0.02978399112629047
vn 0.9616138080805815 -0.270503943969247 -0.046113993601132115
vn 0.9269920302890935 0.2868810094405288 -0.24163001097315628
vn -0.5038020025377956 0.8637610096057363 -0.010022999739903685
vn 0.05175698115350767 0.1315489544943972 -0.9899576190288686
vn 0.23713790933685253 -0.05707998096134121 -0.9697976529816926
vn -0.8772105520745306 0.4764187604738143 0.05938696824802262
vn 0.9717302290284241 -0.20873604645909458 -0.11031602286609705
vn 0.9851748537641458 -0.0940989813202365 0.14344298248881962
vn 0.9207508644572993 -0.320857974714585 0.2219639737957286
vn -0.6026993434228216 0.38015625135175923 -0.7015944170215993
vn -0.5038020025377956 0.8637610096057363 -0.010022999739903685
vn -0.9095764347061768 -0.001091000530004273 -0.41553522010179084
vn 0.0022950010506608064 0.07432503588742585 0.9972314285112108
vn -0.06235002149769659 0.8433512769354949 -0.5337331716415112
vn 0.06368201906448431 0.03517001086556145 -0.9973503250029986
vn 0.20794795723714066 -0.08094598623088257 -0.9747847938873535
vn 0.9695332748995595 0.08477102309789063 -0.2298240685948105
vn 0.9477846861250995 -0.0646419798803251 0.31229089513448555
vn 0.9970087376582318 0.052086990157180726 -0.057100985013437994
vn -0.9142734981444514 0.029651982564764368 0.40401080495537106
vn 0.9477846861250995 -0.0646419798803251 0.31229089513448555
vn 0.9749123198103621 0.014567005065546161 -0.2221120686621925
vn 0.9970087376582318 0.052086990157180726 -0.057100985013437994
vn -0.678914967501827 0.732257961105936 -0.0535979971544721
vn -0.057854002225564374 -0.21443200758747946 -0.9750240143445122
vn -0.9994099526164268 -0.03396699878709386 0.005098000061653939
vn -0.9967071352645495 0.016409002143473423 -0.07940800439118711
vn -0.9242826091164907 0.37674182600441725 0.06137796855281268
vn -0.8633185891552358 0.49325577096565404 0.10667594868615597
vn -0.9330987958753192 0.3435449391246086 -0.10631797561042299
vn -0.27983594439249815 0.6906598789917882 0.6668438916095786
vn -0.7701569391333769 0.5972599669698551 0.22391699569232265
vn 0.24030711530779444 -0.3894361737547538 -0.8891523811494313
vn -0.8633185891552358 0.49325577096565404 0.10667594868615597
vn -0.6488217976144428 0.7605997531601074 -0.022765992909310327
vn -0.9330987958753192 0.3435449391246086 -0.10631797561042299
vn 0.9901266824566191 0.0337049887699316 0.13606295020860074
vn 0.9695332748995595 0.08477102309789063 -0.2298240685948105
vn 0.9969584219814027 -0.032455013576989544 -0.0708560296239386
vn 0.9695332748995595 0.08477102309789063 -0.2298240685948105
vn 0.4682691156642429 -0.8367301927817474 -0.28391304972200176
vn -0.4822201884822041 -0.297260115226444 -0.8240753082793761
vn -0.06593597478890906 -0.9889746006187529 0.13259595227462476
vn -0.02930299883598461 0.9696509658996588 0.24273100046981422
vn -0.03426100715363497 0.9979002560703141 -0.05496601062129288
vn -0.0030180010349109515 -0.994449357438009 -0.10517303438089165
vn -0.0030180010349109515 -0.994449357438009 -0.10517303438089165
vn -0.03426100715363497 0.9979002560703141 -0.05496601062129288
vn 0.23935692520490603 0.01994599320124586 -0.9707267482209753
vn 0.03572099118047131 0.9893177289942995 -0.1413309657741238
vn 0.033109006971218984 0.9964781905006909 0.07703901293402297
vn 0.02086698925304105 -0.9904964765273643 0.13594594052927855
vn 0.03572099118047131 0.9893177289942995 -0.1413309657741238
vn 0.0865230040601271 -0.9355871101239565 -0.34233102275183147
vn 0.9477846861250995 -0.0646419798803251 0.31229089513448555
vn -0.996304782007431 -0.020749994900966198 0.08334398035092391
vn -0.9829352541318618 -0.0982230235489194 -0.1555330313137401
vn 0.9749123198103621 0.014567005065546161 -0.2221120686621925
vn 0.9749123198103621 0.014567005065546161 -0.2221120686621925
vn -0.9829352541318618 -0.0982230235489194 -0.1555330313137401
vn 0.9370660897421118 0.07594700513278067 -0.3407920126217602
vn -0.9829352541318618 -0.0982230235489194 -0.1555330313137401
vn -0.9998585545566935 -0.0061219973343697 0.01566499372607086
vn 0.9370660897421118 0.07594700513278067 -0.3407920126217602
vn -0.9998585545566935 -0.0061219973343697 0.01566499372607086
vn -0.9142734981444514 0.029651982564764368 0.40401080495537106
vn 0.9370660897421118 0.07594700513278067 -0.3407920126217602
vn 0.9970087376582318 0.052086990157180726 -0.057100985013437994
vn 0.9970087376582318 0.052086990157180726 -0.057100985013437994
vn 0.9749123198103621 0.014567005065546161 -0.2221120686621925
vn 0.9370660897421118 0.07594700513278067 -0.3407920126217602
vn -0.9981948464608668 0.02710199469383132 -0.05359599222499898
vn -0.9502904719157073 0.02549601267906248 0.31031914591866777
vn 0.99776581186953 0.03785199568680596 0.0550509862478773
vn 0.9900033835342407 -0.057629021125579126 0.12873304360133353
vn -0.9952553399626484 -0.022814007221439114 0.09458503766628784
vn -0.10888499722950144 -0.2133599958213577 -0.970887001438088
vn 0.9517492776324735 0.008050002262894661 -0.3067711035766445
vn -0.10888499722950144 -0.2133599958213577 -0.970887001438088
vn 0.9517492776324735 0.008050002262894661 -0.3067711035766445
vn 0.9517492776324735 0.008050002262894661 -0.3067711035766445
vn -0.10888499722950144 -0.2133599958213577 -0.970887001438088
vn -0.9981948464608668 0.02710199469383132 -0.05359599222499898
vn -0.9858273160148594 0.06959001968304163 0.15264904899622656
vn 0.9969298339808267 0.016906998204023242 0.07645298902391497
vn -0.029876008136557927 0.2181300646912688 -0.9754623001508606
vn -0.953771716744003 -0.031902989453865445 -0.29883391976665563
vn 0.9548762692858079 -0.0670260134159074 0.2893420534253323
vn -0.9959867354501537 -0.017090996311864618 0.08785397345831038
vn -0.953771716744003 -0.031902989453865445 -0.29883391976665563
vn -0.029876008136557927 0.2181300646912688 -0.9754623001508606
vn 0.9964349961013255 -0.018216001043723895 -0.08237399984537863
vn -0.953771716744003 -0.031902989453865445 -0.29883391976665563
vn -0.029876008136557927 0.2181300646912688 -0.9754623001508606
vn 0.9964349961013255 -0.018216001043723895 -0.08237399984537863
vn -0.03882898817146043 0.549150839148324 -0.8348207385662338
vn -0.03882898817146043 0.549150839148324 -0.8348207385662338
vn 0.6985959389569386 0.6026249591614606 -0.3857549386184464
vn -0.015741993523342473 -0.9998755960417176 -0.0009909995616613513
vn -0.03580799141598281 0.9597627025502964 0.27851991408892846
vn -0.034625006973789195 0.9902511936808861 -0.1349210224747997
vn -0.015741993523342473 -0.9998755960417176 -0.0009909995616613513
vn -0.034625006973789195 0.9902511936808861 -0.1349210224747997
vn 0.03610699253326978 -0.989736736377997 -0.13826596744692402
vn -0.015741993523342473 -0.9998755960417176 -0.0009909995616613513
vn 0.024854999410530397 0.9993539450429664 0.025959998678010045
vn 0.01778399355659427 -0.9876756502298271 0.15550093091768713
vn 0.23899707668901177 0.052476016429041206 -0.969601291786395
vn -0.015741993523342473 -0.9998755960417176 -0.0009909995616613513
vn 0.024854999410530397 0.9993539450429664 0.025959998678010045
vn -0.01833199587786735 0.9962117009706692 -0.08500696898643008
vn 0.024854999410530397 0.9993539450429664 0.025959998678010045
vn 0.23899707668901177 0.052476016429041206 -0.969601291786395
vn -0.01833199587786735 0.9962117009706692 -0.08500696898643008
vn 0.23899707668901177 0.052476016429041206 -0.969601291786395
vn -0.016891996629273077 -0.9982288675031676 -0.057041989211634295
vn -0.01833199587786735 0.9962117009706692 -0.08500696898643008
vn -0.016891996629273077 -0.9982288675031676 -0.057041989211634295
vn -0.015741993523342473 -0.9998755960417176 -0.0009909995616613513
vn -0.01833199587786735 0.9962117009706692 -0.08500696898643008
vn 0.0 -1.0 0.0
vn -0.907682845097566 -0.4166959292032536 -0.049762991278912365
vn 0.0 -1.0 0.0
vn 0.9049706367340619 -0.4213358100621549 0.05919697465592609
vn 0.9478569955246468 -0.0779779978432725 0.3090089770335877
vn -0.9867535839514748 -0.022193991192240532 0.16070093750155398
vn -0.9254639801604541 -0.03523999846765879 -0.37719300620977847
vn -0.9809049865875509 0.0897670006717374 0.1725320053731399
vn 0.9967498228917218 0.020089997731967617 0.07801398949195426
vn -0.05500201747397708 0.2093700715732455 -0.9762883545363052
vn -0.9254639801604541 -0.03523999846765879 -0.37719300620977847
vn -0.05500201747397708 0.2093700715732455 -0.9762883545363052
vn 0.9924243489969719 -0.023365007245833732 -0.12061504033220104
vn -0.9254639801604541 -0.03523999846765879 -0.37719300620977847
vn -0.05500201747397708 0.2093700715732455 -0.9762883545363052
vn 0.9924243489969719 -0.023365007245833732 -0.12061504033220104
vn 0.9938598351422342 0.11050798165984212 0.005532999233597009
vn 0.9938598351422342 0.11050798165984212 0.005532999233597009
vn 0.9938598351422342 0.11050798165984212 0.005532999233597009
vn 0.9938598351422342 0.11050798165984212 0.005532999233597009
vn -0.0408749831491934 -0.9856066470826905 -0.1640389373867369
vn -0.04079501326383929 -0.9844663728420818 0.17076805215249893
vn -0.07986196382388225 0.9483845840339481 0.3069018532054641
vn -0.02052899332187111 0.99672371386383 -0.07823297677248742
vn 0.07328402368452888 0.9514512572183756 -0.2989480841386642
vn 0.020245002072980016 0.9961490976358941 0.08530600899267794
vn 0.0408060079703543 -0.9864462035059239 0.15893003901803046
vn -0.0408749831491934 -0.9856066470826905 -0.1640389373867369
vn -0.02052899332187111 0.99672371386383 -0.07823297677248742
vn 0.07328402368452888 0.9514512572183756 -0.2989480841386642
vn 0.07328402368452888 0.9514512572183756 -0.2989480841386642
vn 0.04476399822922365 -0.9848139289576195 -0.16774298731568682
vn -0.015106000410821531 0.43807600121889706 0.8988110067793168
vn -0.015106000410821531 0.43807600121889706 0.8988110067793168
vn 0.9538529493211633 -0.06724799733697714 0.2926469851638391
vn -0.996471117785734 -0.015726002103338358 0.0824500107743808
vn -0.9842911860329298 -0.06962100670307866 -0.16224603700410806
vn 0.9880464593136168 -0.018394009992734297 -0.1530550705929496
vn 0.9880464593136168 -0.018394009992734297 -0.1530550705929496
vn -0.9860745236344399 0.0360309838362174 -0.16235394064483535
vn -0.9549583394977276 0.032849008712044395 0.29491611086947933
vn 0.9959973250005706 0.034155009658298534 0.0826000236498093
vn 0.9894309793109719 0.03395099785951771 -0.14097399378635153
vn -0.9860745236344399 0.0360309838362174 -0.16235394064483535
vn -0.033724001277194 0.00042000003914510135 0.9994310958429414
vn -0.05032499201918621 -0.00018199999129065448 0.9987328782283439
vn 0.0023679991560131308 -0.0022659993113390334 0.9999946288991347
vn -0.05032499201918621 -0.00018199999129065448 0.9987328782283439
vn 0.0025809997791329813 -0.025328994842768827 0.9996758376895958
vn 0.0023679991560131308 -0.0022659993113390334 0.9999946288991347
vn 0.0025809997791329813 -0.025328994842768827 0.9996758376895958
vn 0.006255000291309886 -0.01299300119204838 0.9998960230400854
vn 0.0023679991560131308 -0.0022659993113390334 0.9999946288991347
vn 0.006255000291309886 -0.01299300119204838 0.9998960230400854
vn 0.0515000160163635 -0.003658001121497437 0.9986662943036124
vn 0.0023679991560131308 -0.0022659993113390334 0.9999946288991347
vn 0.0023679991560131308 -0.0022659993113390334 0.9999946288991347
vn 0.0023679991560131308 -0.0022659993113390334 0.9999946288991347
vn -0.00235800012548415 0.024212003237221183 0.9997040655787337
vn -0.00235800012548415 0.024212003237221183 0.9997040655787337
vn -0.033724001277194 0.00042000003914510135 0.9994310958429414
vn 0.0023679991560131308 -0.0022659993113390334 0.9999946288991347
vn 0.005319998574072192 -0.9999857496935975 -0.00044499989385551094
vn -0.5076149434800882 -0.8555789139399382 -0.10154698999508883
vn 0.005319998574072192 -0.9999857496935975 -0.00044499989385551094
vn 0.9616138080805815 -0.270503943969247 -0.046113993601132115
vn -0.9935684841945971 0.11322894060788918 -0.0009349995003977236
vn -0.8090179960100319 -0.577162013196753 -0.11123800004756965
vn -0.6945116042439765 -0.7194185954438722 0.00951399495607463
vn -0.9935684841945971 0.11322894060788918 -0.0009349995003977236
vn -0.7130868158622512 -0.7005567875276858 0.026969992442055644
vn -0.9935684841945971 0.11322894060788918 -0.0009349995003977236
vn -0.827930158224321 0.5217411179084346 0.20571305011181942
vn -0.9935684841945971 0.11322894060788918 -0.0009349995003977236
vn 0.008230999770117903 -0.9999659325411052 0.0006199999855764831
vn -0.9563599790855393 -0.29219099775233875 0.0001059999991276023
vn -0.8922389892667643 -0.4355039966310107 -0.11935600089915678
vn 0.008230999770117903 -0.9999659325411052 0.0006199999855764831
vn -0.04416000003814564 -0.6180239784048186 -0.7849179934956972
vn 0.059338013671167825 -0.9008142215217896 -0.4301310712302154
vn 0.7908123974166003 -0.6116163322165881 -0.023264012081694152
vn 0.7418820221733482 -0.6704710089572988 0.008926999706805218
vn 0.24276700305892382 -0.8196819916010024 -0.5188310080081977
vn 0.0 -0.7219882820350748 -0.6919052829716226
vn 0.0 -0.7219882820350748 -0.6919052829716226
vn -0.9542642335015008 0.06545101919304665 0.29171207850616077
vn 0.9969645210583433 0.015635993438363468 0.07627096079179585
vn 0.9560570163952993 0.03494299963983315 -0.29109099638685004
vn 0.9901156037578239 -0.03139398869069308 -0.13669494749027208
vn 0.9603085984840192 -0.030448985780799666 0.27727288894260704
vn -0.9994099526164268 -0.03396699878709386 0.005098000061653939
vn 0.9560570163952993 0.03494299963983315 -0.29109099638685004
vn 0.9901156037578239 -0.03139398869069308 -0.13669494749027208
vn -0.9967071352645495 0.016409002143473423 -0.07940800439118711
vn 0.9560570163952993 0.03494299963983315 -0.29109099638685004
vn -0.057854002225564374 -0.21443200758747946 -0.9750240143445122
vn -0.9967071352645495 0.016409002143473423 -0.07940800439118711
vn 0.027726004635097935 -0.022150004869719433 -0.9993701246041158
vn -0.14544797898927297 -0.16643195732358212 -0.9752667783685537
vn 0.027726004635097935 -0.022150004869719433 -0.9993701246041158
vn -0.05160699273137268 -0.06325998731824699 -0.9966618746123077
vn 0.0 0.0 -1.0
vn 0.0 0.0 -1.0
vn -0.10484398079725024 0.06810599515695476 -0.9921538757240566
vn 0.9293401104713676 0.3191730333148158 -0.1856220188277399
vn 0.8123185228973246 0.5738246575391382 0.10422993695670828
vn 0.9994496032178972 -0.03176598782666716 0.009560996024684241
vn 0.8761661893020719 -0.4752611352383209 -0.08037202284295496
vn 0.9293401104713676 0.3191730333148158 -0.1856220188277399
vn 0.9994496032178972 -0.03176598782666716 0.009560996024684241
vn -0.9998106169521765 0.0 0.019460992516008736
vn -0.9998106169521765 0.0 0.019460992516008736
vn -0.9584687227090402 -0.24473593809679836 -0.1464309673272057
vn -0.8737571848501591 -0.46153810688890773 0.1533980371847309
vn -0.9863953854987607 0.03372301251749138 -0.1608940704112374
vn -0.9463237809424571 0.032352992377849554 0.3215969301889733
vn 0.9991563631898841 0.040948015006859 0.0031340013022477966
vn 0.9419702314908323 -0.07015901821413578 0.3282831021364585
vn -0.9958401004874251 -0.020487000512587644 0.0887850047654008
vn -0.9431309802017215 -0.04357499773528702 -0.3295529908165147
vn -0.9431309802017215 -0.04357499773528702 -0.3295529908165147
vn -0.9863953854987607 0.03372301251749138 -0.1608940704112374
vn 0.9961995588061562 -0.014162993292639831 -0.08594096028909885
vn -0.9431309802017215 -0.04357499773528702 -0.3295529908165147
vn 0.0 0.21238003653516432 -0.9771871469075523
vn 0.9961995588061562 -0.014162993292639831 -0.08594096028909885
vn 0.04233499571450822 0.5150719230342385 -0.8561008481713261
vn 0.04233499571450822 0.5150719230342385 -0.8561008481713261
vn -0.0006259999051833743 -0.999963831258541 0.008481998517969219
vn -0.8829930963179209 -0.467517045073011 0.041845004732833396
vn -0.0006259999051833743 -0.999963831258541 0.008481998517969219
vn 0.024317990406513907 0.5082508203942006 0.8608656915635625
vn 0.024317990406513907 0.5082508203942006 0.8608656915635625
vn 0.972399520449164 -0.04308297802943121 0.22930989868374907
vn -0.9972200264314011 -0.022315999732312068 0.07109300275064405
vn -0.9748938044502127 -0.03330199576001672 -0.22016595359635013
vn -0.9912780237343936 0.021181000374647038 -0.1300739977257729
vn -0.9649053929525284 0.02061800683809777 0.2617870899130646
vn 0.9992630861158024 0.03382800446138066 -0.018137001970648593
vn -0.9748938044502127 -0.03330199576001672 -0.22016595359635013
vn -0.9912780237343936 0.021181000374647038 -0.1300739977257729
vn 0.9972071315065745 -0.005089000790522383 -0.0745120053641273
vn -0.9748938044502127 -0.03330199576001672 -0.22016595359635013
vn -0.10229696165286024 0.21236292668851414 -0.9718216497922251
vn 0.9972071315065745 -0.005089000790522383 -0.0745120053641273
usemtl Surface
f 1/1/1 2/2/2 3/3/3
f 4/4/4 5/5/5 6/6/6
f 7/7/7 8/8/8 9/9/9
f 7/7/7 9/9/9 10/10/10
f 11/11/11 12/12/12 13/13/13
f 7/7/7 14/14/14 15/15/15
f 7/7/7 15/15/15 8/8/8
f 11/11/11 13/13/13 16/16/16
f 17/17/17 18/18/18 19/19/19
f 20/20/20 21/21/21 22/22/22
f 20/20/20 23/23/23 24/24/24
f 17/17/17 25/25/25 18/18/18
f 26/26/26 27/27/27 28/28/28
f 29/29/29 30/30/30 31/31/31
f 32/32/32 33/33/33 34/34/34
f 35/35/35 36/36/36 37/37/37
f 26/26/26 28/28/28 38/38/38
f 26/26/26 38/38/38 39/39/39
f 40/40/40 41/41/41 42/42/42
f 43/43/43 44/44/44 45/45/45
f 40/40/40 42/42/42 46/46/46
f 47/47/47 48/48/48 49/49/49
f 47/47/47 50/50/50 51/51/51
f 47/47/47 51/51/51 48/48/48
f 52/52/52 53/53/53 54/54/54
f 55/55/55 56/56/56 57/57/57
f 58/58/58 59/59/59 60/60/60
f 61/61/61 62/62/62 63/63/63
f 64/64/64 65/65/65 66/66/66
f 67/67/67 68/68/68 69/69/69
f 70/70/70 71/71/71 72/72/72
f 73/73/73 74/74/74 75/75/75
f 67/67/67 69/69/69 76/76/76
f 77/77/77 78/78/78 79/79/79
f 80/80/80 81/81/81 82/82/82
f 83/83/83 84/84/84 85/85/85
f 86/86/86 87/87/87 88/88/88
f 89/89/89 90/90/90 91/91/91
f 92/92/92 93/93/93 94/94/94
f 86/86/86 95/95/95 87/87/87
f 96/96/96 97/97/97 98/98/98
f 89/89/89 91/91/91 99/99/99
f 100/100/100 101/101/101 102/102/102
f 103/103/103 104/104/104 105/105/105
f 106/106/106 107/107/107 108/108/108
f 109/109/109 110/110/110 111/111/111
f 112/112/112 113/113/113 114/114/114
f 115/115/115 116/116/116 117/117/117
f 118/118/118 119/119/119 120/120/120
f 118/118/118 120/120/120 121/121/121
f 118/118/118 122/122/122 123/123/123
f 118/118/118 123/123/123 119/119/119
f 118/118/118 121/121/121 124/124/124
f 118/118/118 124/124/124 122/122/122
f 125/125/125 126/126/126 127/127/127
f 125/125/125 128/128/128 126/126/126
f 129/129/129 130/130/130 131/131/131
f 129/129/129 132/132/132 130/130/130
f 133/133/133 134/134/134 135/135/135
f 133/133/133 136/136/136 137/137/137
f 133/133/133 137/137/137 138/138/138
f 133/133/133 139/139/139 136/136/136
f 133/133/133 138/138/138 134/134/134
f 133/133/133 135/135/135 139/139/139
f 140/140/140 141/141/141 142/142/142
f 143/143/143 144/144/144 145/145/145
f 146/146/146 147/147/147 148/148/148
f 149/149/149 150/150/150 151/151/151
f 149/149/149 152/152/152 153/153/153
f 149/149/149 151/151/151 152/152/152
f 154/154/154 155/155/155 156/156/156
f 154/154/154 157/157/157 158/158/158
f 154/154/154 156/156/156 157/157/157
f 154/154/154 159/159/159 155/155/155
f 154/154/154 158/158/158 159/159/159
f 160/160/160 161/161/161 162/162/162
f 163/163/163 164/164/164 165/165/165
f 160/160/160 166/166/166 167/167/167
f 163/163/163 165/165/165 168/168/168
f 160/160/160 167/167/167 161/161/161
f 169/169/169 170/170/170 171/171/171
f 169/169/169 172/172/172 170/170/170
f 173/173/173 174/174/174 175/175/175
f 173/173/173 176/176/176 174/174/174
f 173/173/173 175/175/175 176/176/176
f 8/8/8 177/177/177 178/178/178
f 8/8/8 15/15/15 179/179/179
f 8/8/8 178/178/178 9/9/9
f 8/8/8 179/179/179 177/177/177
f 180/180/180 181/181/181 182/182/182
f 180/180/180 182/182/182 183/183/183
f 184/184/184 185/185/185 186/186/186
f 187/187/187 188/188/188 189/189/189
f 187/187/187 189/189/189 190/190/190
f 191/191/191 192/192/192 193/193/193
f 187/187/187 194/194/194 188/188/188
f 195/195/195 196/196/196 197/197/197
f 198/198/198 199/199/199 200/200/200
f 198/198/198 201/201/201 202/202/202
f 203/203/203 204/204/204 205/205/205
f 198/198/198 200/200/200 201/201/201
f 206/206/206 207/207/207 208/208/208
f 206/206/206 209/209/209 210/210/210
f 206/206/206 211/211/211 212/212/212
f 206/206/206 210/210/210 207/207/207
f 206/206/206 212/212/212 209/209/209
f 206/206/206 208/208/208 211/211/211
f 213/213/213 214/214/214 215/215/215
f 213/213/213 215/215/215 216/216/216
f 213/213/213 217/217/217 214/214/214
f 218/218/218 219/219/219 220/220/220
f 221/221/221 222/222/222 223/223/223
f 224/224/224 225/225/225 226/226/226
f 221/221/221 227/227/227 228/228/228
f 224/224/224 226/226/226 229/229/229
f 221/221/221 223/223/223 227/227/227
f 230/230/230 231/231/231 232/232/232
f 233/233/233 234/234/234 235/235/235
f 230/230/230 236/236/236 231/231/231
f 237/237/237 238/238/238 239/239/239
f 233/233/233 240/240/240 234/234/234
f 233/233/233 235/235/235 241/241/241
f 242/242/242 243/243/243 244/244/244
f 245/245/245 246/246/246 247/247/247
f 248/248/248 249/249/249 250/250/250
f 251/251/251 252/252/252 253/253/253
f 242/242/242 254/254/254 243/243/243
f 255/255/255 256/256/256 257/257/257
f 258/258/258 259/259/259 260/260/260
f 261/261/261 262/262/262 263/263/263
f 258/258/258 260/260/260 264/264/264
f 265/265/265 266/266/266 267/267/267
f 265/265/265 267/267/267 268/268/268
f 265/265/265 268/268/268 269/269/269
f 265/265/265 270/270/270 266/266/266
f 271/271/271 272/272/272 273/273/273
f 265/265/265 269/269/269 274/274/274
f 275/275/275 276/276/276 277/277/277
f 275/275/275 278/278/278 276/276/276
f 275/275/275 277/277/277 87/87/87
f 279/279/279 280/280/280 193/193/193
f 281/281/281 189/189/189 282/282/282
f 279/279/279 192/192/192 283/283/283
f 279/279/279 193/193/193 192/192/192
f 284/284/284 285/285/285 286/286/286
f 287/287/287 288/288/288 289/289/289
f 290/290/290 291/291/291 292/292/292
f 293/293/293 294/294/294 295/295/295
f 290/290/290 292/292/292 296/296/296
f 293/293/293 295/295/295 297/297/297
f 229/229/229 226/226/226 298/298/298
f 299/299/299 300/300/300 301/301/301
f 219/219/219 302/302/302 220/220/220
f 219/219/219 303/303/303 302/302/302
f 304/304/304 305/305/305 306/306/306
f 307/307/307 308/308/308 309/309/309
f 304/304/304 306/306/306 310/310/310
f 311/311/311 312/312/312 313/313/313
f 311/311/311 314/314/314 312/312/312
f 311/311/311 315/315/315 316/316/316
f 311/311/311 316/316/316 314/314/314
f 317/317/317 318/318/318 319/319/319
f 317/317/317 320/320/320 318/318/318
f 321/321/321 161/161/161 167/167/167
f 321/321/321 322/322/322 161/161/161
f 321/321/321 167/167/167 323/323/323
f 324/324/324 325/325/325 326/326/326
f 324/324/324 327/327/327 328/328/328
f 324/324/324 328/328/328 325/325/325
f 329/329/329 330/330/330 331/331/331
f 329/329/329 331/331/331 332/332/332
f 333/333/333 334/334/334 335/335/335
f 333/333/333 336/336/336 337/337/337
f 333/333/333 335/335/335 336/336/336
f 333/333/333 337/337/337 338/338/338
f 333/333/333 338/338/338 334/334/334
f 339/339/339 340/340/340 341/341/341
f 342/342/342 343/343/343 344/344/344
f 339/339/339 345/345/345 346/346/346
f 339/339/339 341/341/341 345/345/345
f 342/342/342 347/347/347 343/343/343
f 18/18/18 348/348/348 349/349/349
f 18/18/18 349/349/349 19/19/19
f 18/18/18 25/25/25 348/348/348
f 350/350/350 351/351/351 352/352/352
f 350/350/350 353/353/353 351/351/351
f 350/350/350 352/352/352 354/354/354
f 350/350/350 355/355/355 353/353/353
f 350/350/350 356/356/356 355/355/355
f 350/350/350 354/354/354 356/356/356
f 357/357/357 358/358/358 359/359/359
f 243/243/243 360/360/360 361/361/361
f 243/243/243 361/361/361 244/244/244
f 362/362/362 363/363/363 364/364/364
f 365/365/365 366/366/366 367/367/367
f 368/368/368 181/181/181 369/369/369
f 365/365/365 370/370/370 371/371/371
f 372/372/372 373/373/373 374/374/374
f 368/368/368 182/182/182 181/181/181
f 368/368/368 375/375/375 376/376/376
f 368/368/368 376/376/376 182/182/182
f 365/365/365 371/371/371 377/377/377
f 365/365/365 377/377/377 366/366/366
f 378/378/378 379/379/379 380/380/380
f 372/372/372 381/381/381 373/373/373
f 378/378/378 380/380/380 382/382/382
f 383/383/383 384/384/384 385/385/385
f 386/386/386 387/387/387 388/388/388
f 389/389/389 390/390/390 391/391/391
f 392/392/392 393/393/393 394/394/394
f 395/395/395 396/396/396 397/397/397
f 395/395/395 398/398/398 396/396/396
f 399/399/399 400/400/400 401/401/401
f 402/402/402 403/403/403 404/404/404
f 405/405/405 406/406/406 407/407/407
f 408/408/408 409/409/409 410/410/410
f 411/411/411 412/412/412 413/413/413
f 414/414/414 415/415/415 416/416/416
f 414/414/414 416/416/416 417/417/417
f 411/411/411 418/418/418 419/419/419
f 411/411/411 413/413/413 418/418/418
f 414/414/414 420/420/420 124/124/124
f 414/414/414 124/124/124 415/415/415
f 421/421/421 422/422/422 423/423/423
f 424/424/424 425/425/425 426/426/426
f 427/427/427 428/428/428 429/429/429
f 305/305/305 430/430/430 431/431/431
f 305/305/305 431/431/431 306/306/306
f 432/432/432 433/433/433 434/434/434
f 435/435/435 436/436/436 437/437/437
f 438/438/438 439/439/439 440/440/440
f 432/432/432 434/434/434 441/441/441
f 435/435/435 442/442/442 443/443/443
f 435/435/435 437/437/437 442/442/442
f 444/444/444 263/263/263 445/445/445
f 444/444/444 446/446/446 447/447/447
f 444/444/444 445/445/445 446/446/446
f 448/448/448 449/449/449 450/450/450
f 448/448/448 451/451/451 449/449/449
f 448/448/448 450/450/450 452/452/452
f 453/453/453 454/454/454 455/455/455
f 456/456/456 457/457/457 458/458/458
f 459/459/459 460/460/460 461/461/461
f 462/462/462 463/463/463 464/464/464
f 465/465/465 466/466/466 467/467/467
f 468/468/468 469/469/469 470/470/470
f 471/471/471 472/472/472 473/473/473
f 474/474/474 475/475/475 476/476/476
f 477/477/477 478/478/478 479/479/479
f 480/480/480 481/481/481 482/482/482
f 483/483/483 484/484/484 485/485/485
f 486/486/486 487/487/487 488/488/488
f 483/483/483 485/485/485 489/489/489
f 483/483/483 490/490/490 484/484/484
f 486/486/486 488/488/488 491/491/491
f 492/492/492 493/493/493 494/494/494
f 492/492/492 495/495/495 496/496/496
f 492/492/492 494/494/494 497/497/497
f 492/492/492 498/498/498 493/493/493
f 492/492/492 497/497/497 495/495/495
f 492/492/492 496/496/496 498/498/498
f 499/499/499 500/500/500 501/501/501
f 502/502/502 503/503/503 504/504/504
f 502/502/502 504/504/504 505/505/505
f 499/499/499 501/501/501 506/506/506
f 499/499/499 506/506/506 507/507/507
f 508/508/508 509/509/509 510/510/510
f 508/508/508 511/511/511 512/512/512
f 508/508/508 513/513/513 511/511/511
f 508/508/508 510/510/510 513/513/513
f 508/508/508 514/514/514 509/509/509
f 508/508/508 512/512/512 514/514/514
f 515/515/515 516/516/516 517/517/517
f 518/518/518 519/519/519 520/520/520
f 521/521/521 522/522/522 523/523/523
f 524/524/524 525/525/525 526/526/526
f 524/524/524 527/527/527 525/525/525
f 528/528/528 529/529/529 530/530/530
f 531/531/531 532/532/532 533/533/533
f 531/531/531 533/533/533 534/534/534
f 528/528/528 535/535/535 529/529/529
f 528/528/528 536/536/536 535/535/535
f 531/531/531 537/537/537 532/532/532
f 538/538/538 539/539/539 540/540/540
f 541/541/541 542/542/542 543/543/543
f 544/544/544 545/545/545 546/546/546
f 547/547/547 548/548/548 549/549/549
f 550/550/550 418/418/418 413/413/413
f 550/550/550 551/551/551 418/418/418
f 552/552/552 553/553/553 554/554/554
f 555/555/555 556/556/556 557/557/557
f 550/550/550 413/413/413 68/68/68
f 558/558/558 559/559/559 560/560/560
f 558/558/558 560/560/560 561/561/561
f 366/366/366 562/562/562 563/563/563
f 366/366/366 377/377/377 562/562/562
f 366/366/366 563/563/563 367/367/367
f 564/564/564 565/565/565 566/566/566
f 567/567/567 568/568/568 569/569/569
f 570/570/570 571/571/571 572/572/572
f 573/573/573 574/574/574 575/575/575
f 570/570/570 576/576/576 571/571/571
f 570/570/570 577/577/577 576/576/576
f 231/231/231 578/578/578 232/232/232
f 231/231/231 236/236/236 579/579/579
f 231/231/231 580/580/580 578/578/578
f 231/231/231 579/579/579 580/580/580
f 581/581/581 582/582/582 583/583/583
f 581/581/581 584/584/584 582/582/582
f 585/585/585 586/586/586 587/587/587
f 588/588/588 589/589/589 590/590/590
f 591/591/591 592/592/592 593/593/593
f 585/585/585 594/594/594 595/595/595
f 591/591/591 593/593/593 136/136/136
f 585/585/585 595/595/595 586/586/586
f 596/596/596 597/597/597 598/598/598
f 599/599/599 600/600/600 601/601/601
f 599/599/599 601/601/601 602/602/602
f 603/603/603 604/604/604 605/605/605
f 606/606/606 607/607/607 608/608/608
f 609/609/609 610/610/610 611/611/611
f 612/612/612 613/613/613 614/614/614
f 351/351/351 353/353/353 615/615/615
f 616/616/616 617/617/617 618/618/618
f 616/616/616 619/619/619 617/617/617
f 616/616/616 618/618/618 620/620/620
f 621/621/621 622/622/622 623/623/623
f 621/621/621 624/624/624 622/622/622
f 621/621/621 625/625/625 626/626/626
f 621/621/621 626/626/626 624/624/624
f 627/627/627 628/628/628 629/629/629
f 627/627/627 630/630/630 631/631/631
f 632/632/632 441/441/441 434/434/434
f 632/632/632 434/434/434 633/633/633
f 634/634/634 635/635/635 636/636/636
f 627/627/627 629/629/629 630/630/630
f 186/186/186 185/185/185 637/637/637
f 638/638/638 639/639/639 640/640/640
f 641/641/641 642/642/642 643/643/643
f 644/644/644 645/645/645 646/646/646
f 638/638/638 647/647/647 639/639/639
f 648/648/648 649/649/649 650/650/650
f 651/651/651 652/652/652 653/653/653
f 654/654/654 655/655/655 656/656/656
f 657/657/657 658/658/658 659/659/659
f 654/654/654 660/660/660 655/655/655
f 661/661/661 662/662/662 663/663/663
f 661/661/661 664/664/664 662/662/662
f 661/661/661 663/663/663 665/665/665
f 661/661/661 665/665/665 664/664/664
f 417/417/417 666/666/666 667/667/667
f 417/417/417 416/416/416 666/666/666
f 412/412/412 668/668/668 69/69/69
f 412/412/412 69/69/69 413/413/413
f 669/669/669 670/670/670 671/671/671
f 672/672/672 673/673/673 674/674/674
f 675/675/675 676/676/676 677/677/677
f 675/675/675 678/678/678 676/676/676
f 679/679/679 680/680/680 681/681/681
f 679/679/679 682/682/682 683/683/683
f 679/679/679 683/683/683 680/680/680
f 675/675/675 684/684/684 678/678/678
f 685/685/685 686/686/686 687/687/687
f 688/688/688 689/689/689 690/690/690
f 691/691/691 692/692/692 693/693/693
f 694/694/694 695/695/695 696/696/696
f 694/694/694 697/697/697 695/695/695
f 393/393/393 698/698/698 394/394/394
f 393/393/393 699/699/699 698/698/698
f 393/393/393 700/700/700 699/699/699
f 404/404/404 403/403/403 701/701/701
f 702/702/702 703/703/703 704/704/704
f 702/702/702 705/705/705 703/703/703
f 702/702/702 16/16/16 705/705/705
f 702/702/702 704/704/704 706/706/706
f 707/707/707 708/708/708 14/14/14
f 709/709/709 710/710/710 711/711/711
f 709/709/709 712/712/712 710/710/710
f 709/709/709 713/713/713 712/712/712
f 714/714/714 494/494/494 715/715/715
f 716/716/716 717/717/717 718/718/718
f 714/714/714 497/497/497 494/494/494
f 714/714/714 719/719/719 497/497/497
f 714/714/714 715/715/715 720/720/720
f 716/716/716 718/718/718 721/721/721
f 722/722/722 723/723/723 724/724/724
f 722/722/722 724/724/724 725/725/725
f 726/726/726 727/727/727 728/728/728
f 729/729/729 730/730/730 731/731/731
f 101/101/101 732/732/732 102/102/102
f 729/729/729 733/733/733 730/730/730
f 734/734/734 735/735/735 736/736/736
f 737/737/737 738/738/738 739/739/739
f 737/737/737 739/739/739 740/740/740
f 741/741/741 742/742/742 743/743/743
f 744/744/744 745/745/745 746/746/746
f 747/747/747 748/748/748 749/749/749
f 750/750/750 751/751/751 752/752/752
f 750/750/750 753/753/753 754/754/754
f 750/750/750 754/754/754 751/751/751
f 755/755/755 756/756/756 757/757/757
f 758/758/758 759/759/759 760/760/760
f 761/761/761 762/762/762 763/763/763
f 764/764/764 765/765/765 766/766/766
f 767/767/767 768/768/768 769/769/769
f 761/761/761 770/770/770 762/762/762
f 761/761/761 763/763/763 771/771/771
f 772/772/772 773/773/773 774/774/774
f 214/214/214 217/217/217 775/775/775
f 214/214/214 775/775/775 776/776/776
f 214/214/214 776/776/776 777/777/777
f 214/214/214 777/777/777 215/215/215
f 778/778/778 779/779/779 780/780/780
f 781/781/781 782/782/782 783/783/783
f 778/778/778 780/780/780 784/784/784
f 778/778/778 784/784/784 785/785/785
f 781/781/781 783/783/783 786/786/786
f 781/781/781 787/787/787 782/782/782
f 788/788/788 789/789/789 790/790/790
f 791/791/791 792/792/792 793/793/793
f 794/794/794 795/795/795 796/796/796
f 797/797/797 798/798/798 799/799/799
f 797/797/797 799/799/799 800/800/800
f 797/797/797 801/801/801 802/802/802
f 797/797/797 803/803/803 801/801/801
f 797/797/797 802/802/802 798/798/798
f 797/797/797 800/800/800 803/803/803
f 695/695/695 804/804/804 696/696/696
f 695/695/695 697/697/697 805/805/805
f 695/695/695 805/805/805 804/804/804
f 806/806/806 807/807/807 808/808/808
f 806/806/806 808/808/808 809/809/809
f 810/810/810 811/811/811 812/812/812
f 813/813/813 814/814/814 815/815/815
f 813/813/813 816/816/816 814/814/814
f 817/817/817 818/818/818 819/819/819
f 820/820/820 821/821/821 822/822/822
f 823/823/823 579/579/579 824/824/824
f 825/825/825 826/826/826 827/827/827
f 161/161/161 828/828/828 162/162/162
f 161/161/161 322/322/322 828/828/828
f 829/829/829 830/830/830 831/831/831
f 832/832/832 833/833/833 396/396/396
f 829/829/829 831/831/831 834/834/834
f 832/832/832 835/835/835 833/833/833
f 832/832/832 836/836/836 835/835/835
f 829/829/829 834/834/834 837/837/837
f 838/838/838 839/839/839 840/840/840
f 841/841/841 842/842/842 843/843/843
f 844/844/844 845/845/845 846/846/846
f 847/847/847 848/848/848 849/849/849
f 850/850/850 851/851/851 852/852/852
f 847/847/847 849/849/849 853/853/853
f 854/854/854 855/855/855 856/856/856
f 844/844/844 846/846/846 857/857/857
f 309/309/309 308/308/308 858/858/858
f 309/309/309 858/858/858 859/859/859
f 860/860/860 331/331/331 861/861/861
f 860/860/860 862/862/862 331/331/331
f 863/863/863 864/864/864 865/865/865
f 866/866/866 334/334/334 867/867/867
f 866/866/866 867/867/867 868/868/868
f 866/866/866 335/335/335 334/334/334
f 863/863/863 865/865/865 869/869/869
f 863/863/863 870/870/870 864/864/864
f 871/871/871 872/872/872 873/873/873
f 874/874/874 875/875/875 876/876/876
f 874/874/874 877/877/877 875/875/875
f 878/878/878 210/210/210 209/209/209
f 879/879/879 880/880/880 881/881/881
f 879/879/879 882/882/882 883/883/883
f 879/879/879 884/884/884 882/882/882
f 885/885/885 886/886/886 887/887/887
f 879/879/879 881/881/881 884/884/884
f 493/493/493 888/888/888 889/889/889
f 493/493/493 889/889/889 494/494/494
f 493/493/493 498/498/498 890/890/890
f 493/493/493 890/890/890 888/888/888
f 374/374/374 373/373/373 891/891/891
f 374/374/374 891/891/891 892/892/892
f 370/370/370 893/893/893 371/371/371
f 894/894/894 895/895/895 510/510/510
f 894/894/894 510/510/510 509/509/509
f 358/358/358 896/896/896 359/359/359
f 897/897/897 898/898/898 899/899/899
f 900/900/900 901/901/901 902/902/902
f 903/903/903 904/904/904 905/905/905
f 906/906/906 907/907/907 908/908/908
f 906/906/906 908/908/908 909/909/909
f 910/910/910 808/808/808 807/807/807
f 911/911/911 912/912/912 913/913/913
f 914/914/914 915/915/915 916/916/916
f 914/914/914 361/361/361 917/917/917
f 914/914/914 916/916/916 361/361/361
f 918/918/918 919/919/919 920/920/920
f 921/921/921 922/922/922 923/923/923
f 921/921/921 924/924/924 925/925/925
f 926/926/926 927/927/927 928/928/928
f 926/926/926 928/928/928 929/929/929
f 930/930/930 931/931/931 157/157/157
f 921/921/921 925/925/925 922/922/922
f 932/932/932 525/525/525 933/933/933
f 934/934/934 935/935/935 936/936/936
f 932/932/932 933/933/933 937/937/937
f 932/932/932 526/526/526 525/525/525
f 932/932/932 937/937/937 938/938/938
f 934/934/934 939/939/939 935/935/935
f 940/940/940 941/941/941 942/942/942
f 943/943/943 944/944/944 945/945/945
f 943/943/943 946/946/946 944/944/944
f 676/676/676 947/947/947 677/677/677
f 948/948/948 949/949/949 950/950/950
f 207/207/207 951/951/951 208/208/208
f 948/948/948 876/876/876 952/952/952
f 948/948/948 952/952/952 949/949/949
f 953/953/953 954/954/954 955/955/955
f 262/262/262 956/956/956 263/263/263
f 953/953/953 955/955/955 957/957/957
f 953/953/953 957/957/957 958/958/958
f 495/495/495 497/497/497 959/959/959
f 495/495/495 960/960/960 496/496/496
f 495/495/495 959/959/959 960/960/960
f 961/961/961 962/962/962 963/963/963
f 964/964/964 965/965/965 966/966/966
f 964/964/964 967/967/967 965/965/965
f 964/964/964 968/968/968 967/967/967
f 961/961/961 969/969/969 962/962/962
f 961/961/961 970/970/970 969/969/969
f 971/971/971 972/972/972 973/973/973
f 971/971/971 974/974/974 972/972/972
f 975/975/975 976/976/976 977/977/977
f 978/978/978 979/979/979 613/613/613
f 980/980/980 981/981/981 982/982/982
f 983/983/983 984/984/984 985/985/985
f 494/494/494 889/889/889 715/715/715
f 986/986/986 373/373/373 381/381/381
f 986/986/986 891/891/891 373/373/373
f 987/987/987 637/637/637 185/185/185
f 988/988/988 989/989/989 990/990/990
f 991/991/991 992/992/992 993/993/993
f 994/994/994 995/995/995 996/996/996
f 997/997/997 998/998/998 999/999/999
f 1000/1000/1000 1001/1001/1001 1002/1002/1002
f 1003/1003/1003 1004/1004/1004 1005/1005/1005
f 1006/1006/1006 1007/1007/1007 1008/1008/1008
f 614/614/614 613/613/613 979/979/979
f 1009/1009/1009 1010/1010/1010 1011/1011/1011
f 1012/1012/1012 1013/1013/1013 1014/1014/1014
f 1012/1012/1012 1015/1015/1015 1013/1013/1013
f 1016/1016/1016 1017/1017/1017 1018/1018/1018
f 1019/1019/1019 1020/1020/1020 1021/1021/1021
f 1012/1012/1012 1014/1014/1014 1022/1022/1022
f 1023/1023/1023 1024/1024/1024 1025/1025/1025
f 27/27/27 1026/1026/1026 28/28/28
f 27/27/27 920/920/920 1026/1026/1026
f 1027/1027/1027 1028/1028/1028 1029/1029/1029
f 1030/1030/1030 1031/1031/1031 1032/1032/1032
f 1027/1027/1027 1033/1033/1033 1028/1028/1028
f 1034/1034/1034 1035/1035/1035 915/915/915
f 1036/1036/1036 1037/1037/1037 1038/1038/1038
f 1039/1039/1039 1040/1040/1040 1041/1041/1041
f 1039/1039/1039 1042/1042/1042 1043/1043/1043
f 1039/1039/1039 1041/1041/1041 1042/1042/1042
f 1039/1039/1039 1044/1044/1044 1045/1045/1045
f 1039/1039/1039 1043/1043/1043 1044/1044/1044
f 1039/1039/1039 1045/1045/1045 1040/1040/1040
f 525/525/525 527/527/527 933/933/933
f 941/941/941 1046/1046/1046 1047/1047/1047
f 678/678/678 684/684/684 536/536/536
f 941/941/941 1047/1047/1047 942/942/942
f 1048/1048/1048 1049/1049/1049 1050/1050/1050
f 1051/1051/1051 1052/1052/1052 1053/1053/1053
f 1054/1054/1054 576/576/576 577/577/577
f 1055/1055/1055 1056/1056/1056 1057/1057/1057
f 1054/1054/1054 1058/1058/1058 576/576/576
f 859/859/859 858/858/858 1059/1059/1059
f 859/859/859 1059/1059/1059 1060/1060/1060
f 1061/1061/1061 617/617/617 1062/1062/1062
f 1061/1061/1061 1063/1063/1063 617/617/617
f 1061/1061/1061 1064/1064/1064 1063/1063/1063
f 1065/1065/1065 1066/1066/1066 454/454/454
f 1061/1061/1061 1062/1062/1062 1067/1067/1067
f 1065/1065/1065 1068/1068/1068 1066/1066/1066
f 1069/1069/1069 1070/1070/1070 701/701/701
f 962/962/962 1071/1071/1071 1072/1072/1072
f 962/962/962 969/969/969 1071/1071/1071
f 1069/1069/1069 701/701/701 1073/1073/1073
f 962/962/962 1072/1072/1072 1074/1074/1074
f 1075/1075/1075 1076/1076/1076 1077/1077/1077
f 1078/1078/1078 1079/1079/1079 1080/1080/1080
f 1078/1078/1078 1081/1081/1081 1079/1079/1079
f 1075/1075/1075 1082/1082/1082 1076/1076/1076
f 1078/1078/1078 1080/1080/1080 1083/1083/1083
f 1078/1078/1078 1084/1084/1084 1081/1081/1081
f 1085/1085/1085 1086/1086/1086 1087/1087/1087
f 1085/1085/1085 1088/1088/1088 1089/1089/1089
f 1090/1090/1090 1091/1091/1091 1092/1092/1092
f 1090/1090/1090 1092/1092/1092 1093/1093/1093
f 1085/1085/1085 1089/1089/1089 1086/1086/1086
f 1090/1090/1090 1093/1093/1093 487/487/487
f 353/353/353 355/355/355 131/131/131
f 353/353/353 131/131/131 130/130/130
f 353/353/353 130/130/130 615/615/615
f 1094/1094/1094 1095/1095/1095 1096/1096/1096
f 1094/1094/1094 1097/1097/1097 1098/1098/1098
f 1094/1094/1094 1096/1096/1096 1097/1097/1097
f 1099/1099/1099 1100/1100/1100 1101/1101/1101
f 1102/1102/1102 211/211/211 208/208/208
f 1103/1103/1103 1104/1104/1104 1105/1105/1105
f 1102/1102/1102 1106/1106/1106 1107/1107/1107
f 1102/1102/1102 208/208/208 1106/1106/1106
f 1099/1099/1099 1108/1108/1108 1100/1100/1100
f 728/728/728 727/727/727 1109/1109/1109
f 728/728/728 1109/1109/1109 1110/1110/1110
f 1111/1111/1111 1112/1112/1112 1113/1113/1113
f 1114/1114/1114 1115/1115/1115 1116/1116/1116
f 652/652/652 234/234/234 653/653/653
f 652/652/652 1117/1117/1117 234/234/234
f 1118/1118/1118 1119/1119/1119 320/320/320
f 666/666/666 416/416/416 1120/1120/1120
f 119/119/119 1121/1121/1121 120/120/120
f 1122/1122/1122 1123/1123/1123 901/901/901
f 1124/1124/1124 1125/1125/1125 1126/1126/1126
f 1122/1122/1122 1127/1127/1127 1123/1123/1123
f 1128/1128/1128 1129/1129/1129 1130/1130/1130
f 1131/1131/1131 1132/1132/1132 1133/1133/1133
f 1128/1128/1128 1130/1130/1130 1134/1134/1134
f 949/949/949 1135/1135/1135 950/950/950
f 1136/1136/1136 1137/1137/1137 1138/1138/1138
f 1136/1136/1136 1139/1139/1139 1137/1137/1137
f 1136/1136/1136 1140/1140/1140 1139/1139/1139
f 1141/1141/1141 578/578/578 1142/1142/1142
f 1143/1143/1143 1144/1144/1144 1145/1145/1145
f 1146/1146/1146 1147/1147/1147 1148/1148/1148
f 1149/1149/1149 1150/1150/1150 658/658/658
f 1141/1141/1141 232/232/232 578/578/578
f 1141/1141/1141 1142/1142/1142 1151/1151/1151
f 779/779/779 1152/1152/1152 223/223/223
f 779/779/779 223/223/223 780/780/780
f 779/779/779 1153/1153/1153 1152/1152/1152
f 786/786/786 783/783/783 1154/1154/1154
f 1155/1155/1155 1156/1156/1156 1157/1157/1157
f 1155/1155/1155 1157/1157/1157 1158/1158/1158
f 153/153/153 152/152/152 1159/1159/1159
f 872/872/872 1160/1160/1160 873/873/873
f 872/872/872 1161/1161/1161 1160/1160/1160
f 710/710/710 1162/1162/1162 711/711/711
f 710/710/710 712/712/712 1162/1162/1162
f 1163/1163/1163 1164/1164/1164 1165/1165/1165
f 1166/1166/1166 1167/1167/1167 1168/1168/1168
f 1169/1169/1169 1170/1170/1170 1171/1171/1171
f 1166/1166/1166 1168/1168/1168 1172/1172/1172
f 1173/1173/1173 1174/1174/1174 1175/1175/1175
f 1176/1176/1176 1177/1177/1177 1178/1178/1178
f 1179/1179/1179 430/430/430 1180/1180/1180
f 1179/1179/1179 431/431/431 430/430/430
f 1181/1181/1181 1182/1182/1182 1183/1183/1183
f 215/215/215 1184/1184/1184 1185/1185/1185
f 215/215/215 777/777/777 1184/1184/1184
f 215/215/215 1185/1185/1185 216/216/216
f 1186/1186/1186 461/461/461 1187/1187/1187
f 1186/1186/1186 1187/1187/1187 1188/1188/1188
f 1189/1189/1189 1190/1190/1190 1191/1191/1191
f 1189/1189/1189 1191/1191/1191 451/451/451
f 276/276/276 278/278/278 1192/1192/1192
f 276/276/276 1192/1192/1192 1193/1193/1193
f 1194/1194/1194 699/699/699 700/700/700
f 1195/1195/1195 475/475/475 974/974/974
f 1195/1195/1195 476/476/476 475/475/475
f 481/481/481 1196/1196/1196 482/482/482
f 491/491/491 1197/1197/1197 1198/1198/1198
f 481/481/481 1199/1199/1199 1196/1196/1196
f 491/491/491 488/488/488 1197/1197/1197
f 617/617/617 619/619/619 1062/1062/1062
f 617/617/617 1063/1063/1063 618/618/618
f 1200/1200/1200 1201/1201/1201 1202/1202/1202
f 1200/1200/1200 1202/1202/1202 1203/1203/1203
f 622/622/622 1204/1204/1204 623/623/623
f 1205/1205/1205 1206/1206/1206 1207/1207/1207
f 989/989/989 1208/1208/1208 990/990/990
f 1209/1209/1209 1210/1210/1210 1211/1211/1211
f 1212/1212/1212 1213/1213/1213 1214/1214/1214
f 1215/1215/1215 1013/1013/1013 1216/1216/1216
f 1215/1215/1215 1216/1216/1216 1217/1217/1217
f 1218/1218/1218 677/677/677 947/947/947
f 1215/1215/1215 1219/1219/1219 1013/1013/1013
f 1220/1220/1220 1221/1221/1221 1222/1222/1222
f 1220/1220/1220 1223/1223/1223 1224/1224/1224
f 1220/1220/1220 1224/1224/1224 1221/1221/1221
f 1225/1225/1225 449/449/449 1191/1191/1191
f 1225/1225/1225 1226/1226/1226 1227/1227/1227
f 1225/1225/1225 1228/1228/1228 1229/1229/1229
f 1225/1225/1225 1227/1227/1227 449/449/449
f 1225/1225/1225 1191/1191/1191 1228/1228/1228
f 1225/1225/1225 1229/1229/1229 1226/1226/1226
f 1230/1230/1230 833/833/833 1231/1231/1231
f 1230/1230/1230 1232/1232/1232 833/833/833
f 66/66/66 65/65/65 1233/1233/1233
f 62/62/62 1234/1234/1234 63/63/63
f 66/66/66 1233/1233/1233 1235/1235/1235
f 330/330/330 861/861/861 331/331/331
f 1236/1236/1236 1237/1237/1237 1238/1238/1238
f 1236/1236/1236 1238/1238/1238 1239/1239/1239
f 1240/1240/1240 1241/1241/1241 1242/1242/1242
f 864/864/864 870/870/870 1243/1243/1243
f 1135/1135/1135 1244/1244/1244 950/950/950
f 887/887/887 297/297/297 1245/1245/1245
f 1246/1246/1246 1247/1247/1247 1248/1248/1248
f 1249/1249/1249 1250/1250/1250 1251/1251/1251
f 887/887/887 1252/1252/1252 297/297/297
f 887/887/887 886/886/886 1252/1252/1252
f 1253/1253/1253 1254/1254/1254 645/645/645
f 1255/1255/1255 1256/1256/1256 1257/1257/1257
f 1258/1258/1258 1259/1259/1259 784/784/784
f 1258/1258/1258 784/784/784 1260/1260/1260
f 1261/1261/1261 1262/1262/1262 1263/1263/1263
f 899/899/899 898/898/898 1264/1264/1264
f 917/917/917 361/361/361 360/360/360
f 1265/1265/1265 944/944/944 946/946/946
f 1265/1265/1265 946/946/946 1266/1266/1266
f 1265/1265/1265 1266/1266/1266 1267/1267/1267
f 636/636/636 635/635/635 1268/1268/1268
f 922/922/922 925/925/925 1269/1269/1269
f 1270/1270/1270 1271/1271/1271 1272/1272/1272
f 1270/1270/1270 1272/1272/1272 1273/1273/1273
f 1274/1274/1274 98/98/98 97/97/97
f 1274/1274/1274 97/97/97 1275/1275/1275
f 280/280/280 1276/1276/1276 193/193/193
f 415/415/415 1277/1277/1277 1278/1278/1278
f 415/415/415 1278/1278/1278 416/416/416
f 415/415/415 121/121/121 1277/1277/1277
f 415/415/415 124/124/124 121/121/121
f 222/222/222 1260/1260/1260 780/780/780
f 222/222/222 780/780/780 223/223/223
f 1279/1279/1279 646/646/646 1254/1254/1254
f 1280/1280/1280 1281/1281/1281 380/380/380
f 1282/1282/1282 367/367/367 563/563/563
f 1280/1280/1280 380/380/380 379/379/379
f 1283/1283/1283 244/244/244 916/916/916
f 1283/1283/1283 1035/1035/1035 1284/1284/1284
f 1283/1283/1283 916/916/916 1035/1035/1035
f 1285/1285/1285 1286/1286/1286 1287/1287/1287
f 1288/1288/1288 928/928/928 927/927/927
f 1289/1289/1289 1290/1290/1290 1291/1291/1291
f 1292/1292/1292 1293/1293/1293 1294/1294/1294
f 1289/1289/1289 1291/1291/1291 1295/1295/1295
f 1296/1296/1296 1297/1297/1297 1298/1298/1298
f 1299/1299/1299 1300/1300/1300 1301/1301/1301
f 1302/1302/1302 295/295/295 294/294/294
f 1303/1303/1303 717/717/717 1304/1304/1304
f 1305/1305/1305 1306/1306/1306 1226/1226/1226
f 1305/1305/1305 1226/1226/1226 1229/1229/1229
f 1303/1303/1303 718/718/718 717/717/717
f 724/724/724 1307/1307/1307 725/725/725
f 724/724/724 1308/1308/1308 1307/1307/1307
f 177/177/177 1309/1309/1309 178/178/178
f 177/177/177 1076/1076/1076 1310/1310/1310
f 177/177/177 179/179/179 1076/1076/1076
f 177/177/177 1310/1310/1310 1309/1309/1309
f 1311/1311/1311 1098/1098/1098 1312/1312/1312
f 1311/1311/1311 1312/1312/1312 1313/1313/1313
f 1314/1314/1314 1315/1315/1315 742/742/742
f 1316/1316/1316 1317/1317/1317 1318/1318/1318
f 1319/1319/1319 933/933/933 527/527/527
f 1319/1319/1319 937/937/937 933/933/933
f 1320/1320/1320 532/532/532 537/537/537
f 1320/1320/1320 1321/1321/1321 532/532/532
f 1322/1322/1322 1323/1323/1323 1324/1324/1324
f 1325/1325/1325 1326/1326/1326 1327/1327/1327
f 1328/1328/1328 1329/1329/1329 1330/1330/1330
f 78/78/78 1331/1331/1331 79/79/79
f 1332/1332/1332 835/835/835 1333/1333/1333
f 1332/1332/1332 1231/1231/1231 835/835/835
f 1334/1334/1334 1335/1335/1335 1336/1336/1336
f 1337/1337/1337 1338/1338/1338 1339/1339/1339
f 1340/1340/1340 1341/1341/1341 1342/1342/1342
f 1340/1340/1340 1343/1343/1343 1341/1341/1341
f 1344/1344/1344 1345/1345/1345 1346/1346/1346
f 1347/1347/1347 1348/1348/1348 1349/1349/1349
f 1347/1347/1347 1350/1350/1350 1348/1348/1348
f 1351/1351/1351 1352/1352/1352 1353/1353/1353
f 1351/1351/1351 1353/1353/1353 1354/1354/1354
f 1351/1351/1351 1355/1355/1355 1352/1352/1352
f 1356/1356/1356 1357/1357/1357 1154/1154/1154
f 1356/1356/1356 1358/1358/1358 1357/1357/1357
f 1356/1356/1356 1154/1154/1154 1359/1359/1359
f 334/334/334 338/338/338 867/867/867
f 798/798/798 152/152/152 1360/1360/1360
f 798/798/798 1360/1360/1360 799/799/799
f 798/798/798 802/802/802 1159/1159/1159
f 798/798/798 1159/1159/1159 152/152/152
f 348/348/348 1361/1361/1361 1362/1362/1362
f 348/348/348 25/25/25 1361/1361/1361
f 1363/1363/1363 1364/1364/1364 1365/1365/1365
f 1366/1366/1366 1367/1367/1367 1368/1368/1368
f 1369/1369/1369 1370/1370/1370 1371/1371/1371
f 1372/1372/1372 1373/1373/1373 1374/1374/1374
f 1375/1375/1375 1376/1376/1376 1377/1377/1377
f 1375/1375/1375 1378/1378/1378 1376/1376/1376
f 344/344/344 343/343/343 1379/1379/1379
f 344/344/344 1379/1379/1379 1380/1380/1380
f 1381/1381/1381 1382/1382/1382 1383/1383/1383
f 344/344/344 1380/1380/1380 1384/1384/1384
f 340/340/340 1105/1105/1105 341/341/341
f 743/743/743 742/742/742 1315/1315/1315
f 1026/1026/1026 920/920/920 919/919/919
f 1026/1026/1026 1385/1385/1385 28/28/28
f 1026/1026/1026 919/919/919 1385/1385/1385
f 396/396/396 833/833/833 1232/1232/1232
f 830/830/830 394/394/394 831/831/831
f 396/396/396 1232/1232/1232 397/397/397
f 1386/1386/1386 1387/1387/1387 1388/1388/1388
f 1389/1389/1389 1390/1390/1390 1391/1391/1391
f 1392/1392/1392 1197/1197/1197 488/488/488
f 1393/1393/1393 1394/1394/1394 1395/1395/1395
f 1392/1392/1392 488/488/488 1396/1396/1396
f 1397/1397/1397 1398/1398/1398 1353/1353/1353
f 1397/1397/1397 1399/1399/1399 1398/1398/1398
f 1400/1400/1400 1401/1401/1401 1402/1402/1402
f 965/965/965 967/967/967 1403/1403/1403
f 965/965/965 1336/1336/1336 966/966/966
f 705/705/705 16/16/16 13/13/13
f 895/895/895 1137/1137/1137 1139/1139/1139
f 895/895/895 1139/1139/1139 510/510/510
f 902/902/902 1123/1123/1123 1404/1404/1404
f 1405/1405/1405 38/38/38 1385/1385/1385
f 902/902/902 901/901/901 1123/1123/1123
f 1405/1405/1405 1385/1385/1385 919/919/919
f 1406/1406/1406 1407/1407/1407 1408/1408/1408
f 1409/1409/1409 137/137/137 593/593/593
f 1410/1410/1410 241/241/241 235/235/235
f 1411/1411/1411 1412/1412/1412 1413/1413/1413
f 1409/1409/1409 593/593/593 1414/1414/1414
f 1415/1415/1415 1416/1416/1416 238/238/238
f 1417/1417/1417 1418/1418/1418 1419/1419/1419
f 217/217/217 1420/1420/1420 775/775/775
f 752/752/752 751/751/751 1421/1421/1421
f 752/752/752 1421/1421/1421 1422/1422/1422
f 1423/1423/1423 1424/1424/1424 1425/1425/1425
f 1426/1426/1426 1427/1427/1427 1428/1428/1428
f 1423/1423/1423 683/683/683 1424/1424/1424
f 1423/1423/1423 1429/1429/1429 683/683/683
f 630/630/630 1430/1430/1430 631/631/631
f 630/630/630 1242/1242/1242 1241/1241/1241
f 630/630/630 1241/1241/1241 1430/1430/1430
f 630/630/630 629/629/629 1242/1242/1242
f 263/263/263 956/956/956 445/445/445
f 228/228/228 227/227/227 1431/1431/1431
f 1432/1432/1432 1063/1063/1063 1433/1433/1433
f 1434/1434/1434 1435/1435/1435 1436/1436/1436
f 1437/1437/1437 1438/1438/1438 1439/1439/1439
f 589/589/589 1440/1440/1440 590/590/590
f 136/136/136 593/593/593 137/137/137
f 1441/1441/1441 1442/1442/1442 479/479/479
f 1441/1441/1441 479/479/479 478/478/478
f 1441/1441/1441 1443/1443/1443 1442/1442/1442
f 1444/1444/1444 1445/1445/1445 1446/1446/1446
f 1086/1086/1086 1447/1447/1447 1087/1087/1087
f 1444/1444/1444 1448/1448/1448 1449/1449/1449
f 1444/1444/1444 1449/1449/1449 1445/1445/1445
f 782/782/782 787/787/787 128/128/128
f 1450/1450/1450 1451/1451/1451 1452/1452/1452
f 1453/1453/1453 1454/1454/1454 600/600/600
f 1453/1453/1453 1455/1455/1455 1456/1456/1456
f 1309/1309/1309 1310/1310/1310 1457/1457/1457
f 1453/1453/1453 1456/1456/1456 1454/1454/1454
f 1458/1458/1458 1459/1459/1459 1460/1460/1460
f 1461/1461/1461 1462/1462/1462 1463/1463/1463
f 1464/1464/1464 1465/1465/1465 1466/1466/1466
f 1458/1458/1458 1467/1467/1467 1459/1459/1459
f 1468/1468/1468 1469/1469/1469 1470/1470/1470
f 698/698/698 699/699/699 1471/1471/1471
f 698/698/698 1472/1472/1472 1473/1473/1473
f 698/698/698 1473/1473/1473 394/394/394
f 698/698/698 1471/1471/1471 1472/1472/1472
f 1474/1474/1474 1475/1475/1475 1476/1476/1476
f 1477/1477/1477 1478/1478/1478 1479/1479/1479
f 65/65/65 1480/1480/1480 1233/1233/1233
f 65/65/65 1481/1481/1481 1480/1480/1480
f 76/76/76 69/69/69 668/668/668
f 449/449/449 451/451/451 1191/1191/1191
f 449/449/449 1227/1227/1227 450/450/450
f 833/833/833 835/835/835 1231/1231/1231
f 1482/1482/1482 1483/1483/1483 1484/1484/1484
f 1485/1485/1485 1486/1486/1486 1487/1487/1487
f 1485/1485/1485 1488/1488/1488 1486/1486/1486
f 87/87/87 277/277/277 88/88/88
f 1489/1489/1489 1490/1490/1490 1491/1491/1491
f 1489/1489/1489 1492/1492/1492 1490/1490/1490
f 1489/1489/1489 1491/1491/1491 1492/1492/1492
f 155/155/155 1493/1493/1493 1494/1494/1494
f 155/155/155 1494/1494/1494 156/156/156
f 1495/1495/1495 1496/1496/1496 22/22/22
f 155/155/155 159/159/159 1497/1497/1497
f 1445/1445/1445 1498/1498/1498 170/170/170
f 1445/1445/1445 170/170/170 172/172/172
f 1445/1445/1445 172/172/172 1446/1446/1446
f 1445/1445/1445 1449/1449/1449 1498/1498/1498
f 1499/1499/1499 1500/1500/1500 1501/1501/1501
f 1133/1133/1133 1502/1502/1502 506/506/506
f 1133/1133/1133 1132/1132/1132 1502/1502/1502
f 1499/1499/1499 1503/1503/1503 1500/1500/1500
f 1504/1504/1504 1505/1505/1505 1506/1506/1506
f 1507/1507/1507 571/571/571 576/576/576
f 1507/1507/1507 1508/1508/1508 1509/1509/1509
f 1507/1507/1507 1510/1510/1510 1508/1508/1508
f 1507/1507/1507 1509/1509/1509 571/571/571
f 1507/1507/1507 576/576/576 1058/1058/1058
f 1507/1507/1507 1058/1058/1058 1510/1510/1510
f 1511/1511/1511 1512/1512/1512 25/25/25
f 1513/1513/1513 24/24/24 23/23/23
f 1514/1514/1514 1515/1515/1515 1516/1516/1516
f 1517/1517/1517 1518/1518/1518 1519/1519/1519
f 1517/1517/1517 1519/1519/1519 1520/1520/1520
f 762/762/762 1521/1521/1521 1522/1522/1522
f 762/762/762 1522/1522/1522 763/763/763
f 343/343/343 347/347/347 1379/1379/1379
f 126/126/126 128/128/128 787/787/787
f 126/126/126 1263/1263/1263 127/127/127
f 1523/1523/1523 785/785/785 1259/1259/1259
f 1524/1524/1524 532/532/532 1321/1321/1321
f 440/440/440 439/439/439 1525/1525/1525
f 1524/1524/1524 533/533/533 532/532/532
f 1524/1524/1524 1321/1321/1321 1526/1526/1526
f 697/697/697 1269/1269/1269 805/805/805
f 1527/1527/1527 751/751/751 1528/1528/1528
f 1527/1527/1527 1528/1528/1528 1529/1529/1529
f 1527/1527/1527 1530/1530/1530 1421/1421/1421
f 1527/1527/1527 1529/1529/1529 1530/1530/1530
f 1527/1527/1527 1421/1421/1421 751/751/751
f 1531/1531/1531 1532/1532/1532 582/582/582
f 662/662/662 1533/1533/1533 663/663/663
f 416/416/416 1278/1278/1278 1120/1120/1120
f 1534/1534/1534 1535/1535/1535 1536/1536/1536
f 1537/1537/1537 1538/1538/1538 1539/1539/1539
f 1540/1540/1540 1541/1541/1541 1542/1542/1542
f 1543/1543/1543 1544/1544/1544 1545/1545/1545
f 942/942/942 1047/1047/1047 1546/1546/1546
f 1547/1547/1547 511/511/511 513/513/513
f 1547/1547/1547 513/513/513 1140/1140/1140
f 1547/1547/1547 1548/1548/1548 511/511/511
f 875/875/875 952/952/952 876/876/876
f 1549/1549/1549 1487/1487/1487 1486/1486/1486
f 1549/1549/1549 1224/1224/1224 1550/1550/1550
f 1551/1551/1551 1552/1552/1552 1483/1483/1483
f 1549/1549/1549 1486/1486/1486 1488/1488/1488
f 1549/1549/1549 1488/1488/1488 1224/1224/1224
f 461/461/461 460/460/460 1187/1187/1187
f 1553/1553/1553 1554/1554/1554 1555/1555/1555
f 1556/1556/1556 1557/1557/1557 1558/1558/1558
f 14/14/14 708/708/708 15/15/15
f 1196/1196/1196 1091/1091/1091 482/482/482
f 1196/1196/1196 1092/1092/1092 1091/1091/1091
f 1196/1196/1196 1559/1559/1559 1092/1092/1092
f 1196/1196/1196 1199/1199/1199 1559/1559/1559
f 639/639/639 647/647/647 1560/1560/1560
f 1561/1561/1561 1562/1562/1562 1563/1563/1563
f 1564/1564/1564 1565/1565/1565 1566/1566/1566
f 1567/1567/1567 1568/1568/1568 1569/1569/1569
f 704/704/704 1570/1570/1570 706/706/706
f 1571/1571/1571 1572/1572/1572 1573/1573/1573
f 1574/1574/1574 1357/1357/1357 1358/1358/1358
f 227/227/227 223/223/223 1152/1152/1152
f 1575/1575/1575 1576/1576/1576 1577/1577/1577
f 658/658/658 1150/1150/1150 659/659/659
f 1578/1578/1578 1579/1579/1579 1580/1580/1580
f 775/775/775 1420/1420/1420 1581/1581/1581
f 775/775/775 1581/1581/1581 1582/1582/1582
f 775/775/775 1582/1582/1582 776/776/776
f 619/619/619 1583/1583/1583 1584/1584/1584
f 619/619/619 1584/1584/1584 1062/1062/1062
f 1585/1585/1585 562/562/562 377/377/377
f 1585/1585/1585 371/371/371 893/893/893
f 1585/1585/1585 377/377/377 371/371/371
f 1586/1586/1586 1384/1384/1384 1587/1587/1587
f 1100/1100/1100 1588/1588/1588 1589/1589/1589
f 1100/1100/1100 1589/1589/1589 1101/1101/1101
f 1100/1100/1100 1108/1108/1108 1590/1590/1590
f 1591/1591/1591 1592/1592/1592 1593/1593/1593
f 1594/1594/1594 1595/1595/1595 1596/1596/1596
f 1597/1597/1597 1598/1598/1598 1599/1599/1599
f 1600/1600/1600 1601/1601/1601 1602/1602/1602
f 1591/1591/1591 1603/1603/1603 1592/1592/1592
f 49/49/49 48/48/48 1604/1604/1604
f 41/41/41 1605/1605/1605 1606/1606/1606
f 41/41/41 1606/1606/1606 42/42/42
f 1395/1395/1395 1394/1394/1394 1607/1607/1607
f 1608/1608/1608 1609/1609/1609 1610/1610/1610
f 1611/1611/1611 1612/1612/1612 1613/1613/1613
f 1614/1614/1614 1615/1615/1615 1616/1616/1616
f 93/93/93 1617/1617/1617 94/94/94
f 99/99/99 91/91/91 1618/1618/1618
f 1619/1619/1619 1333/1333/1333 836/836/836
f 1620/1620/1620 966/966/966 1335/1335/1335
f 104/104/104 845/845/845 105/105/105
f 1621/1621/1621 1622/1622/1622 1623/1623/1623
f 104/104/104 846/846/846 845/845/845
f 1624/1624/1624 1625/1625/1625 1626/1626/1626
f 1368/1368/1368 1367/1367/1367 1627/1627/1627
f 1628/1628/1628 1629/1629/1629 1630/1630/1630
f 1628/1628/1628 1630/1630/1630 1631/1631/1631
f 1632/1632/1632 1633/1633/1633 436/436/436
f 1634/1634/1634 1635/1635/1635 1636/1636/1636
f 1634/1634/1634 1243/1243/1243 1635/1635/1635
f 1634/1634/1634 1636/1636/1636 1637/1637/1637
f 1638/1638/1638 1639/1639/1639 1640/1640/1640
f 1641/1641/1641 1642/1642/1642 1643/1643/1643
f 1644/1644/1644 1396/1396/1396 1093/1093/1093
f 1644/1644/1644 1092/1092/1092 1559/1559/1559
f 1644/1644/1644 1093/1093/1093 1092/1092/1092
f 1645/1645/1645 1646/1646/1646 1647/1647/1647
f 1254/1254/1254 646/646/646 645/645/645
f 1260/1260/1260 784/784/784 780/780/780
f 1648/1648/1648 1649/1649/1649 1650/1650/1650
f 1651/1651/1651 1652/1652/1652 1653/1653/1653
f 1654/1654/1654 174/174/174 1655/1655/1655
f 1654/1654/1654 1656/1656/1656 174/174/174
f 828/828/828 1657/1657/1657 162/162/162
f 484/484/484 490/490/490 1447/1447/1447
f 188/188/188 282/282/282 189/189/189
f 1013/1013/1013 1015/1015/1015 1216/1216/1216
f 1013/1013/1013 1219/1219/1219 1014/1014/1014
f 1658/1658/1658 1107/1107/1107 1106/1106/1106
f 1658/1658/1658 1106/1106/1106 1659/1659/1659
f 1660/1660/1660 1661/1661/1661 1662/1662/1662
f 1658/1658/1658 1663/1663/1663 1107/1107/1107
f 1664/1664/1664 1665/1665/1665 1666/1666/1666
f 1667/1667/1667 1668/1668/1668 1669/1669/1669
f 1670/1670/1670 1671/1671/1671 1672/1672/1672
f 1673/1673/1673 1674/1674/1674 1675/1675/1675
f 1676/1676/1676 1677/1677/1677 1678/1678/1678
f 1151/1151/1151 1142/1142/1142 1679/1679/1679
f 1680/1680/1680 1681/1681/1681 1682/1682/1682
f 234/234/234 1117/1117/1117 235/235/235
f 1683/1683/1683 1684/1684/1684 1685/1685/1685
f 1686/1686/1686 1687/1687/1687 1688/1688/1688
f 1689/1689/1689 1690/1690/1690 1691/1691/1691
f 1692/1692/1692 1693/1693/1693 1694/1694/1694
f 1695/1695/1695 1696/1696/1696 1697/1697/1697
f 166/166/166 323/323/323 167/167/167
f 1352/1352/1352 1355/1355/1355 1698/1698/1698
f 967/967/967 968/968/968 407/407/407
f 967/967/967 407/407/407 406/406/406
f 967/967/967 406/406/406 1403/1403/1403
f 288/288/288 1699/1699/1699 289/289/289
f 297/297/297 295/295/295 1245/1245/1245
f 349/349/349 1700/1700/1700 19/19/19
f 805/805/805 1269/1269/1269 925/925/925
f 349/349/349 1701/1701/1701 1700/1700/1700
f 1702/1702/1702 1703/1703/1703 1704/1704/1704
f 1705/1705/1705 1706/1706/1706 1707/1707/1707
f 394/394/394 1473/1473/1473 831/831/831
f 1708/1708/1708 1709/1709/1709 1710/1710/1710
f 1708/1708/1708 1710/1710/1710 1711/1711/1711
f 418/418/418 551/551/551 1233/1233/1233
f 418/418/418 1480/1480/1480 419/419/419
f 418/418/418 1233/1233/1233 1480/1480/1480
f 1439/1439/1439 1712/1712/1712 1713/1713/1713
f 1439/1439/1439 1438/1438/1438 1712/1712/1712
f 1714/1714/1714 1520/1520/1520 1519/1519/1519
f 1714/1714/1714 1519/1519/1519 1715/1715/1715
f 1716/1716/1716 1717/1717/1717 771/771/771
f 1716/1716/1716 867/867/867 1717/1717/1717
f 1716/1716/1716 1718/1718/1718 868/868/868
f 1716/1716/1716 771/771/771 763/763/763
f 1716/1716/1716 868/868/868 867/867/867
f 1716/1716/1716 763/763/763 1718/1718/1718
f 1719/1719/1719 1720/1720/1720 1721/1721/1721
f 1722/1722/1722 1723/1723/1723 1724/1724/1724
f 1722/1722/1722 1724/1724/1724 1725/1725/1725
f 498/498/498 496/496/496 1066/1066/1066
f 498/498/498 1066/1066/1066 1068/1068/1068
f 498/498/498 1068/1068/1068 890/890/890
f 1336/1336/1336 1335/1335/1335 966/966/966
f 15/15/15 708/708/708 1726/1726/1726
f 15/15/15 1726/1726/1726 179/179/179
f 1727/1727/1727 1728/1728/1728 1729/1729/1729
f 1730/1730/1730 1731/1731/1731 1109/1109/1109
f 1730/1730/1730 1109/1109/1109 727/727/727
f 1732/1732/1732 1733/1733/1733 1734/1734/1734
f 1735/1735/1735 1736/1736/1736 1737/1737/1737
f 1516/1516/1516 1185/1185/1185 1738/1738/1738
f 1512/1512/1512 1361/1361/1361 25/25/25
f 1516/1516/1516 1738/1738/1738 1739/1739/1739
f 1516/1516/1516 1515/1515/1515 1185/1185/1185
f 751/751/751 754/754/754 1528/1528/1528
f 436/436/436 1633/1633/1633 437/437/437
f 1592/1592/1592 1603/1603/1603 1740/1740/1740
f 717/717/717 1560/1560/1560 1304/1304/1304
f 1201/1201/1201 50/50/50 1202/1202/1202
f 1201/1201/1201 51/51/51 50/50/50
f 972/972/972 1741/1741/1741 973/973/973
f 972/972/972 974/974/974 475/475/475
f 489/489/489 485/485/485 1742/1742/1742
f 487/487/487 1093/1093/1093 488/488/488
f 1743/1743/1743 450/450/450 1227/1227/1227
f 1743/1743/1743 1227/1227/1227 1744/1744/1744
f 1743/1743/1743 1744/1744/1744 649/649/649
f 1745/1745/1745 1746/1746/1746 1747/1747/1747
f 511/511/511 1748/1748/1748 1749/1749/1749
f 511/511/511 1548/1548/1548 1748/1748/1748
f 511/511/511 1749/1749/1749 512/512/512
f 236/236/236 824/824/824 579/579/579
f 239/239/239 238/238/238 1750/1750/1750
f 1751/1751/1751 1752/1752/1752 1753/1753/1753
f 1754/1754/1754 1755/1755/1755 1756/1756/1756
f 439/439/439 1546/1546/1546 1047/1047/1047
f 439/439/439 1757/1757/1757 1546/1546/1546
f 439/439/439 1047/1047/1047 1525/1525/1525
f 157/157/157 156/156/156 1758/1758/1758
f 157/157/157 931/931/931 158/158/158
f 1682/1682/1682 1681/1681/1681 1759/1759/1759
f 1630/1630/1630 1760/1760/1760 1631/1631/1631
f 1761/1761/1761 869/869/869 865/865/865
f 1637/1637/1637 1636/1636/1636 1762/1762/1762
f 1633/1633/1633 1763/1763/1763 437/437/437
f 951/951/951 1106/1106/1106 208/208/208
f 951/951/951 1659/1659/1659 1106/1106/1106
f 1649/1649/1649 1764/1764/1764 1650/1650/1650
f 1649/1649/1649 1765/1765/1765 1764/1764/1764
f 915/915/915 1035/1035/1035 916/916/916
f 831/831/831 1766/1766/1766 834/834/834
f 831/831/831 1473/1473/1473 1766/1766/1766
f 551/551/551 1235/1235/1235 1233/1233/1233
f 1767/1767/1767 1768/1768/1768 1769/1769/1769
f 1770/1770/1770 1771/1771/1771 1772/1772/1772
f 1773/1773/1773 1774/1774/1774 1775/1775/1775
f 1297/1297/1297 1776/1776/1776 1298/1298/1298
f 46/46/46 1777/1777/1777 1778/1778/1778
f 1779/1779/1779 1780/1780/1780 1781/1781/1781
f 1717/1717/1717 867/867/867 338/338/338
f 1782/1782/1782 1783/1783/1783 1784/1784/1784
f 1785/1785/1785 1786/1786/1786 1787/1787/1787
f 1788/1788/1788 1789/1789/1789 1790/1790/1790
f 1447/1447/1447 490/490/490 1087/1087/1087
f 1353/1353/1353 1398/1398/1398 1354/1354/1354
f 1791/1791/1791 1792/1792/1792 1793/1793/1793
f 507/507/507 506/506/506 1502/1502/1502
f 1794/1794/1794 1795/1795/1795 740/740/740
f 1794/1794/1794 740/740/740 739/739/739
f 1796/1796/1796 1318/1318/1318 1317/1317/1317
f 1797/1797/1797 938/938/938 937/937/937
f 1798/1798/1798 1799/1799/1799 1800/1800/1800
f 1798/1798/1798 1801/1801/1801 1799/1799/1799
f 1802/1802/1802 1803/1803/1803 1804/1804/1804
f 1167/1167/1167 1298/1298/1298 1776/1776/1776
f 1167/1167/1167 1776/1776/1776 1168/1168/1168
f 1040/1040/1040 958/958/958 957/957/957
f 1040/1040/1040 1045/1045/1045 958/958/958
f 1040/1040/1040 957/957/957 1805/1805/1805
f 1063/1063/1063 1064/1064/1064 1433/1433/1433
f 625/625/625 1806/1806/1806 626/626/626
f 1398/1398/1398 1399/1399/1399 1807/1807/1807
f 1808/1808/1808 1809/1809/1809 1810/1810/1810
f 1811/1811/1811 1812/1812/1812 1813/1813/1813
f 706/706/706 1570/1570/1570 1814/1814/1814
f 1650/1650/1650 1764/1764/1764 1815/1815/1815
f 1424/1424/1424 683/683/683 682/682/682
f 1816/1816/1816 1817/1817/1817 1818/1818/1818
f 1819/1819/1819 1496/1496/1496 1820/1820/1820
f 835/835/835 836/836/836 1333/1333/1333
f 319/319/319 318/318/318 816/816/816
f 1821/1821/1821 1799/1799/1799 1801/1801/1801
f 1822/1822/1822 1823/1823/1823 1824/1824/1824
f 1825/1825/1825 1826/1826/1826 1827/1827/1827
f 600/600/600 1454/1454/1454 601/601/601
f 1612/1612/1612 1828/1828/1828 1613/1613/1613
f 97/97/97 1829/1829/1829 1830/1830/1830
f 97/97/97 1830/1830/1830 1831/1831/1831
f 97/97/97 1831/1831/1831 1275/1275/1275
f 1832/1832/1832 1833/1833/1833 1834/1834/1834
f 1835/1835/1835 1836/1836/1836 1837/1837/1837
f 1838/1838/1838 1839/1839/1839 1840/1840/1840
f 1841/1841/1841 1842/1842/1842 1843/1843/1843
f 1844/1844/1844 1845/1845/1845 1846/1846/1846
f 1484/1484/1484 1483/1483/1483 1552/1552/1552
f 1484/1484/1484 1552/1552/1552 713/713/713
f 1237/1237/1237 1847/1847/1847 1848/1848/1848
f 1237/1237/1237 1848/1848/1848 1238/1238/1238
f 1221/1221/1221 1224/1224/1224 1849/1849/1849
f 1275/1275/1275 1850/1850/1850 1851/1851/1851
f 1275/1275/1275 1831/1831/1831 1850/1850/1850
f 244/244/244 361/361/361 916/916/916
f 1192/1192/1192 1852/1852/1852 1193/1193/1193
f 1076/1076/1076 179/179/179 1077/1077/1077
f 1076/1076/1076 1082/1082/1082 1310/1310/1310
f 1768/1768/1768 1853/1853/1853 1769/1769/1769
f 1854/1854/1854 1855/1855/1855 1856/1856/1856
f 1104/1104/1104 345/345/345 341/341/341
f 1104/1104/1104 341/341/341 1105/1105/1105
f 1764/1764/1764 1765/1765/1765 1857/1857/1857
f 1764/1764/1764 1857/1857/1857 1815/1815/1815
f 1766/1766/1766 1858/1858/1858 834/834/834
f 1766/1766/1766 1473/1473/1473 1859/1859/1859
f 1860/1860/1860 1861/1861/1861 1862/1862/1862
f 1863/1863/1863 1864/1864/1864 1865/1865/1865
f 1866/1866/1866 1867/1867/1867 1868/1868/1868
f 1530/1530/1530 674/674/674 1421/1421/1421
f 1869/1869/1869 1870/1870/1870 1871/1871/1871
f 1872/1872/1872 1873/1873/1873 1874/1874/1874
f 1875/1875/1875 1876/1876/1876 1877/1877/1877
f 1878/1878/1878 1587/1587/1587 1879/1879/1879
f 268/268/268 1067/1067/1067 269/269/269
f 1123/1123/1123 1880/1880/1880 1404/1404/1404
f 1123/1123/1123 1127/1127/1127 1880/1880/1880
f 680/680/680 1022/1022/1022 1014/1014/1014
f 680/680/680 683/683/683 1429/1429/1429
f 680/680/680 1014/1014/1014 681/681/681
f 680/680/680 1429/1429/1429 1022/1022/1022
f 1042/1042/1042 1881/1881/1881 1043/1043/1043
f 1882/1882/1882 1883/1883/1883 1884/1884/1884
f 1885/1885/1885 1886/1886/1886 1887/1887/1887
f 1888/1888/1888 1889/1889/1889 1890/1890/1890
f 1891/1891/1891 1892/1892/1892 1893/1893/1893
f 1073/1073/1073 701/701/701 403/403/403
f 1396/1396/1396 488/488/488 1093/1093/1093
f 1525/1525/1525 1047/1047/1047 1046/1046/1046
f 1894/1894/1894 1895/1895/1895 1896/1896/1896
f 1897/1897/1897 1740/1740/1740 1603/1603/1603
f 1898/1898/1898 1899/1899/1899 1900/1900/1900
f 1901/1901/1901 1902/1902/1902 1903/1903/1903
f 1904/1904/1904 1905/1905/1905 1906/1906/1906
f 1376/1376/1376 1378/1378/1378 1907/1907/1907
f 1119/1119/1119 815/815/815 320/320/320
f 122/122/122 124/124/124 420/420/420
f 1908/1908/1908 1909/1909/1909 1910/1910/1910
f 183/183/183 182/182/182 376/376/376
f 183/183/183 376/376/376 1911/1911/1911
f 1518/1518/1518 1715/1715/1715 1519/1519/1519
f 1912/1912/1912 442/442/442 437/437/437
f 1912/1912/1912 437/437/437 1763/1763/1763
f 1913/1913/1913 1083/1083/1083 1080/1080/1080
f 1914/1914/1914 1915/1915/1915 1916/1916/1916
f 1917/1917/1917 1918/1918/1918 1082/1082/1082
f 1919/1919/1919 1920/1920/1920 1921/1921/1921
f 1922/1922/1922 1923/1923/1923 1924/1924/1924
f 1925/1925/1925 1371/1371/1371 1370/1370/1370
f 238/238/238 1416/1416/1416 1750/1750/1750
f 1926/1926/1926 1927/1927/1927 1928/1928/1928
f 216/216/216 1185/1185/1185 1515/1515/1515
f 496/496/496 960/960/960 455/455/455
f 496/496/496 455/455/455 1066/1066/1066
f 1929/1929/1929 1930/1930/1930 512/512/512
f 1929/1929/1929 512/512/512 1749/1749/1749
f 1306/1306/1306 650/650/650 1744/1744/1744
f 1304/1304/1304 1560/1560/1560 647/647/647
f 1306/1306/1306 1744/1744/1744 1226/1226/1226
f 1622/1622/1622 1931/1931/1931 1623/1623/1623
f 1932/1932/1932 1126/1126/1126 1125/1125/1125
f 1933/1933/1933 1934/1934/1934 1935/1935/1935
f 1031/1031/1031 1936/1936/1936 1032/1032/1032
f 1937/1937/1937 1938/1938/1938 1939/1939/1939
f 1940/1940/1940 1941/1941/1941 1942/1942/1942
f 1414/1414/1414 593/593/593 592/592/592
f 1940/1940/1940 1942/1942/1942 1943/1943/1943
f 1944/1944/1944 801/801/801 803/803/803
f 1945/1945/1945 1946/1946/1946 1947/1947/1947
f 1948/1948/1948 1949/1949/1949 1950/1950/1950
f 1384/1384/1384 1380/1380/1380 1879/1879/1879
f 1384/1384/1384 1879/1879/1879 1587/1587/1587
f 1951/1951/1951 1952/1952/1952 1953/1953/1953
f 1498/1498/1498 1954/1954/1954 170/170/170
f 1955/1955/1955 327/327/327 1956/1956/1956
f 1955/1955/1955 328/328/328 327/327/327
f 674/674/674 673/673/673 1421/1421/1421
f 814/814/814 816/816/816 318/318/318
f 814/814/814 318/318/318 320/320/320
f 814/814/814 320/320/320 815/815/815
f 1952/1952/1952 1278/1278/1278 1953/1953/1953
f 1952/1952/1952 1120/1120/1120 1278/1278/1278
f 1154/1154/1154 783/783/783 1359/1359/1359
f 1635/1635/1635 1243/1243/1243 870/870/870
f 1718/1718/1718 763/763/763 1522/1522/1522
f 152/152/152 151/151/151 1360/1360/1360
f 1957/1957/1957 1958/1958/1958 1959/1959/1959
f 28/28/28 1385/1385/1385 38/38/38
f 68/68/68 413/413/413 69/69/69
f 1960/1960/1960 1961/1961/1961 1962/1962/1962
f 454/454/454 1066/1066/1066 455/455/455
f 1963/1963/1963 626/626/626 1806/1806/1806
f 1081/1081/1081 1814/1814/1814 1570/1570/1570
f 1081/1081/1081 1084/1084/1084 1814/1814/1814
f 1930/1930/1930 514/514/514 512/512/512
f 1964/1964/1964 1965/1965/1965 1966/1966/1966
f 1226/1226/1226 1744/1744/1744 1227/1227/1227
f 174/174/174 1656/1656/1656 175/175/175
f 179/179/179 1726/1726/1726 1077/1077/1077
f 1967/1967/1967 1848/1848/1848 1847/1847/1847
f 1968/1968/1968 1851/1851/1851 1969/1969/1969
f 1403/1403/1403 406/406/406 1970/1970/1970
f 583/583/583 1532/1532/1532 1971/1971/1971
f 583/583/583 582/582/582 1532/1532/1532
f 535/535/535 536/536/536 684/684/684
f 1219/1219/1219 681/681/681 1014/1014/1014
f 1506/1506/1506 1505/1505/1505 1972/1972/1972
f 1959/1959/1959 1958/1958/1958 1973/1973/1973
f 1098/1098/1098 1097/1097/1097 1312/1312/1312
f 1974/1974/1974 1975/1975/1975 1976/1976/1976
f 400/400/400 1977/1977/1977 1978/1978/1978
f 400/400/400 1978/1978/1978 401/401/401
f 513/513/513 1139/1139/1139 1140/1140/1140
f 513/513/513 510/510/510 1139/1139/1139
f 1281/1281/1281 382/382/382 380/380/380
f 1281/1281/1281 1979/1979/1979 382/382/382
f 1422/1422/1422 1421/1421/1421 673/673/673
f 598/598/598 597/597/597 1980/1980/1980
f 712/712/712 713/713/713 1552/1552/1552
f 712/712/712 1552/1552/1552 1981/1981/1981
f 1228/1228/1228 1191/1191/1191 1190/1190/1190
f 1982/1982/1982 1983/1983/1983 1984/1984/1984
f 1985/1985/1985 1986/1986/1986 1987/1987/1987
f 1988/1988/1988 1989/1989/1989 1990/1990/1990
f 382/382/382 1979/1979/1979 1991/1991/1991
f 1082/1082/1082 1918/1918/1918 1310/1310/1310
f 1263/1263/1263 1262/1262/1262 127/127/127
f 1259/1259/1259 785/785/785 784/784/784
f 1992/1992/1992 1993/1993/1993 1994/1994/1994
f 1062/1062/1062 1584/1584/1584 269/269/269
f 1062/1062/1062 269/269/269 1067/1067/1067
f 1995/1995/1995 1996/1996/1996 1997/1997/1997
f 130/130/130 132/132/132 1998/1998/1998
f 1224/1224/1224 1488/1488/1488 1849/1849/1849
f 1457/1457/1457 1310/1310/1310 1918/1918/1918
f 1455/1455/1455 1160/1160/1160 1161/1161/1161
f 1455/1455/1455 1161/1161/1161 1456/1456/1456
f 1584/1584/1584 274/274/274 269/269/269
f 1584/1584/1584 1999/1999/1999 274/274/274
f 1857/1857/1857 2000/2000/2000 1815/1815/1815
f 650/650/650 649/649/649 1744/1744/1744
f 2001/2001/2001 2002/2002/2002 2003/2003/2003
f 2004/2004/2004 2005/2005/2005 2006/2006/2006
f 1416/1416/1416 2007/2007/2007 1750/1750/1750
f 2008/2008/2008 1730/1730/1730 727/727/727
f 725/725/725 2009/2009/2009 722/722/722
f 2010/2010/2010 2011/2011/2011 2012/2012/2012
f 2013/2013/2013 2010/2010/2010 2012/2012/2012
f 2014/2014/2014 2015/2015/2015 2016/2016/2016
f 1928/1928/1928 1684/1684/1684 1683/1683/1683
f 1928/1928/1928 1683/1683/1683 2017/2017/2017
f 2018/2018/2018 2019/2019/2019 2020/2020/2020
f 2019/2019/2019 2021/2021/2021 2020/2020/2020
f 1926/1926/1926 1928/1928/1928 2017/2017/2017
f 2022/2022/2022 2023/2023/2023 2024/2024/2024
f 2025/2025/2025 2022/2022/2022 2024/2024/2024
f 2026/2026/2026 2027/2027/2027 2028/2028/2028
f 2029/2029/2029 2030/2030/2030 2031/2031/2031
f 2032/2032/2032 2033/2033/2033 2034/2034/2034
f 2033/2033/2033 2035/2035/2035 2034/2034/2034
f 2036/2036/2036 2037/2037/2037 2038/2038/2038
f 2039/2039/2039 2040/2040/2040 2041/2041/2041
f 2042/2042/2042 2043/2043/2043 2044/2044/2044
f 2045/2045/2045 1322/1322/1322 1324/1324/1324
f 2045/2045/2045 1324/1324/1324 2046/2046/2046
f 2039/2039/2039 2041/2041/2041 2047/2047/2047
f 2048/2048/2048 2049/2049/2049 2050/2050/2050
f 2051/2051/2051 2052/2052/2052 2053/2053/2053
f 2054/2054/2054 1862/1862/1862 1861/1861/1861
f 2055/2055/2055 2056/2056/2056 2057/2057/2057
f 2054/2054/2054 1861/1861/1861 2058/2058/2058
f 2059/2059/2059 2055/2055/2055 2057/2057/2057
f 2060/2060/2060 2061/2061/2061 2062/2062/2062
f 816/816/816 813/813/813 2063/2063/2063
f 813/813/813 815/815/815 2063/2063/2063
f 815/815/815 1119/1119/1119 2063/2063/2063
f 1119/1119/1119 1118/1118/1118 2063/2063/2063
f 312/312/312 314/314/314 2064/2064/2064
f 314/314/314 316/316/316 2064/2064/2064
f 2065/2065/2065 319/319/319 2063/2063/2063
f 319/319/319 816/816/816 2063/2063/2063
f 2066/2066/2066 2067/2067/2067 2068/2068/2068
f 2069/2069/2069 2070/2070/2070 2071/2071/2071
f 2072/2072/2072 686/686/686 685/685/685
f 2073/2073/2073 2074/2074/2074 2075/2075/2075
f 2076/2076/2076 2077/2077/2077 2078/2078/2078
f 2079/2079/2079 2080/2080/2080 2081/2081/2081
f 2082/2082/2082 2083/2083/2083 2084/2084/2084
f 2085/2085/2085 2086/2086/2086 2087/2087/2087
f 713/713/713 709/709/709 2088/2088/2088
f 709/709/709 711/711/711 2088/2088/2088
f 711/711/711 2089/2089/2089 2088/2088/2088
f 1221/1221/1221 1849/1849/1849 2090/2090/2090
f 1849/1849/1849 1488/1488/1488 2090/2090/2090
f 1488/1488/1488 1485/1485/1485 2090/2090/2090
f 1485/1485/1485 2091/2091/2091 2090/2090/2090
f 1484/1484/1484 713/713/713 2088/2088/2088
f 2092/2092/2092 2093/2093/2093 2094/2094/2094
f 2095/2095/2095 2096/2096/2096 2097/2097/2097
f 2098/2098/2098 1/1/1 3/3/3
f 2098/2098/2098 3/3/3 2099/2099/2099
f 2100/2100/2100 2092/2092/2092 2094/2094/2094
f 2101/2101/2101 2102/2102/2102 2103/2103/2103
f 259/259/259 258/258/258 2104/2104/2104
f 261/261/261 263/263/263 2105/2105/2105
f 263/263/263 444/444/444 2105/2105/2105
f 444/444/444 447/447/447 2105/2105/2105
f 1288/1288/1288 927/927/927 2106/2106/2106
f 923/923/923 922/922/922 2107/2107/2107
f 922/922/922 1269/1269/1269 2107/2107/2107
f 1269/1269/1269 697/697/697 2107/2107/2107
f 697/697/697 694/694/694 2107/2107/2107
f 2108/2108/2108 2109/2109/2109 2110/2110/2110
f 2108/2108/2108 2110/2110/2110 2111/2111/2111
f 2112/2112/2112 2113/2113/2113 2114/2114/2114
f 2115/2115/2115 2116/2116/2116 2117/2117/2117
f 1909/1909/1909 1908/1908/1908 2118/2118/2118
f 2112/2112/2112 2114/2114/2114 2119/2119/2119
f 478/478/478 477/477/477 2120/2120/2120
f 474/474/474 476/476/476 2121/2121/2121
f 476/476/476 1195/1195/1195 2121/2121/2121
f 1195/1195/1195 974/974/974 2121/2121/2121
f 974/974/974 971/971/971 2121/2121/2121
f 971/971/971 973/973/973 2121/2121/2121
f 973/973/973 1741/1741/1741 2121/2121/2121
f 1443/1443/1443 1441/1441/1441 2120/2120/2120
f 1441/1441/1441 478/478/478 2120/2120/2120
f 2122/2122/2122 2123/2123/2123 2124/2124/2124
f 2125/2125/2125 2122/2122/2122 2124/2124/2124
f 2126/2126/2126 1212/1212/1212 1214/1214/1214
f 2127/2127/2127 2128/2128/2128 2129/2129/2129
f 2127/2127/2127 2129/2129/2129 2130/2130/2130
f 1703/1703/1703 2131/2131/2131 1704/1704/1704
f 2132/2132/2132 2133/2133/2133 2134/2134/2134
f 2135/2135/2135 2136/2136/2136 2137/2137/2137
f 2138/2138/2138 2139/2139/2139 2140/2140/2140
f 2141/2141/2141 2142/2142/2142 2143/2143/2143
f 1961/1961/1961 1960/1960/1960 2144/2144/2144
f 1156/1156/1156 1155/1155/1155 2145/2145/2145
f 1155/1155/1155 1158/1158/1158 2145/2145/2145
f 1158/1158/1158 2146/2146/2146 2145/2145/2145
f 2147/2147/2147 2148/2148/2148 2149/2149/2149
f 278/278/278 275/275/275 2150/2150/2150
f 275/275/275 87/87/87 2150/2150/2150
f 87/87/87 95/95/95 2150/2150/2150
f 95/95/95 2151/2151/2151 2150/2150/2150
f 1274/1274/1274 1275/1275/1275 2152/2152/2152
f 1275/1275/1275 1851/1851/1851 2152/2152/2152
f 1851/1851/1851 1968/1968/1968 2152/2152/2152
f 2153/2153/2153 1852/1852/1852 2150/2150/2150
f 1852/1852/1852 1192/1192/1192 2150/2150/2150
f 1192/1192/1192 278/278/278 2150/2150/2150
f 1232/1232/1232 1230/1230/1230 2154/2154/2154
f 1230/1230/1230 1231/1231/1231 2154/2154/2154
f 2155/2155/2155 2156/2156/2156 2157/2157/2157
f 2156/2156/2156 2158/2158/2158 2157/2157/2157
f 1336/1336/1336 965/965/965 2159/2159/2159
f 965/965/965 1403/1403/1403 2159/2159/2159
f 2160/2160/2160 1978/1978/1978 2161/2161/2161
f 1978/1978/1978 1977/1977/1977 2161/2161/2161
f 23/23/23 20/20/20 2162/2162/2162
f 20/20/20 22/22/22 2162/2162/2162
f 22/22/22 1496/1496/1496 2162/2162/2162
f 1496/1496/1496 1819/1819/1819 2162/2162/2162
f 2163/2163/2163 2164/2164/2164 2165/2165/2165
f 2164/2164/2164 2166/2166/2166 2165/2165/2165
f 2166/2166/2166 2167/2167/2167 2165/2165/2165
f 2167/2167/2167 2168/2168/2168 2165/2165/2165
f 2168/2168/2168 2169/2169/2169 2165/2165/2165
f 1513/1513/1513 23/23/23 2162/2162/2162
f 2170/2170/2170 1650/1650/1650 2171/2171/2171
f 1650/1650/1650 1815/1815/1815 2171/2171/2171
f 1815/1815/1815 2000/2000/2000 2171/2171/2171
f 175/175/175 1656/1656/1656 2172/2172/2172
f 2173/2173/2173 2174/2174/2174 2175/2175/2175
f 2176/2176/2176 2177/2177/2177 2178/2178/2178
f 2179/2179/2179 2180/2180/2180 1993/1993/1993
f 2179/2179/2179 1993/1993/1993 1992/1992/1992
f 2181/2181/2181 2173/2173/2173 2175/2175/2175
f 2182/2182/2182 2183/2183/2183 2184/2184/2184
f 280/280/280 279/279/279 2185/2185/2185
f 279/279/279 2186/2186/2186 2185/2185/2185
f 282/282/282 188/188/188 2187/2187/2187
f 1276/1276/1276 280/280/280 2185/2185/2185
f 663/663/663 2188/2188/2188 2189/2189/2189
f 581/581/581 583/583/583 2190/2190/2190
f 2191/2191/2191 665/665/665 2189/2189/2189
f 665/665/665 663/663/663 2189/2189/2189
f 2192/2192/2192 2193/2193/2193 2194/2194/2194
f 2193/2193/2193 1006/1006/1006 2194/2194/2194
f 1006/1006/1006 1008/1008/1008 2194/2194/2194
f 2195/2195/2195 2196/2196/2196 2197/2197/2197
f 811/811/811 810/810/810 2198/2198/2198
f 806/806/806 809/809/809 2199/2199/2199
f 2200/2200/2200 2201/2201/2201 2198/2198/2198
f 2201/2201/2201 811/811/811 2198/2198/2198
f 2202/2202/2202 2203/2203/2203 2204/2204/2204
f 2205/2205/2205 2206/2206/2206 2207/2207/2207
f 2208/2208/2208 2209/2209/2209 1571/1571/1571
f 2208/2208/2208 1571/1571/1571 1573/1573/1573
f 2210/2210/2210 2205/2205/2205 2207/2207/2207
f 2211/2211/2211 2212/2212/2212 2213/2213/2213
f 527/527/527 524/524/524 2214/2214/2214
f 524/524/524 526/526/526 2214/2214/2214
f 936/936/936 935/935/935 2215/2215/2215
f 935/935/935 939/939/939 2215/2215/2215
f 939/939/939 1796/1796/1796 2215/2215/2215
f 1796/1796/1796 1317/1317/1317 2215/2215/2215
f 1317/1317/1317 1316/1316/1316 2215/2215/2215
f 1319/1319/1319 527/527/527 2214/2214/2214
f 625/625/625 621/621/621 2216/2216/2216
f 621/621/621 623/623/623 2216/2216/2216
f 2217/2217/2217 1777/1777/1777 2218/2218/2218
f 1777/1777/1777 46/46/46 2218/2218/2218
f 46/46/46 42/42/42 2218/2218/2218
f 42/42/42 1606/1606/1606 2218/2218/2218
f 1606/1606/1606 1605/1605/1605 2218/2218/2218
f 1806/1806/1806 625/625/625 2216/2216/2216
f 330/330/330 329/329/329 2219/2219/2219
f 329/329/329 332/332/332 2219/2219/2219
f 1517/1517/1517 1520/1520/1520 2220/2220/2220
f 1520/1520/1520 1714/1714/1714 2220/2220/2220
f 1714/1714/1714 1715/1715/1715 2220/2220/2220
f 862/862/862 860/860/860 2219/2219/2219
f 860/860/860 861/861/861 2219/2219/2219
f 861/861/861 330/330/330 2219/2219/2219
f 2221/2221/2221 2222/2222/2222 2223/2223/2223
f 2224/2224/2224 2225/2225/2225 2226/2226/2226
f 2227/2227/2227 2228/2228/2228 1578/1578/1578
f 2229/2229/2229 2221/2221/2221 2223/2223/2223
f 2227/2227/2227 1578/1578/1578 1580/1580/1580
f 2230/2230/2230 2231/2231/2231 2232/2232/2232
