mtllib organic-compost-bin.mtl
o organic-compost-bin
v -0.4052734971046448 0.0 -0.4091794937849045
v -0.2978515028953552 0.0 -0.30175749957561493
v -0.4033204913139343 0.0 -0.3056644946336746
v -0.4052734971046448 0.0 -0.4091794937849045
v -0.4033204913139343 0.8613280057907104 -0.40722648799419403
v -0.2978515028953552 0.0 -0.40722648799419403
v -0.4052734971046448 0.0 -0.4091794937849045
v -0.4033204913139343 0.0 -0.3056644946336746
v -0.40136751532554626 0.8613280057907104 -0.3056644946336746
v -0.2978515028953552 0.0 -0.40722648799419403
v -0.4033204913139343 0.8613280057907104 -0.40722648799419403
v -0.06176750361919403 0.9199219942092896 0.01159651204943657
v -0.09814450144767761 0.9492189884185791 0.011901511810719967
v -0.09814450144767761 0.9199219942092896 0.011657511815428734
v -0.06176750361919403 0.9492189884185791 0.011840512044727802
v -0.06176750361919403 0.9199219942092896 0.01159651204943657
v -0.061279501765966415 0.9199219942092896 -0.014343488030135632
v -0.06176750361919403 0.9492189884185791 0.011840512044727802
v 0.3310545086860657 0.4387210011482239 -0.34472648799419403
v 0.3310545086860657 0.4384769983589649 -0.39550749957561493
v -0.3330075144767761 0.44043000042438507 -0.34472648799419403
v 0.3310545086860657 0.4387210011482239 -0.34472648799419403
v -0.3330075144767761 0.44043000042438507 -0.34472648799419403
v -0.3349604904651642 0.35351599752902985 -0.34472648799419403
v 0.3310545086860657 0.3525390028953552 -0.34472648799419403
v -0.2880854904651642 0.833983987569809 0.29199250042438507
v -0.29003849625587463 0.9042969942092896 0.44824250042438507
v -0.29003849625587463 0.8359380066394806 0.44824250042438507
v -0.2880854904651642 0.833983987569809 0.29199250042438507
v -0.29003849625587463 0.8359380066394806 0.44824250042438507
v -0.44628849625587463 0.8359380066394806 0.2939455062150955
v -0.2880854904651642 0.833983987569809 0.29199250042438507
v -0.44628849625587463 0.8359380066394806 0.2939455062150955
v -0.29003849625587463 0.9042969942092896 0.29199250042438507
v -0.29003849625587463 0.9042969942092896 0.29199250042438507
v -0.03063950315117836 0.6728519946336746 0.4072265177965164
v -0.0011825028923340142 0.6630859971046448 0.40527351200580597
v -0.0008735028968658298 0.7060550004243851 0.4130855053663254
v -0.03063950315117836 0.6728519946336746 0.4072265177965164
v -0.046874504536390305 0.7080080062150955 0.4072265177965164
v -0.044921502470970154 0.7070309966802597 0.3720705062150955
v -0.03063950315117836 0.6728519946336746 0.4072265177965164
v -0.03063950315117836 0.6748050004243851 0.3720705062150955
v -0.0011825028923340142 0.6630859971046448 0.40527351200580597
v -0.046874504536390305 0.7080080062150955 0.4072265177965164
v -0.03063950315117836 0.6748050004243851 0.3720705062150955
v 0.4033204913139343 0.8613280057907104 -0.40722648799419403
v 0.4052734971046448 0.0 -0.3056644946336746
v 0.4052734971046448 0.0 -0.41113249957561493
v 0.4033204913139343 0.859375 -0.303710475564003
v 0.4033204913139343 0.8613280057907104 -0.40722648799419403
v 0.2978515028953552 0.8613280057907104 -0.40722648799419403
v 0.2978515028953552 0.8613280057907104 -0.303710475564003
v 0.4033204913139343 0.859375 -0.303710475564003
v 0.4033204913139343 0.8613280057907104 -0.40722648799419403
v 0.4052734971046448 0.0 -0.41113249957561493
v 0.2978515028953552 0.8613280057907104 -0.40722648799419403
v 0.3310545086860657 0.2617190033197403 0.39746151864528656
v -0.3349604904651642 0.2646480053663254 0.39550749957561493
v -0.3349604904651642 0.18945300579071045 0.39550749957561493
v 0.3310545086860657 0.265625 0.39550749957561493
v 0.3310545086860657 0.18945300579071045 0.39550749957561493
v -0.3564454913139343 0.7255859971046448 -0.34082047641277313
v -0.3779295086860657 0.6689449995756149 -0.34082047641277313
v -0.40136751532554626 0.6953119933605194 0.34863249957561493
v -0.3349604904651642 0.4453120008111 0.39550749957561493
v -0.3330075144767761 0.44604500010609627 0.34667952358722687
v 0.33300748467445374 0.4462889991700649 0.39550749957561493
v -0.3349604904651642 0.4453120008111 0.39550749957561493
v 0.33300748467445374 0.4462889991700649 0.39550749957561493
v 0.33300748467445374 0.5289309993386269 0.39550749957561493
v -0.3330075144767761 0.5306400004774332 0.39550749957561493
v 0.1992184966802597 0.890625 -0.026855487376451492
v 0.1718754917383194 0.890625 -0.05957048758864403
v 0.16894549131393433 0.912108987569809 -0.04980448633432388
v 0.1992184966802597 0.890625 -0.026855487376451492
v 0.16894549131393433 0.912108987569809 -0.04980448633432388
v 0.19824250042438507 0.890625 0.02270551212131977
v 0.39746150374412537 0.10742199420928955 0.33496151864528656
v -0.3955075144767761 0.19335898756980896 0.336914524435997
v 0.39550748467445374 0.19335898756980896 0.33496151864528656
v 0.39746150374412537 0.10742199420928955 0.33496151864528656
v -0.3974604904651642 0.109375 0.39746151864528656
v -0.3974604904651642 0.109375 0.336914524435997
v -0.3974604904651642 0.109375 0.336914524435997
v 0.39550748467445374 0.109375 0.399414524435997
v -0.017455503344535828 0.6923830062150955 -0.41894547641277313
v -0.00045750290155410767 0.6855469942092896 -0.41699250042438507
v -0.0012435028911568224 0.6826169937849045 -0.41503848135471344
v -0.02233850210905075 0.7070309966802597 -0.41894547641277313
v -0.019042503088712692 0.7080080062150955 -0.4208984822034836
v -0.013732503168284893 0.6933590024709702 -0.4208984822034836
v -0.017455503344535828 0.6923830062150955 -0.41894547641277313
v -0.02014150284230709 0.6904300004243851 -0.41503848135471344
v -0.02233850210905075 0.7070309966802597 -0.41894547641277313
v -0.017455503344535828 0.6923830062150955 -0.41894547641277313
v -0.0012435028911568224 0.6826169937849045 -0.41503848135471344
v -0.02014150284230709 0.6904300004243851 -0.41503848135471344
v -0.3291015028953552 0.2695309966802597 -0.350585475564003
v -0.3271484971046448 0.3525390028953552 -0.34863249957561493
v -0.3291015028953552 0.2695309966802597 0.35449250042438507
v -0.3291015028953552 0.2695309966802597 -0.350585475564003
v -0.3740234971046448 0.26855500042438507 0.35449250042438507
v -0.3740234971046448 0.2695309966802597 -0.350585475564003
v -0.3291015028953552 0.2695309966802597 0.35449250042438507
v 0.3271484971046448 0.8203119933605194 0.38964851200580597
v 0.3291015028953552 0.822266012430191 -0.38378848135471344
v 0.3271484971046448 0.7451169937849045 -0.38378848135471344
v 0.3271484971046448 0.7460940033197403 0.3916015177965164
v 0.016845496371388435 0.6777340024709702 -0.46582047641277313
v 0.04150349646806717 0.6855469942092896 -0.46582047641277313
v 0.021850496530532837 0.6816409975290298 -0.47949250042438507
v 0.016845496371388435 0.6777340024709702 -0.46582047641277313
v -0.004211502848193049 0.6777340024709702 -0.46972648799419403
v -0.0034485028591006994 0.6591800004243851 -0.4677734822034836
v 0.017822496592998505 0.6611330062150955 -0.46386750042438507
v 0.03393549844622612 0.6816409975290298 -0.45410148799419403
v -0.004211502848193049 0.6777340024709702 -0.46972648799419403
v 0.03393549844622612 0.6816409975290298 -0.45410148799419403
v -0.44628849625587463 0.9082030057907104 0.29589851200580597
v -0.4443354904651642 0.8359380066394806 0.29589851200580597
v -0.2880854904651642 0.8359380066394806 0.2939455062150955
v -0.44824251532554626 0.837891012430191 0.29589851200580597
v -0.44628849625587463 0.9082030057907104 0.29589851200580597
v -0.44824251532554626 0.9042969942092896 -0.29394547641277313
v -0.44824251532554626 0.90625 0.29589851200580597
v -0.44628849625587463 0.9082030057907104 0.29589851200580597
v -0.29003849625587463 0.9042969942092896 0.2939455062150955
v -0.44824251532554626 0.9042969942092896 -0.29394547641277313
v -0.44824251532554626 0.90625 0.29589851200580597
v -0.29003849625587463 0.9042969942092896 0.2939455062150955
v -0.37011751532554626 0.6923830062150955 -0.12255848944187164
v -0.3271484971046448 0.7490230053663254 -0.12207049131393433
v -0.37011751532554626 0.75 -0.12255848944187164
v -0.3251954913139343 0.6923830062150955 -0.12255848944187164
v -0.37011751532554626 0.6923830062150955 -0.12255848944187164
v -0.37011751532554626 0.75 -0.12255848944187164
v -0.37011751532554626 0.6923830062150955 -0.3583984822034836
v 0.2919924855232239 0.9042969942092896 0.45214851200580597
v -0.29199251532554626 0.9042969942092896 0.45214851200580597
v -0.29199251532554626 0.8359380066394806 0.4501955062150955
v 0.2919924855232239 0.8359380066394806 0.45214851200580597
v 0.2919924855232239 0.9042969942092896 0.45214851200580597
v 0.2919924855232239 0.9042969942092896 0.446289524435997
v -0.29199251532554626 0.9042969942092896 0.45214851200580597
v 0.2919924855232239 0.9042969942092896 0.45214851200580597
v 0.2919924855232239 0.8359380066394806 0.45214851200580597
v 0.2919924855232239 0.9042969942092896 0.446289524435997
v 0.3720704913139343 0.26855500042438507 -0.35253848135471344
v 0.3720704913139343 0.2695309966802597 0.35449250042438507
v 0.3271484971046448 0.26757800579071045 0.352539524435997
v 0.3271484971046448 0.26855500042438507 -0.350585475564003
v 0.3720704913139343 0.26855500042438507 -0.35253848135471344
v 0.3720704913139343 0.3525390028953552 -0.350585475564003
v 0.3720704913139343 0.2695309966802597 0.35449250042438507
v -0.29199251532554626 0.833983987569809 0.290039524435997
v 0.2919924855232239 0.8359380066394806 0.290039524435997
v 0.2919924855232239 0.833983987569809 0.446289524435997
v -0.29199251532554626 0.8359380066394806 0.4501955062150955
v -0.29199251532554626 0.833983987569809 0.290039524435997
v -0.29199251532554626 0.8359380066394806 0.4501955062150955
v -0.29003849625587463 0.9042969942092896 0.290039524435997
v -0.29199251532554626 0.833983987569809 0.290039524435997
v -0.29003849625587463 0.9042969942092896 0.290039524435997
v 0.2919924855232239 0.8359380066394806 0.290039524435997
v -0.17480450868606567 0.10156199336051941 0.3564455062150955
v -0.17382849752902985 0.10351601243019104 -0.35253848135471344
v 0.16699250042438507 0.10351601243019104 -0.35449250042438507
v -0.17480450868606567 0.10156199336051941 0.3564455062150955
v -0.17382849752902985 0.14257800579071045 0.3564455062150955
v -0.17382849752902985 0.10351601243019104 -0.35253848135471344
v -0.17480450868606567 0.10156199336051941 0.3564455062150955
v 0.1679684966802597 0.10351601243019104 0.3564455062150955
v -0.17382849752902985 0.14257800579071045 0.3564455062150955
v 0.1679684966802597 0.10351601243019104 0.3564455062150955
v 0.4189454913139343 0.6611330062150955 -0.1245114877820015
v 0.42675748467445374 0.6611330062150955 -0.11669948697090149
v 0.4228515028953552 0.6289059966802597 -0.11914049088954926
v 0.4189454913139343 0.6611330062150955 -0.1245114877820015
v 0.41113248467445374 0.6611330062150955 -0.09667948633432388
v 0.42675748467445374 0.6611330062150955 -0.11669948697090149
v 0.4130854904651642 0.6298830062150955 -0.12597648799419403
v 0.4091795086860657 0.6611330062150955 -0.1289064884185791
v 0.4091795086860657 0.6611330062150955 -0.1289064884185791
v 0.4052734971046448 0.6611330062150955 -0.09960948675870895
v 0.3759765028953552 0.6298830062150955 0.1250005066394806
v 0.39550748467445374 0.6289059966802597 0.09863251447677612
v 0.39746150374412537 0.6298830062150955 0.1250005066394806
v 0.3759765028953552 0.6298830062150955 0.1250005066394806
v 0.39746150374412537 0.6298830062150955 0.1250005066394806
v 0.3994145095348358 0.6621090024709702 0.1250005066394806
v 0.3740234971046448 0.6621090024709702 0.1250005066394806
v 0.3740234971046448 0.6289059966802597 0.09667950868606567
v -0.29199251532554626 0.833983987569809 -0.44628848135471344
v -0.29199251532554626 0.833983987569809 -0.29003848135471344
v -0.29003849625587463 0.9042969942092896 -0.44824250042438507
v -0.29199251532554626 0.833983987569809 -0.44628848135471344
v 0.2900395095348358 0.8359380066394806 -0.29003848135471344
v -0.29199251532554626 0.833983987569809 -0.29003848135471344
v 0.2900395095348358 0.833983987569809 -0.44824250042438507
v 0.2919924855232239 0.8359380066394806 -0.4521484822034836
v -0.29199251532554626 0.8359380066394806 -0.4521484822034836
v -0.29199251532554626 0.8359380066394806 -0.4521484822034836
v -0.3408204913139343 0.2705080062150955 0.3564455062150955
v -0.3740234971046448 0.2666019946336746 -0.350585475564003
v -0.3740234971046448 0.26757800579071045 0.35449250042438507
v -0.3291015028953552 0.265625 -0.350585475564003
v -0.3291015028953552 0.2646480053663254 0.352539524435997
v 0.04150349646806717 0.6855469942092896 -0.46582047641277313
v 0.05517549812793732 0.6904300004243851 -0.444335475564003
v 0.04858449846506119 0.6767580062150955 -0.46386750042438507
v 0.04150349646806717 0.6855469942092896 -0.46582047641277313
v 0.04858449846506119 0.6767580062150955 -0.46386750042438507
v 0.021850496530532837 0.6816409975290298 -0.47949250042438507
v 0.04394549876451492 0.6865230053663254 -0.43847648799419403
v 0.05517549812793732 0.6904300004243851 -0.444335475564003
v 0.3720704913139343 0.6176759973168373 0.35449250042438507
v 0.3720704913139343 0.6186520010232925 -0.35253848135471344
v 0.3271484971046448 0.6171879991889 -0.35253848135471344
v 0.3720704913139343 0.6176759973168373 0.35449250042438507
v 0.3720704913139343 0.5395510010421276 0.35449250042438507
v 0.3720704913139343 0.6186520010232925 -0.35253848135471344
v 0.3271484971046448 0.6176759973168373 0.352539524435997
v -0.056152503937482834 0.9667969942092896 -0.015014488250017166
v -0.08789050579071045 0.9863280057907104 -0.01507548801600933
v -0.07373050600290298 0.9980469942092896 -0.01519748754799366
v -0.056152503937482834 0.9667969942092896 -0.015014488250017166
v -0.05541950464248657 0.9667969942092896 0.012268511578440666
v -0.060302503407001495 0.958983987569809 -0.015014488250017166
v -0.05981450155377388 1.0 -0.015563488006591797
v -0.04443350434303284 0.96875 -0.014831488020718098
v -0.060302503407001495 0.958983987569809 -0.015014488250017166
v -0.056152503937482834 0.9667969942092896 -0.015014488250017166
v -0.04443350434303284 0.96875 -0.014831488020718098
v -0.05541950464248657 0.9667969942092896 0.012268511578440666
v -0.3349604904651642 0.4462889991700649 -0.34472648799419403
v 0.3310545086860657 0.4458010010421276 -0.34472648799419403
v 0.3310545086860657 0.5285640005022287 -0.34472648799419403
v -0.3349604904651642 0.5306400004774332 -0.34472648799419403
v -0.3349604904651642 0.4462889991700649 -0.34472648799419403
v -0.3349604904651642 0.44604500010609627 -0.39550749957561493
v 0.3310545086860657 0.4458010010421276 -0.34472648799419403
v 0.2880854904651642 0.84375 0.2822265177965164
v -0.2880854904651642 0.8925780057907104 0.2822265177965164
v -0.29003849625587463 0.8417969942092896 0.2822265177965164
v 0.28613248467445374 0.890625 0.2822265177965164
v 0.2880854904651642 0.84375 0.2822265177965164
v 0.2880854904651642 0.8417969942092896 0.1523435115814209
v 0.28613248467445374 0.890625 0.2822265177965164
v 0.16992150247097015 0.1054689884185791 -0.35449250042438507
v 0.17089849710464478 0.1445310115814209 0.3564455062150955
v 0.17089849710464478 0.14648398756980896 -0.35449250042438507
v 0.16992150247097015 0.1054689884185791 -0.35449250042438507
v 0.36621150374412537 0.1054689884185791 -0.35449250042438507
v 0.1718754917383194 0.10351601243019104 0.3564455062150955
v 0.1718754917383194 0.10351601243019104 0.3564455062150955
v 0.16992150247097015 0.1054689884185791 -0.35449250042438507
v 0.17089849710464478 0.14648398756980896 -0.35449250042438507
v 0.36621150374412537 0.1054689884185791 -0.35449250042438507
v -0.3994145095348358 0.7275390028953552 0.39746151864528656
v 0.39746150374412537 0.7246090024709702 0.39746151864528656
v 0.39746150374412537 0.8203119933605194 0.39746151864528656
v -0.3994145095348358 0.7275390028953552 0.39746151864528656
v 0.39746150374412537 0.7246090024709702 0.33105452358722687
v 0.39746150374412537 0.7246090024709702 0.39746151864528656
v -0.3994145095348358 0.8203119933605194 0.39746151864528656
v -0.3994145095348358 0.7275390028953552 0.33300749957561493
v -0.3740234971046448 0.4396970011293888 0.336914524435997
v -0.3662104904651642 0.3525390028953552 -0.334960475564003
v -0.3740234971046448 0.3525390028953552 0.336914524435997
v -0.3740234971046448 0.4396970011293888 0.336914524435997
v -0.3740234971046448 0.35351599752902985 -0.3369144946336746
v -0.3662104904651642 0.3525390028953552 -0.334960475564003
v -0.3740234971046448 0.4396970011293888 0.336914524435997
v -0.3291015028953552 0.4392089992761612 0.336914524435997
v -0.3740234971046448 0.43896500021219254 -0.3369144946336746
v -0.3740234971046448 0.4396970011293888 0.336914524435997
v -0.3740234971046448 0.43896500021219254 -0.3369144946336746
v -0.3740234971046448 0.35351599752902985 -0.3369144946336746
v 0.017211496829986572 0.7255859971046448 -0.40722648799419403
v 0.024169497191905975 0.7070309966802597 -0.4052734822034836
v 0.02368149720132351 0.7070309966802597 -0.413085475564003
v 0.016723496839404106 0.7246090024709702 -0.41503848135471344
v 0.017211496829986572 0.7255859971046448 -0.40722648799419403
v 0.016723496839404106 0.7246090024709702 -0.41503848135471344
v -0.001197502890136093 0.7333980053663254 -0.40722648799419403
v 0.4052734971046448 0.0 0.40917952358722687
v 0.2998045086860657 0.0 0.305664524435997
v 0.4033204913139343 0.0 0.305664524435997
v 0.4052734971046448 0.0 0.40917952358722687
v 0.4033204913139343 0.8613280057907104 0.305664524435997
v 0.4033204913139343 0.8613280057907104 0.4072265177965164
v 0.4033204913139343 0.0 0.305664524435997
v 0.4052734971046448 0.0 0.40917952358722687
v 0.4033204913139343 0.8613280057907104 0.4072265177965164
v 0.30175748467445374 0.0 0.4072265177965164
v 0.30175748467445374 0.0 0.4072265177965164
v -0.3271484971046448 0.7490230053663254 -0.12207049131393433
v -0.3251954913139343 0.75 -0.3583984822034836
v -0.3720704913139343 0.75 -0.3623044937849045
v -0.3271484971046448 0.7490230053663254 -0.12207049131393433
v -0.3251954913139343 0.6923830062150955 -0.12255848944187164
v -0.3251954913139343 0.75 -0.3583984822034836
v -0.37011751532554626 0.75 -0.12255848944187164
v -0.2939454913139343 0.25 -0.413085475564003
v -0.4072265028953552 0.25 -0.41503848135471344
v -0.2958984971046448 0.25 -0.303710475564003
v -0.2939454913139343 0.25 -0.413085475564003
v -0.2958984971046448 0.25 -0.303710475564003
v -0.2939454913139343 0.0976560115814209 -0.30175749957561493
v -0.2958984971046448 0.0976560115814209 -0.41503848135471344
v -0.2939454913139343 0.25 -0.413085475564003
v -0.2958984971046448 0.0976560115814209 -0.41503848135471344
v -0.4072265028953552 0.25 -0.41503848135471344
v 0.4345704913139343 0.6611330062150955 0.09277351200580597
v 0.4130854904651642 0.6611330062150955 0.08886751532554626
v 0.41113248467445374 0.6601559966802597 0.09521450847387314
v 0.4345704913139343 0.6611330062150955 0.09277351200580597
v 0.42871150374412537 0.6611330062150955 0.11035151034593582
v 0.42871150374412537 0.6289059966802597 0.10742150992155075
v 0.4306645095348358 0.6279300004243851 0.09228551387786865
v 0.42871150374412537 0.6611330062150955 0.11035151034593582
v 0.4326174855232239 0.6621090024709702 -0.09472648799419403
v 0.4326174855232239 0.6621090024709702 -0.09472648799419403
v 0.4169924855232239 0.6611330062150955 0.0859375149011612
v 0.3271484971046448 0.5388180017471313 -0.350585475564003
v 0.3251954913139343 0.5390620008111 0.352539524435997
v 0.3271484971046448 0.6176759973168373 0.352539524435997
v 0.3271484971046448 0.5388180017471313 -0.350585475564003
v 0.3720704913139343 0.5388180017471313 -0.350585475564003
v 0.3251954913139343 0.5390620008111 0.352539524435997
v 0.3271484971046448 0.6171879991889 -0.35253848135471344
v -0.37011751532554626 0.8457030057907104 0.3720705062150955
v -0.37011751532554626 0.8457030057907104 -0.3740234822034836
v -0.37011751532554626 0.1054689884185791 -0.37207047641277313
v -0.37011751532554626 0.8457030057907104 0.3720705062150955
v 0.3701174855232239 0.8476560115814209 0.3720705062150955
v 0.3681645095348358 0.8457030057907104 -0.37207047641277313
v -0.37011751532554626 0.1054689884185791 0.37402351200580597
v -0.37011751532554626 0.8457030057907104 -0.3740234822034836
v -0.37011751532554626 0.8457030057907104 0.3720705062150955
v -0.37011751532554626 0.1054689884185791 0.37402351200580597
v 0.3701174855232239 0.8476560115814209 0.3720705062150955
v -0.37011751532554626 0.1445310115814209 -0.35449250042438507
v -0.3681645095348358 0.1054689884185791 -0.35449250042438507
v -0.3681645095348358 0.1445310115814209 0.3564455062150955
v -0.37011751532554626 0.1445310115814209 -0.35449250042438507
v -0.17773450911045074 0.14257800579071045 0.3564455062150955
v -0.17773450911045074 0.14648398756980896 -0.35449250042438507
v -0.3681645095348358 0.1445310115814209 0.3564455062150955
v -0.37011751532554626 0.1445310115814209 -0.35449250042438507
v -0.17773450911045074 0.1054689884185791 -0.35253848135471344
v -0.3681645095348358 0.1054689884185791 -0.35449250042438507
v -0.17773450911045074 0.14648398756980896 -0.35449250042438507
v 0.3232424855232239 0.6923830062150955 0.3564455062150955
v 0.3251954913139343 0.7480469942092896 0.3603515177965164
v 0.3271484971046448 0.6933590024709702 0.12060551345348358
v 0.3720704913139343 0.5378420017659664 -0.35253848135471344
v 0.3251954913139343 0.5378420017659664 -0.350585475564003
v 0.3740234971046448 0.5378420017659664 0.35449250042438507
v 0.3720704913139343 0.5378420017659664 -0.35253848135471344
v 0.3720704913139343 0.4523929990828037 0.35449250042438507
v 0.3701174855232239 0.4519039988517761 -0.350585475564003
v 0.3740234971046448 0.5378420017659664 0.35449250042438507
v -0.04443350434303284 0.9707030057907104 0.011657511815428734
v 0.048095498234033585 0.96875 -0.015319488011300564
v 0.048828497529029846 0.96875 0.01159651204943657
v -0.04443350434303284 0.9707030057907104 0.011657511815428734
v 0.048828497529029846 0.96875 0.01159651204943657
v -0.05322250351309776 0.9980469942092896 0.012329512275755405
v -0.05541950464248657 0.9667969942092896 0.012268511578440666
v -0.04125950112938881 0.6787109971046448 0.4501955062150955
v -0.04101550206542015 0.6621090024709702 0.4501955062150955
v -0.055175501853227615 0.6689449995756149 0.430664524435997
v -0.04125950112938881 0.6787109971046448 0.4501955062150955
v -0.024047503247857094 0.6591800004243851 0.461914524435997
v -0.04101550206542015 0.6621090024709702 0.4501955062150955
v -0.02246050350368023 0.6777340024709702 0.4658205062150955
v -0.04125950112938881 0.6787109971046448 0.4501955062150955
v -0.051025502383708954 0.6796880066394806 0.430664524435997
v -0.046874504536390305 0.6835940033197403 0.4501955062150955
v -0.02246050350368023 0.6777340024709702 0.4658205062150955
v -0.051025502383708954 0.6796880066394806 0.430664524435997
v 0.28613248467445374 0.890625 -0.15136748552322388
v -0.2880854904651642 0.890625 -0.15039049088954926
v -0.2861325144767761 0.8925780057907104 -0.003311488078907132
v 0.28613248467445374 0.890625 -0.15136748552322388
v 0.2880854904651642 0.8417969942092896 -0.1523434817790985
v -0.29003849625587463 0.8417969942092896 -0.15136748552322388
v 0.28613248467445374 0.8925780057907104 -0.004150487948209047
v -0.2880854904651642 0.890625 -0.15039049088954926
v 0.28613248467445374 0.890625 -0.15136748552322388
v 0.28613248467445374 0.8925780057907104 -0.004150487948209047
v 0.2880854904651642 0.8417969942092896 -0.1523434817790985
v 0.3310545086860657 0.3544919937849045 0.34277351200580597
v 0.33300748467445374 0.35351599752902985 0.39550749957561493
v -0.3330075144767761 0.3544919937849045 0.34667952358722687
v 0.3310545086860657 0.3544919937849045 0.34277351200580597
v -0.3330075144767761 0.3544919937849045 0.34667952358722687
v -0.3349604904651642 0.44067399948835373 0.34667952358722687
v 0.33300748467445374 0.43994100019335747 0.3447265177965164
v -0.3994145095348358 0.822266012430191 -0.397460475564003
v 0.39746150374412537 0.8203119933605194 -0.39550749957561493
v 0.3994145095348358 0.7255859971046448 -0.39550749957561493
v -0.3974604904651642 0.7255859971046448 -0.39550749957561493
v -0.3994145095348358 0.822266012430191 -0.397460475564003
v -0.3974604904651642 0.822266012430191 -0.3310544937849045
v 0.39746150374412537 0.8203119933605194 -0.39550749957561493
v -0.3720704913139343 0.3525390028953552 0.35449250042438507
v -0.3740234971046448 0.2695309966802597 -0.350585475564003
v -0.3740234971046448 0.26855500042438507 0.35449250042438507
v -0.3720704913139343 0.3525390028953552 0.35449250042438507
v -0.3291015028953552 0.3525390028953552 0.352539524435997
v -0.3740234971046448 0.3525390028953552 -0.350585475564003
v -0.3740234971046448 0.3525390028953552 -0.350585475564003
v 0.01733449660241604 0.6904300004243851 -0.413085475564003
v 0.016479497775435448 0.6904300004243851 -0.40722648799419403
v 0.4130854904651642 0.6611330062150955 0.08886751532554626
v 0.4130854904651642 0.6279300004243851 0.08544950932264328
v 0.41113248467445374 0.6279300004243851 0.0898435115814209
v 0.41113248467445374 0.6601559966802597 0.09521450847387314
v 0.4130854904651642 0.6611330062150955 0.08886751532554626
v 0.4169924855232239 0.6611330062150955 0.0859375149011612
v 0.4130854904651642 0.6279300004243851 0.08544950932264328
v -0.29199251532554626 0.9042969942092896 -0.4521484822034836
v -0.44824251532554626 0.8359380066394806 -0.4560544937849045
v -0.44824251532554626 0.90625 -0.4560544937849045
v -0.29199251532554626 0.9042969942092896 -0.4521484822034836
v -0.44824251532554626 0.9042969942092896 -0.29394547641277313
v -0.29003849625587463 0.9042969942092896 -0.29199250042438507
v -0.2939454913139343 0.8359380066394806 -0.45410148799419403
v -0.29199251532554626 0.9042969942092896 -0.4521484822034836
v -0.29003849625587463 0.8359380066394806 -0.29199250042438507
v -0.29199251532554626 0.833983987569809 -0.44824250042438507
v -0.44824251532554626 0.90625 -0.4560544937849045
v -0.29003849625587463 0.9042969942092896 -0.29199250042438507
v -0.2939454913139343 0.8359380066394806 -0.45410148799419403
v -0.0008235028944909573 0.6660159975290298 -0.37207047641277313
v -0.031005503609776497 0.6728519946336746 -0.40722648799419403
v -0.0009005028987303376 0.6630859971046448 -0.40722648799419403
v 0.028442496433854103 0.6748050004243851 -0.37207047641277313
v -0.031005503609776497 0.6748050004243851 -0.37207047641277313
v 0.4521484971046448 0.8359380066394806 0.45214851200580597
v 0.4482424855232239 0.90625 0.45214851200580597
v 0.4462895095348358 0.8359380066394806 0.45605452358722687
v 0.4521484971046448 0.8359380066394806 0.45214851200580597
v 0.4501954913139343 0.8359380066394806 0.2939455062150955
v 0.4501954913139343 0.90625 0.2939455062150955
v 0.4482424855232239 0.90625 0.45214851200580597
v 0.4521484971046448 0.8359380066394806 0.45214851200580597
v 0.4462895095348358 0.8359380066394806 0.45605452358722687
v 0.4501954913139343 0.8359380066394806 0.2939455062150955
v 0.3271484971046448 0.1914060115814209 -0.3935544937849045
v 0.3271484971046448 0.10742199420928955 0.39550749957561493
v 0.3291015028953552 0.18945300579071045 0.39550749957561493
v 0.3291015028953552 0.10742199420928955 -0.39550749957561493
v 0.3271484971046448 0.1914060115814209 -0.3935544937849045
v 0.3779295086860657 0.18945300579071045 0.39746151864528656
v 0.3759765028953552 0.1914060115814209 -0.3935544937849045
v 0.3291015028953552 0.18945300579071045 0.39550749957561493
v -0.2939454913139343 0.7099609971046448 0.30175749957561493
v -0.4111325144767761 0.8320310115814209 0.30371151864528656
v -0.2939454913139343 0.8320310115814209 0.30175749957561493
v -0.2939454913139343 0.7099609971046448 0.30175749957561493
v -0.2939454913139343 0.8320310115814209 0.30175749957561493
v -0.2939454913139343 0.7109380066394806 0.4130855053663254
v -0.4091795086860657 0.7119140028953552 0.30371151864528656
v -0.2939454913139343 0.7099609971046448 0.30175749957561493
v -0.2939454913139343 0.7109380066394806 0.4130855053663254
v -0.4091795086860657 0.7109380066394806 0.4130855053663254
v -0.4091795086860657 0.7119140028953552 0.30371151864528656
v -0.3271484971046448 0.6176759973168373 -0.34863249957561493
v -0.3740234971046448 0.6186520010232925 -0.350585475564003
v -0.3291015028953552 0.6181640028953552 0.352539524435997
v -0.3271484971046448 0.6176759973168373 -0.34863249957561493
v -0.3271484971046448 0.5388180017471313 0.35449250042438507
v -0.3291015028953552 0.5380860008299351 -0.350585475564003
v -0.3291015028953552 0.6181640028953552 0.352539524435997
v 0.2919924855232239 0.9042969942092896 0.29199250042438507
v 0.2919924855232239 0.9042969942092896 0.29199250042438507
v -0.29003849625587463 0.9042969942092896 0.44824250042438507
v 0.2919924855232239 0.9042969942092896 0.29199250042438507
v 0.2919924855232239 0.8359380066394806 0.290039524435997
v -0.29003849625587463 0.9042969942092896 0.290039524435997
v 0.4306645095348358 0.6259769946336746 -0.09521448612213135
v 0.4130854904651642 0.6279300004243851 0.08544950932264328
v 0.4130854904651642 0.6289059966802597 -0.09130848944187164
v 0.4306645095348358 0.6259769946336746 -0.09521448612213135
v 0.42871150374412537 0.6289059966802597 -0.10986348986625671
v 0.4326174855232239 0.6611330062150955 -0.10839848965406418
v 0.4306645095348358 0.6279300004243851 0.09228551387786865
v 0.42871150374412537 0.6289059966802597 -0.10986348986625671
v -0.030395502224564552 0.6826169937849045 0.4755855053663254
v -0.0025555029278621078 0.6816409975290298 0.48339851200580597
v -0.030395502224564552 0.6826169937849045 0.4755855053663254
v -0.058105502277612686 0.6855469942092896 0.45214851200580597
v -0.031005503609776497 0.671875 0.48339851200580597
v -0.003662502858787775 0.6708980053663254 0.48925749957561493
v -0.0025555029278621078 0.6816409975290298 0.48339851200580597
v -0.058105502277612686 0.6855469942092896 0.45214851200580597
v -0.2939454913139343 0.09570300579071045 0.30371151864528656
v -0.4091795086860657 0.24804699420928955 0.30371151864528656
v -0.2939454913139343 0.24804699420928955 0.30371151864528656
v -0.2939454913139343 0.09570300579071045 0.30371151864528656
v -0.2958984971046448 0.09570300579071045 0.415039524435997
v -0.4091795086860657 0.0976560115814209 0.305664524435997
v -0.2939454913139343 0.09570300579071045 0.30371151864528656
v -0.2939454913139343 0.24804699420928955 0.30371151864528656
v -0.2958984971046448 0.09570300579071045 0.415039524435997
v -0.4091795086860657 0.0976560115814209 0.305664524435997
v 0.3701174855232239 0.6914059966802597 -0.36425749957561493
v 0.3701174855232239 0.7490230053663254 -0.3681644946336746
v 0.3701174855232239 0.6923830062150955 -0.12207049131393433
v 0.0351564958691597 0.6621090024709702 0.45214851200580597
v 0.04663049802184105 0.6796880066394806 0.43652351200580597
v 0.04980449751019478 0.6689449995756149 0.4345705062150955
v 0.0351564958691597 0.6621090024709702 0.45214851200580597
v 0.04638649895787239 0.6621090024709702 0.461914524435997
v 0.024169497191905975 0.6572269946336746 0.477539524435997
v 0.01855449751019478 0.6591800004243851 0.461914524435997
v 0.04541049525141716 0.6865230053663254 0.4384765177965164
v 0.0351564958691597 0.6621090024709702 0.45214851200580597
v 0.01855449751019478 0.6591800004243851 0.461914524435997
v 0.03466849774122238 0.6816409975290298 0.4541015177965164
v 0.03466849774122238 0.6816409975290298 0.4541015177965164
v 0.04980449751019478 0.6689449995756149 0.4345705062150955
v -0.4521484971046448 0.8359380066394806 -0.29394547641277313
v -0.4501954913139343 0.9042969942092896 -0.29394547641277313
v -0.4501954913139343 0.8359380066394806 -0.45410148799419403
v -0.4521484971046448 0.8359380066394806 -0.29394547641277313
v -0.44824251532554626 0.8359380066394806 -0.4560544937849045
v -0.44628849625587463 0.8359380066394806 -0.29199250042438507
v -0.4521484971046448 0.8359380066394806 -0.29394547641277313
v -0.44824251532554626 0.9042969942092896 -0.29394547641277313
v -0.4501954913139343 0.9042969942092896 -0.29394547641277313
v -0.44628849625587463 0.8359380066394806 -0.29199250042438507
v -0.4501954913139343 0.8359380066394806 -0.45410148799419403
v -0.3740234971046448 0.6186520010232925 0.35449250042438507
v -0.3720704913139343 0.5385739989578724 -0.350585475564003
v -0.3720704913139343 0.5395510010421276 0.35449250042438507
v -0.3740234971046448 0.6186520010232925 -0.350585475564003
v -0.3740234971046448 0.6186520010232925 0.35449250042438507
v 0.058593496680259705 0.9667969942092896 -0.015136487782001495
v 0.048095498234033585 0.96875 -0.015319488011300564
v 0.06445349752902985 0.9980469942092896 -0.014892487786710262
v 0.058593496680259705 0.9667969942092896 -0.015136487782001495
v 0.3310545086860657 0.265625 0.34667952358722687
v -0.3349604904651642 0.2646480053663254 0.39550749957561493
v 0.3310545086860657 0.265625 0.39550749957561493
v 0.3310545086860657 0.265625 0.34667952358722687
v 0.3310545086860657 0.18945300579071045 0.3447265177965164
v -0.3349604904651642 0.2666019946336746 0.34667952358722687
v -0.3349604904651642 0.2666019946336746 0.34667952358722687
v -0.06298850104212761 0.6894530057907104 -0.43847648799419403
v -0.05273450165987015 0.6884769946336746 -0.43457047641277313
v -0.048828501254320145 0.6845699995756149 -0.45019547641277313
v -0.06298850104212761 0.6894530057907104 -0.43847648799419403
v -0.06225550174713135 0.6787109971046448 -0.45410148799419403
v -0.06835950165987015 0.6796880066394806 -0.43261750042438507
v -0.03149450197815895 0.6826169937849045 -0.475585475564003
v -0.06298850104212761 0.6894530057907104 -0.43847648799419403
v -0.06835950165987015 0.6796880066394806 -0.43261750042438507
v -0.05273450165987015 0.6884769946336746 -0.43457047641277313
v -0.06298850104212761 0.6894530057907104 -0.43847648799419403
v -0.032226502895355225 0.671875 -0.4833984822034836
v -0.06225550174713135 0.6787109971046448 -0.45410148799419403
v -0.06298850104212761 0.6894530057907104 -0.43847648799419403
v -0.03149450197815895 0.6826169937849045 -0.475585475564003
v -0.032226502895355225 0.671875 -0.4833984822034836
v 0.33300748467445374 0.4462889991700649 -0.39550749957561493
v -0.4111325144767761 0.8320310115814209 0.30371151864528656
v -0.4091795086860657 0.7119140028953552 0.30371151864528656
v -0.4091795086860657 0.8320310115814209 0.415039524435997
v -0.4111325144767761 0.8320310115814209 0.30371151864528656
v -0.4091795086860657 0.8320310115814209 0.415039524435997
v -0.2939454913139343 0.8320310115814209 0.30175749957561493
v -0.3349604904651642 0.26855500042438507 -0.3935544937849045
v 0.3310545086860657 0.26757800579071045 -0.39550749957561493
v 0.3310545086860657 0.26757800579071045 -0.34472648799419403
v -0.3349604904651642 0.26855500042438507 -0.3935544937849045
v -0.3349604904651642 0.3525390028953552 -0.39550749957561493
v 0.3310545086860657 0.26757800579071045 -0.39550749957561493
v -0.3330075144767761 0.26855500042438507 -0.34472648799419403
v 0.2919924855232239 0.833983987569809 0.446289524435997
v 0.4326174855232239 0.6611330062150955 -0.10839848965406418
v 0.42675748467445374 0.6611330062150955 -0.11669948697090149
v 0.4228515028953552 0.6289059966802597 -0.11914049088954926
v -0.0002135029062628746 0.7519530057907104 0.4072265177965164
v -0.03076150268316269 0.7412109971046448 0.4072265177965164
v -0.0002135029062628746 0.7519530057907104 0.4072265177965164
v -0.0004695028765127063 0.7490230053663254 0.37402351200580597
v -0.03076150268316269 0.7412109971046448 0.4072265177965164
v 0.0295414961874485 0.7402340024709702 0.40527351200580597
v 0.0295414961874485 0.7402340024709702 0.3720705062150955
v 0.0295414961874485 0.7402340024709702 0.40527351200580597
v -0.3330075144767761 0.5307620000094175 0.34667952358722687
v -0.3330075144767761 0.5306400004774332 0.39550749957561493
v 0.33300748467445374 0.5296630002558231 0.3447265177965164
v -0.3330075144767761 0.5307620000094175 0.34667952358722687
v 0.33300748467445374 0.5296630002558231 0.3447265177965164
v 0.3310545086860657 0.4462889991700649 0.3447265177965164
v -0.3330075144767761 0.44604500010609627 0.34667952358722687
v 0.2919924855232239 0.833983987569809 -0.4560544937849045
v 0.2900395095348358 0.833983987569809 -0.44824250042438507
v 0.2900395095348358 0.9042969942092896 -0.4560544937849045
v 0.2919924855232239 0.833983987569809 -0.4560544937849045
v 0.4462895095348358 0.833983987569809 -0.29199250042438507
v 0.2900395095348358 0.833983987569809 -0.44824250042438507
v 0.2919924855232239 0.833983987569809 -0.4560544937849045
v 0.2900395095348358 0.9042969942092896 -0.4560544937849045
v 0.4482424855232239 0.833983987569809 -0.4560544937849045
v 0.4482424855232239 0.833983987569809 -0.4560544937849045
v 0.3291015028953552 0.18945300579071045 0.352539524435997
v 0.3720704913139343 0.18945300579071045 -0.35253848135471344
v 0.3740234971046448 0.18945300579071045 0.35449250042438507
v 0.3271484971046448 0.18945300579071045 -0.350585475564003
v 0.3291015028953552 0.18945300579071045 0.352539524435997
v 0.3291015028953552 0.265625 0.352539524435997
v 0.3271484971046448 0.18945300579071045 -0.350585475564003
v -0.3974604904651642 0.7275390028953552 -0.32910148799419403
v -0.3974604904651642 0.7255859971046448 -0.39550749957561493
v 0.3994145095348358 0.7255859971046448 -0.39550749957561493
v -0.3974604904651642 0.7275390028953552 -0.32910148799419403
v 0.3994145095348358 0.7246090024709702 -0.3271484822034836
v 0.39746150374412537 0.818358987569809 -0.3310544937849045
v -0.3974604904651642 0.822266012430191 -0.3310544937849045
v 0.3994145095348358 0.7246090024709702 -0.3271484822034836
v -0.3955075144767761 0.19335898756980896 0.336914524435997
v -0.3974604904651642 0.19335898756980896 0.39746151864528656
v 0.39550748467445374 0.19335898756980896 0.33496151864528656
v 0.02148449793457985 0.7060550004243851 -0.41699250042438507
v 0.33300748467445374 0.5375979989767075 0.39550749957561493
v 0.33300748467445374 0.6176759973168373 0.39746151864528656
v -0.3349604904651642 0.5373539999127388 0.39550749957561493
v 0.33300748467445374 0.5375979989767075 0.39550749957561493
v -0.3349604904651642 0.5371089987456799 0.34667952358722687
v 0.3310545086860657 0.5371089987456799 0.3447265177965164
v -0.3349604904651642 0.5373539999127388 0.39550749957561493
v -0.09863249957561493 0.9492189884185791 -0.014282488264143467
v -0.06176750361919403 0.9492189884185791 -0.014099488034844398
v -0.09863249957561493 0.9199219942092896 -0.0145264882594347
v -0.09863249957561493 0.9492189884185791 -0.014282488264143467
v -0.09814450144767761 0.9492189884185791 0.011901511810719967
v -0.09619150310754776 0.9667969942092896 -0.015014488250017166
v -0.09619150310754776 0.9667969942092896 -0.015014488250017166
v -0.09863249957561493 0.9199219942092896 -0.0145264882594347
v -0.09814450144767761 0.9199219942092896 0.011657511815428734
v -0.0046995028387755156 0.6816409975290298 -0.4833984822034836
v -0.024291502311825752 0.6777340024709702 -0.46386750042438507
v -0.024291502311825752 0.6777340024709702 -0.46386750042438507
v -0.024047503247857094 0.6601559966802597 -0.4619144946336746
v 0.4501954913139343 0.9042969942092896 0.2939455062150955
v 0.4462895095348358 0.9042969942092896 -0.29394547641277313
v 0.4482424855232239 0.90625 0.29589851200580597
v 0.4501954913139343 0.9042969942092896 0.2939455062150955
v 0.4482424855232239 0.90625 0.29589851200580597
v 0.4482424855232239 0.8359380066394806 0.29589851200580597
v 0.4482424855232239 0.9042969942092896 -0.29394547641277313
v 0.4482424855232239 0.9042969942092896 -0.29394547641277313
v 0.3310545086860657 0.3525390028953552 -0.34472648799419403
v -0.3349604904651642 0.35351599752902985 -0.39550749957561493
v 0.3310545086860657 0.3525390028953552 -0.397460475564003
v -0.3349604904651642 0.35351599752902985 -0.34472648799419403
v -0.3271484971046448 0.822266012430191 0.38964851200580597
v -0.3271484971046448 0.8242189884185791 -0.38574250042438507
v -0.3759765028953552 0.8242189884185791 0.3916015177965164
v -0.3271484971046448 0.822266012430191 0.38964851200580597
v -0.3271484971046448 0.7451169937849045 0.3916015177965164
v -0.3271484971046448 0.7441409975290298 -0.38378848135471344
v -0.3271484971046448 0.8242189884185791 -0.38574250042438507
v -0.3271484971046448 0.4514160007238388 -0.34863249957561493
v -0.3271484971046448 0.5366210006177425 -0.34863249957561493
v -0.3271484971046448 0.45117200165987015 0.352539524435997
v -0.3271484971046448 0.4514160007238388 -0.34863249957561493
v -0.3271484971046448 0.45117200165987015 0.352539524435997
v -0.3740234971046448 0.45165999978780746 0.35449250042438507
v -0.3720704913139343 0.45165999978780746 -0.350585475564003
v 0.2939454913139343 0.8300780057907104 0.415039524435997
v 0.41113248467445374 0.8300780057907104 0.41699250042438507
v 0.2939454913139343 0.8320310115814209 0.30175749957561493
v 0.2939454913139343 0.8300780057907104 0.415039524435997
v 0.2939454913139343 0.7099609971046448 0.29980452358722687
v 0.2939454913139343 0.7109380066394806 0.415039524435997
v 0.2939454913139343 0.8300780057907104 0.415039524435997
v 0.2939454913139343 0.7109380066394806 0.415039524435997
v 0.41113248467445374 0.8300780057907104 0.41699250042438507
v 0.2939454913139343 0.8320310115814209 0.30175749957561493
v 0.4091795086860657 0.0976560115814209 -0.41503848135471344
v 0.2958984971046448 0.0976560115814209 -0.41699250042438507
v 0.2939454913139343 0.25 -0.41503848135471344
v 0.4091795086860657 0.0976560115814209 -0.41503848135471344
v 0.4091795086860657 0.24804699420928955 -0.41503848135471344
v 0.4091795086860657 0.0976560115814209 -0.303710475564003
v 0.4091795086860657 0.24804699420928955 -0.41503848135471344
v 0.4091795086860657 0.0976560115814209 -0.41503848135471344
v 0.4091795086860657 0.0976560115814209 -0.303710475564003
v 0.2958984971046448 0.0976560115814209 -0.41699250042438507
v -0.019287502393126488 0.6904300004243851 0.40527351200580597
v -0.00044250290375202894 0.6826169937849045 0.4130855053663254
v -0.019042503088712692 0.6894530057907104 0.415039524435997
v 0.0005034970818087459 0.6816409975290298 0.4072265177965164
v -0.019287502393126488 0.6904300004243851 0.40527351200580597
v -0.019042503088712692 0.6894530057907104 0.415039524435997
v -0.025878502056002617 0.7070309966802597 0.40527351200580597
v -0.3349604904651642 0.26757800579071045 0.39550749957561493
v 0.33300748467445374 0.3515619933605194 0.39550749957561493
v -0.3330075144767761 0.3525390028953552 0.39550749957561493
v -0.3349604904651642 0.26757800579071045 0.39550749957561493
v -0.3349604904651642 0.2695309966802597 0.34667952358722687
v 0.33300748467445374 0.26855500042438507 0.39550749957561493
v 0.33300748467445374 0.26855500042438507 0.39550749957561493
v 0.3271484971046448 0.7490230053663254 -0.12207049131393433
v 0.3271484971046448 0.6923830062150955 -0.12304648756980896
v 0.3701174855232239 0.75 -0.12158148735761642
v 0.3271484971046448 0.7490230053663254 -0.12207049131393433
v 0.3701174855232239 0.75 -0.12158148735761642
v 0.3251954913139343 0.75 -0.36425749957561493
v 0.3271484971046448 0.7490230053663254 -0.12207049131393433
v 0.3251954913139343 0.6923830062150955 -0.3583984822034836
v 0.3271484971046448 0.6923830062150955 -0.12304648756980896
v 0.3251954913139343 0.75 -0.36425749957561493
v 0.04663049802184105 0.6796880066394806 0.43652351200580597
v 0.04541049525141716 0.6865230053663254 0.4384765177965164
v 0.060546498745679855 0.6806640028953552 0.4443355053663254
v 0.06201149523258209 0.671875 0.44042952358722687
v 0.04980449751019478 0.6689449995756149 0.4345705062150955
v -0.4501954913139343 0.9042969942092896 -0.29394547641277313
v -0.44824251532554626 0.90625 -0.4560544937849045
v -0.4501954913139343 0.9042969942092896 -0.45410148799419403
v -0.3955075144767761 0.19335898756980896 -0.33300749957561493
v 0.39550748467445374 0.19335898756980896 -0.397460475564003
v 0.39746150374412537 0.19335898756980896 -0.40136750042438507
v 0.39550748467445374 0.1914060115814209 -0.33300749957561493
v -0.3974604904651642 0.19335898756980896 -0.397460475564003
v -0.3955075144767761 0.19335898756980896 -0.33300749957561493
v -0.3974604904651642 0.109375 -0.33300749957561493
v 0.39550748467445374 0.109375 -0.33300749957561493
v 0.39550748467445374 0.1914060115814209 -0.33300749957561493
v 0.01940949633717537 0.7070309966802597 0.42089851200580597
v 0.017822496592998505 0.6904300004243851 0.4130855053663254
v 0.024780496954917908 0.7070309966802597 0.415039524435997
v 0.012817497365176678 0.7207030057907104 0.4189455062150955
v 0.015014497563242912 0.6953119933605194 0.4189455062150955
v 0.01940949633717537 0.7070309966802597 0.42089851200580597
v -0.0013045028899796307 0.7080080062150955 0.4228515177965164
v 0.015014497563242912 0.6953119933605194 0.4189455062150955
v 0.012817497365176678 0.7207030057907104 0.4189455062150955
v 0.3271484971046448 0.5368649996817112 0.352539524435997
v 0.3251954913139343 0.5378420017659664 -0.350585475564003
v 0.3271484971046448 0.4523929990828037 -0.350585475564003
v 0.3271484971046448 0.5368649996817112 0.352539524435997
v -0.1562495082616806 0.9140619933605194 0.04809551313519478
v 0.16210949420928955 0.912108987569809 0.04858451336622238
v 0.16894549131393433 0.912108987569809 -0.04980448633432388
v -0.15917950868606567 0.9140619933605194 -0.05224648863077164
v -0.1796875 0.912108987569809 -0.02185048721730709
v -0.1562495082616806 0.9140619933605194 0.04809551313519478
v -0.16601550579071045 0.890625 0.05810551345348358
v 0.16210949420928955 0.912108987569809 0.04858451336622238
v -0.17773450911045074 0.912108987569809 0.019043512642383575
v -0.1562495082616806 0.9140619933605194 0.04809551313519478
v -0.17773450911045074 0.912108987569809 0.019043512642383575
v -0.16601550579071045 0.890625 0.05810551345348358
v -0.04101550206542015 0.6621090024709702 0.4501955062150955
v -0.024047503247857094 0.6591800004243851 0.461914524435997
v -0.05541950464248657 0.6601559966802597 0.45800749957561493
v -0.055175501853227615 0.6689449995756149 0.430664524435997
v 0.4091795086860657 0.8300780057907104 -0.30175749957561493
v 0.41113248467445374 0.8300780057907104 -0.413085475564003
v 0.2919924855232239 0.8300780057907104 -0.303710475564003
v 0.4091795086860657 0.8300780057907104 -0.30175749957561493
v 0.4091795086860657 0.7109380066394806 -0.30175749957561493
v 0.41113248467445374 0.8300780057907104 -0.413085475564003
v 0.4091795086860657 0.8300780057907104 -0.30175749957561493
v 0.2939454913139343 0.7109380066394806 -0.30175749957561493
v 0.4091795086860657 0.7109380066394806 -0.30175749957561493
v 0.2919924855232239 0.8300780057907104 -0.303710475564003
v 0.2998045086860657 0.0 0.305664524435997
v 0.2978515028953552 0.8613280057907104 0.30371151864528656
v 0.4033204913139343 0.0 0.305664524435997
v 0.2998045086860657 0.0 0.305664524435997
v 0.30175748467445374 0.0 0.4072265177965164
v 0.2978515028953552 0.8613280057907104 0.40917952358722687
v 0.2978515028953552 0.8613280057907104 0.30371151864528656
v -0.3349604904651642 0.7177730053663254 -0.39550749957561493
v 0.3310545086860657 0.6196290031075478 -0.39550749957561493
v -0.3330075144767761 0.6186520010232925 -0.39550749957561493
v -0.3349604904651642 0.7177730053663254 -0.39550749957561493
v -0.3330075144767761 0.7177730053663254 -0.34472648799419403
v 0.3291015028953552 0.7167969942092896 -0.397460475564003
v 0.3291015028953552 0.7167969942092896 -0.397460475564003
v -0.3291015028953552 0.6186520010232925 0.35449250042438507
v -0.3271484971046448 0.6181640028953552 -0.350585475564003
v -0.3271484971046448 0.6923830062150955 -0.34863249957561493
v -0.3291015028953552 0.6186520010232925 0.35449250042438507
v -0.3740234971046448 0.6186520010232925 0.352539524435997
v -0.3271484971046448 0.6181640028953552 -0.350585475564003
v -0.3291015028953552 0.6914059966802597 0.35449250042438507
v 0.2900395095348358 0.9042969942092896 -0.45019547641277313
v 0.2919924855232239 0.9042969942092896 -0.29003848135471344
v 0.2900395095348358 0.833983987569809 -0.44824250042438507
v 0.2900395095348358 0.9042969942092896 -0.45019547641277313
v 0.2900395095348358 0.9023439884185791 -0.4521484822034836
v -0.29003849625587463 0.9042969942092896 -0.44824250042438507
v 0.2919924855232239 0.8359380066394806 -0.4521484822034836
v 0.2900395095348358 0.9023439884185791 -0.4521484822034836
v 0.2900395095348358 0.9042969942092896 -0.45019547641277313
v -0.29003849625587463 0.9042969942092896 -0.44824250042438507
v -0.29199251532554626 0.90625 -0.29199250042438507
v 0.2919924855232239 0.9042969942092896 -0.29003848135471344
v 0.3720704913139343 0.3525390028953552 0.35449250042438507
v -0.0011515028891153634 0.7490230053663254 -0.37207047641277313
v 0.029052497819066048 0.7402340024709702 -0.40722648799419403
v -0.000602502899710089 0.7519530057907104 -0.40722648799419403
v -0.031005503609776497 0.7392580062150955 -0.37207047641277313
v 0.02868649736046791 0.7392580062150955 -0.3740234822034836
v -0.3291015028953552 0.109375 -0.39160148799419403
v -0.3291015028953552 0.1914060115814209 0.39550749957561493
v -0.3291015028953552 0.109375 0.39550749957561493
v -0.3291015028953552 0.109375 -0.39160148799419403
v -0.3291015028953552 0.109375 0.39550749957561493
v -0.3779295086860657 0.10742199420928955 -0.39550749957561493
v -0.3291015028953552 0.1914060115814209 -0.3896484822034836
v 0.3310545086860657 0.7177730053663254 0.3447265177965164
v 0.3310545086860657 0.6201170012354851 0.34667952358722687
v -0.33886751532554626 0.7197269946336746 0.34863249957561493
v 0.3310545086860657 0.7177730053663254 0.3447265177965164
v -0.3349604904651642 0.7177730053663254 0.39550749957561493
v 0.33300748467445374 0.7167969942092896 0.39550749957561493
v -0.33886751532554626 0.7197269946336746 0.34863249957561493
v 0.3759765028953552 0.6289059966802597 -0.10058549046516418
v 0.39550748467445374 0.6289059966802597 -0.1289064884185791
v 0.3994145095348358 0.6289059966802597 -0.10058549046516418
v 0.3759765028953552 0.6289059966802597 -0.10058549046516418
v 0.3994145095348358 0.6621090024709702 -0.10107448697090149
v 0.3740234971046448 0.6621090024709702 -0.10058549046516418
v 0.3994145095348358 0.6289059966802597 -0.10058549046516418
v 0.3740234971046448 0.6289059966802597 -0.1289064884185791
v -0.44824251532554626 0.8359380066394806 0.45605452358722687
v -0.4501954913139343 0.8359380066394806 0.45214851200580597
v -0.29199251532554626 0.8359380066394806 0.4541015177965164
v -0.44824251532554626 0.8359380066394806 0.45605452358722687
v -0.44824251532554626 0.9042969942092896 0.45605452358722687
v -0.4501954913139343 0.8359380066394806 0.45214851200580597
v -0.44824251532554626 0.8359380066394806 0.45605452358722687
v -0.29199251532554626 0.8359380066394806 0.4541015177965164
v -0.44824251532554626 0.9042969942092896 0.45605452358722687
v -0.3720704913139343 0.5383299998939037 -0.34863249957561493
v -0.3740234971046448 0.5383299998939037 0.35449250042438507
v -0.3291015028953552 0.5356450006365776 0.35449250042438507
v -0.3720704913139343 0.5383299998939037 -0.34863249957561493
v -0.3720704913139343 0.45165999978780746 -0.350585475564003
v -0.3740234971046448 0.5383299998939037 0.35449250042438507
v -0.3271484971046448 0.5366210006177425 -0.34863249957561493
v 0.059326495975255966 0.9667969942092896 0.011718511581420898
v 0.059326495975255966 0.9667969942092896 0.011718511581420898
v 0.0781254991889 0.9960939884185791 0.011901511810719967
v 0.06494149565696716 1.0 0.011779512278735638
v 0.059326495975255966 0.9667969942092896 0.011718511581420898
v 0.058593496680259705 0.9667969942092896 -0.015136487782001495
v 0.06298849731683731 0.958983987569809 0.011657511815428734
v 0.09228549897670746 0.984375 0.011352512054145336
v 0.06298849731683731 0.958983987569809 0.011657511815428734
v 0.36621150374412537 0.14648398756980896 -0.35449250042438507
v 0.36621150374412537 0.14648398756980896 -0.35449250042438507
v 0.36621150374412537 0.14648398756980896 0.3564455062150955
v 0.36621150374412537 0.1054689884185791 0.3564455062150955
v 0.36621150374412537 0.1054689884185791 -0.35449250042438507
v 0.36621150374412537 0.14648398756980896 -0.35449250042438507
v 0.17089849710464478 0.14648398756980896 -0.35449250042438507
v 0.36621150374412537 0.14648398756980896 0.3564455062150955
v -0.050781503319740295 0.6875 0.4345705062150955
v -0.050781503319740295 0.6875 0.4345705062150955
v -0.051025502383708954 0.6796880066394806 0.430664524435997
v -0.06225550174713135 0.6875 0.4345705062150955
v -0.06225550174713135 0.6875 0.4345705062150955
v -0.050781503319740295 0.6875 0.4345705062150955
v -0.046874504536390305 0.6835940033197403 0.4501955062150955
v -0.051025502383708954 0.6796880066394806 0.430664524435997
v -0.0002825029077939689 0.6650390028953552 0.3720705062150955
v 0.02990749664604664 0.6738280057907104 0.40527351200580597
v 0.02990749664604664 0.6738280057907104 0.40527351200580597
v 0.4501954913139343 0.833983987569809 -0.29394547641277313
v 0.4501954913139343 0.833983987569809 -0.45410148799419403
v 0.4501954913139343 0.9042969942092896 -0.29394547641277313
v 0.4501954913139343 0.833983987569809 -0.29394547641277313
v 0.4501954913139343 0.833983987569809 -0.29394547641277313
v 0.4501954913139343 0.9042969942092896 -0.29394547641277313
v 0.4462895095348358 0.833983987569809 -0.29199250042438507
v 0.4501954913139343 0.833983987569809 -0.45410148799419403
v 0.05004849657416344 0.6767580062150955 0.46386750042438507
v 0.04638649895787239 0.6621090024709702 0.461914524435997
v 0.06201149523258209 0.671875 0.44042952358722687
v 0.05004849657416344 0.6767580062150955 0.46386750042438507
v 0.04418949782848358 0.6855469942092896 0.46386750042438507
v 0.023071497678756714 0.6826169937849045 0.47949250042438507
v 0.02429249696433544 0.671875 0.48339851200580597
v 0.04638649895787239 0.6621090024709702 0.461914524435997
v 0.060546498745679855 0.6806640028953552 0.4443355053663254
v 0.04418949782848358 0.6855469942092896 0.46386750042438507
v -0.08789050579071045 0.9863280057907104 -0.01507548801600933
v -0.09521450102329254 0.9667969942092896 0.012329512275755405
v -0.08837850391864777 0.984375 0.01202351227402687
v -0.08789050579071045 0.9863280057907104 -0.01507548801600933
v -0.08837850391864777 0.984375 0.01202351227402687
v -0.07373050600290298 0.9980469942092896 -0.01519748754799366
v -0.3974604904651642 0.109375 0.39746151864528656
v 0.39550748467445374 0.109375 0.399414524435997
v 0.39550748467445374 0.19335898756980896 0.399414524435997
v -0.3974604904651642 0.19335898756980896 0.39746151864528656
v 0.3701174855232239 0.6923830062150955 -0.12207049131393433
v 0.3740234971046448 0.43774399906396866 0.33496151864528656
v 0.3271484971046448 0.43774399906396866 -0.334960475564003
v 0.3271484971046448 0.43774399906396866 0.33496151864528656
v 0.3740234971046448 0.43774399906396866 0.33496151864528656
v 0.3720704913139343 0.3525390028953552 0.33496151864528656
v 0.3720704913139343 0.43774399906396866 -0.334960475564003
v 0.3720704913139343 0.43774399906396866 -0.334960475564003
v -0.02014150284230709 0.7255859971046448 -0.41503848135471344
v -0.001449502888135612 0.7333980053663254 -0.413085475564003
v -0.001121502893511206 0.7294919937849045 -0.41699250042438507
v -0.02014150284230709 0.7255859971046448 -0.41503848135471344
v -0.0264895036816597 0.7070309966802597 -0.40722648799419403
v -0.019775502383708954 0.7255859971046448 -0.40722648799419403
v -0.0264895036816597 0.7070309966802597 -0.41503848135471344
v -0.015869502909481525 0.7207030057907104 -0.41894547641277313
v -0.02014150284230709 0.7255859971046448 -0.41503848135471344
v -0.019775502383708954 0.7255859971046448 -0.40722648799419403
v -0.001449502888135612 0.7333980053663254 -0.413085475564003
v -0.0264895036816597 0.7070309966802597 -0.41503848135471344
v -0.3330075144767761 0.6176759973168373 -0.34472648799419403
v 0.33300748467445374 0.6171879991889 -0.39550749957561493
v -0.3349604904651642 0.6181640028953552 -0.39550749957561493
v -0.3330075144767761 0.6176759973168373 -0.34472648799419403
v -0.3349604904651642 0.5371089987456799 -0.34472648799419403
v 0.3310545086860657 0.6166990026831627 -0.34472648799419403
v 0.3310545086860657 0.6166990026831627 -0.34472648799419403
v 0.4033204913139343 0.8613280057907104 0.305664524435997
v 0.2978515028953552 0.8613280057907104 0.30371151864528656
v 0.4033204913139343 0.8613280057907104 0.4072265177965164
v 0.4033204913139343 0.8613280057907104 0.305664524435997
v 0.2978515028953552 0.8613280057907104 0.40917952358722687
v 0.02355949766933918 0.6572269946336746 -0.47753848135471344
v 0.017822496592998505 0.6611330062150955 -0.46386750042438507
v -0.0037235028576105833 0.6552730053663254 -0.48144547641277313
v 0.04541049525141716 0.6621090024709702 -0.4619144946336746
v 0.03393549844622612 0.6621090024709702 -0.4521484822034836
v 0.02355949766933918 0.6572269946336746 -0.47753848135471344
v -0.004913502838462591 0.6708980053663254 -0.48925749957561493
v 0.023193497210741043 0.671875 -0.48535148799419403
v 0.04541049525141716 0.6621090024709702 -0.4619144946336746
v -0.0037235028576105833 0.6552730053663254 -0.48144547641277313
v -0.4443354904651642 0.8359380066394806 0.29589851200580597
v -0.44824251532554626 0.837891012430191 0.29589851200580597
v -0.44824251532554626 0.8359380066394806 -0.29394547641277313
v -0.29003849625587463 0.8359380066394806 -0.29394547641277313
v -0.2880854904651642 0.8359380066394806 0.2939455062150955
v -0.3720704913139343 0.5385739989578724 -0.350585475564003
v -0.3291015028953552 0.5380860008299351 -0.350585475564003
v -0.3720704913139343 0.5395510010421276 0.35449250042438507
v 0.01855449751019478 0.7246090024709702 0.4130855053663254
v 0.01525849662721157 0.7216800004243851 0.41699250042438507
v 0.024780496954917908 0.7070309966802597 0.415039524435997
v 0.01855449751019478 0.7246090024709702 0.4130855053663254
v 0.02453649789094925 0.7050780057907104 0.40527351200580597
v 0.01855449751019478 0.7246090024709702 0.4130855053663254
v 0.01831049658358097 0.7255859971046448 0.40527351200580597
v -0.0003435029066167772 0.7333980053663254 0.4130855053663254
v 0.01831049658358097 0.7255859971046448 0.40527351200580597
v 0.0003664970863610506 0.7304690033197403 0.41699250042438507
v 0.0003664970863610506 0.7304690033197403 0.41699250042438507
v 0.3310545086860657 0.18945300579071045 -0.39550749957561493
v -0.3349604904651642 0.18945300579071045 -0.39550749957561493
v -0.3349604904651642 0.2646480053663254 -0.39550749957561493
v 0.3310545086860657 0.18945300579071045 -0.39550749957561493
v 0.3310545086860657 0.18945300579071045 -0.3466794937849045
v -0.3349604904651642 0.18945300579071045 -0.39550749957561493
v 0.33300748467445374 0.26367199420928955 -0.39550749957561493
v -0.3271484971046448 0.7490230053663254 0.12207051366567612
v -0.3271484971046448 0.6914059966802597 0.3603515177965164
v -0.3271484971046448 0.6914059966802597 0.12255851179361343
v -0.3271484971046448 0.7490230053663254 0.12207051366567612
v -0.3720704913139343 0.7480469942092896 0.12304650992155075
v -0.3251954913139343 0.7490230053663254 0.3603515177965164
v -0.3271484971046448 0.7490230053663254 0.12207051366567612
v -0.3271484971046448 0.6914059966802597 0.12255851179361343
v -0.3720704913139343 0.7480469942092896 0.12304650992155075
v -0.3251954913139343 0.7490230053663254 0.3603515177965164
v -0.03051750361919403 0.65625 0.4755855053663254
v -0.00308250286616385 0.6767580062150955 0.4697265177965164
v -0.0022505029337480664 0.6591800004243851 0.46777351200580597
v -0.0022505029337480664 0.6591800004243851 0.46777351200580597
v 0.3701174855232239 0.7490230053663254 -0.3681644946336746
v 0.3701174855232239 0.75 -0.12158148735761642
v 0.3271484971046448 0.6191409975290298 0.352539524435997
v 0.3251954913139343 0.6923830062150955 -0.350585475564003
v 0.3251954913139343 0.6191409975290298 -0.350585475564003
v 0.3271484971046448 0.6923830062150955 0.352539524435997
v 0.3271484971046448 0.6191409975290298 0.352539524435997
v 0.3701174855232239 0.6181640028953552 -0.350585475564003
v 0.3720704913139343 0.6181640028953552 0.352539524435997
v 0.3251954913139343 0.6191409975290298 -0.350585475564003
v -0.37011751532554626 0.8457030057907104 -0.3740234822034836
v 0.3681645095348358 0.8457030057907104 -0.37207047641277313
v 0.3701174855232239 0.10742199420928955 -0.3740234822034836
v -0.37011751532554626 0.1054689884185791 -0.37207047641277313
v -0.37011751532554626 0.1054689884185791 0.3564455062150955
v -0.3681645095348358 0.1054689884185791 -0.35449250042438507
v -0.17773450911045074 0.1054689884185791 -0.35253848135471344
v -0.37011751532554626 0.1054689884185791 0.3564455062150955
v -0.17871050536632538 0.10351601243019104 0.3564455062150955
v -0.37011751532554626 0.1054689884185791 0.3564455062150955
v -0.17871050536632538 0.10351601243019104 0.3564455062150955
v -0.3681645095348358 0.1445310115814209 0.3564455062150955
v 0.33300748467445374 0.4384769983589649 0.39355452358722687
v -0.3349604904651642 0.44043000042438507 0.39550749957561493
v -0.3349604904651642 0.35351599752902985 0.39550749957561493
v 0.33300748467445374 0.35351599752902985 0.39550749957561493
v 0.33300748467445374 0.4384769983589649 0.39355452358722687
v 0.33300748467445374 0.43994100019335747 0.3447265177965164
v -0.3349604904651642 0.44043000042438507 0.39550749957561493
v -0.06176750361919403 0.9492189884185791 -0.014099488034844398
v -0.06005850434303284 0.9570310115814209 0.012573512271046638
v -0.061279501765966415 0.9199219942092896 -0.014343488030135632
v -0.05493150278925896 0.6621090024709702 -0.45800749957561493
v -0.041503503918647766 0.6621090024709702 -0.45019547641277313
v -0.05541950464248657 0.6699219942092896 -0.4306644946336746
v -0.05493150278925896 0.6621090024709702 -0.45800749957561493
v -0.06933550536632538 0.671875 -0.43261750042438507
v -0.05493150278925896 0.6621090024709702 -0.45800749957561493
v -0.06225550174713135 0.6787109971046448 -0.45410148799419403
v -0.032226502895355225 0.6572269946336746 -0.475585475564003
v -0.06933550536632538 0.671875 -0.43261750042438507
v -0.024047503247857094 0.6601559966802597 -0.4619144946336746
v -0.032226502895355225 0.6572269946336746 -0.475585475564003
v 0.2880854904651642 0.890625 0.14648450911045074
v 0.2880854904651642 0.84375 -0.0011294879950582981
v 0.28613248467445374 0.890625 -0.0014534879883285612
v 0.2880854904651642 0.890625 0.14648450911045074
v 0.28613248467445374 0.890625 -0.0014534879883285612
v -0.2880854904651642 0.8925780057907104 0.14746151864528656
v 0.2880854904651642 0.890625 0.14648450911045074
v -0.2880854904651642 0.8925780057907104 0.14746151864528656
v 0.2900395095348358 0.84375 0.14746151864528656
v 0.2900395095348358 0.84375 0.14746151864528656
v 0.3251954913139343 0.265625 -0.350585475564003
v 0.3720704913139343 0.2666019946336746 0.3564455062150955
v 0.3720704913139343 0.265625 -0.35253848135471344
v 0.3251954913139343 0.265625 -0.350585475564003
v 0.3291015028953552 0.265625 0.352539524435997
v -0.3759765028953552 0.7441409975290298 0.3916015177965164
v -0.3759765028953552 0.8242189884185791 0.3916015177965164
v -0.3740234971046448 0.8242189884185791 -0.38378848135471344
v -0.3759765028953552 0.7441409975290298 -0.38574250042438507
v -0.3759765028953552 0.7441409975290298 0.3916015177965164
v -0.3759765028953552 0.7441409975290298 -0.38574250042438507
v -0.3271484971046448 0.7451169937849045 0.3916015177965164
v -0.3740234971046448 0.2666019946336746 -0.350585475564003
v -0.3740234971046448 0.18945300579071045 -0.35253848135471344
v -0.3740234971046448 0.26757800579071045 0.35449250042438507
v 0.04565449804067612 0.7060550004243851 0.4072265177965164
v 0.04565449804067612 0.7060550004243851 0.4072265177965164
v 0.04418949782848358 0.7070309966802597 0.3720705062150955
v 0.0295414961874485 0.7402340024709702 0.40527351200580597
v 0.02990749664604664 0.6738280057907104 0.40527351200580597
v 0.029296496883034706 0.6748050004243851 0.3720705062150955
v 0.41113248467445374 0.6611330062150955 -0.09667948633432388
v 0.41113248467445374 0.6289059966802597 -0.09619148820638657
v 0.4150395095348358 0.6611330062150955 -0.08984348922967911
v 0.41113248467445374 0.6611330062150955 -0.09667948633432388
v 0.41113248467445374 0.6289059966802597 -0.09619148820638657
v 0.4052734971046448 0.6611330062150955 -0.09960948675870895
v 0.4150395095348358 0.6611330062150955 -0.08984348922967911
v -0.29199251532554626 0.9042969942092896 0.45214851200580597
v -0.29003849625587463 0.9042969942092896 0.44824250042438507
v 0.029296496883034706 0.6748050004243851 0.3720705062150955
v 0.4501954913139343 0.833983987569809 -0.45410148799419403
v 0.4462895095348358 0.9042969942092896 -0.45800749957561493
v 0.4501954913139343 0.9042969942092896 -0.45410148799419403
v 0.4501954913139343 0.9042969942092896 -0.45410148799419403
v 0.3271484971046448 0.10742199420928955 0.39550749957561493
v 0.3271484971046448 0.10742199420928955 -0.39550749957561493
v 0.3779295086860657 0.10742199420928955 0.399414524435997
v -0.2939454913139343 0.7109380066394806 -0.2998044937849045
v -0.29199251532554626 0.8320310115814209 -0.2998044937849045
v -0.4091795086860657 0.7109380066394806 -0.30175749957561493
v -0.2939454913139343 0.7109380066394806 -0.2998044937849045
v -0.4091795086860657 0.7109380066394806 -0.30175749957561493
v -0.4111325144767761 0.7109380066394806 -0.41503848135471344
v -0.2939454913139343 0.7109380066394806 -0.413085475564003
v -0.2939454913139343 0.7109380066394806 -0.2998044937849045
v -0.2939454913139343 0.7109380066394806 -0.413085475564003
v -0.29199251532554626 0.8300780057907104 -0.413085475564003
v -0.29199251532554626 0.8320310115814209 -0.2998044937849045
v -0.3291015028953552 0.6914059966802597 0.35449250042438507
v -0.3740234971046448 0.6914059966802597 -0.34863249957561493
v -0.3759765028953552 0.6923830062150955 0.35449250042438507
v -0.3271484971046448 0.6923830062150955 -0.34863249957561493
v 0.2919924855232239 0.9042969942092896 -0.29003848135471344
v -0.29199251532554626 0.833983987569809 -0.29003848135471344
v 0.2900395095348358 0.8359380066394806 -0.29003848135471344
v 0.2900395095348358 0.8359380066394806 -0.29003848135471344
v -0.29199251532554626 0.90625 -0.29199250042438507
v 0.41113248467445374 0.6279300004243851 0.0898435115814209
v 0.4130854904651642 0.6279300004243851 0.08544950932264328
v 0.4169924855232239 0.6611330062150955 0.0859375149011612
v 0.4130854904651642 0.6289059966802597 -0.09130848944187164
v -0.0046995028387755156 0.6816409975290298 -0.4833984822034836
v -0.03149450197815895 0.6826169937849045 -0.475585475564003
v -0.3330075144767761 0.18945300579071045 -0.3466794937849045
v -0.3330075144767761 0.18945300579071045 -0.3466794937849045
v 0.3310545086860657 0.2646480053663254 -0.34472648799419403
v -0.3330075144767761 0.265625 -0.3427734822034836
v 0.3310545086860657 0.18945300579071045 -0.3466794937849045
v 0.3271484971046448 0.7460940033197403 0.3916015177965164
v 0.3271484971046448 0.7451169937849045 -0.38378848135471344
v 0.3740234971046448 0.7441409975290298 -0.38378848135471344
v 0.3759765028953552 0.7441409975290298 0.39355452358722687
v -0.0034485028591006994 0.6591800004243851 -0.4677734822034836
v 0.03393549844622612 0.6621090024709702 -0.4521484822034836
v -0.44824251532554626 0.837891012430191 0.29589851200580597
v -0.44824251532554626 0.8359380066394806 -0.29394547641277313
v -0.4091795086860657 0.0976560115814209 0.415039524435997
v -0.2958984971046448 0.09570300579071045 0.415039524435997
v -0.2939454913139343 0.25 0.415039524435997
v -0.4091795086860657 0.0976560115814209 0.415039524435997
v -0.4091795086860657 0.0976560115814209 0.415039524435997
v -0.4091795086860657 0.24804699420928955 0.415039524435997
v -0.4091795086860657 0.0976560115814209 0.305664524435997
v -0.4091795086860657 0.24804699420928955 0.415039524435997
v 0.10205049812793732 0.9179689884185791 -0.014099488034844398
v 0.10205049812793732 0.9492189884185791 -0.014892487786710262
v 0.1015625 0.9511719942092896 0.012207511812448502
v 0.10205049812793732 0.9179689884185791 -0.014099488034844398
v 0.06445349752902985 0.9199219942092896 -0.014221487566828728
v 0.10205049812793732 0.9492189884185791 -0.014892487786710262
v 0.10253949463367462 0.9199219942092896 0.011535512283444405
v 0.3310545086860657 0.5371089987456799 0.3447265177965164
v -0.3330075144767761 0.6176759973168373 0.34667952358722687
v 0.33300748467445374 0.6186520010232925 0.3447265177965164
v -0.3349604904651642 0.5371089987456799 0.34667952358722687
v -0.29199251532554626 0.90625 -0.29199250042438507
v -0.0014875028864480555 0.6826169937849045 -0.4052734822034836
v -0.02026350237429142 0.6904300004243851 -0.40722648799419403
v 0.016479497775435448 0.6904300004243851 -0.40722648799419403
v 0.4482424855232239 0.90625 0.45214851200580597
v 0.4462895095348358 0.90625 0.45800749957561493
v 0.4462895095348358 0.8359380066394806 0.45605452358722687
v 0.4482424855232239 0.90625 0.45214851200580597
v 0.4501954913139343 0.90625 0.2939455062150955
v 0.4462895095348358 0.90625 0.45800749957561493
v 0.3310545086860657 0.3515619933605194 -0.39550749957561493
v -0.2880854904651642 0.8417969942092896 0.1523435115814209
v -0.2880854904651642 0.8925780057907104 0.1523435115814209
v 0.28613248467445374 0.890625 0.15136751532554626
v 0.2880854904651642 0.8417969942092896 0.1523435115814209
v -0.2880854904651642 0.8417969942092896 0.1523435115814209
v -0.29003849625587463 0.8417969942092896 0.2822265177965164
v -0.2880854904651642 0.8925780057907104 0.1523435115814209
v -0.3349604904651642 0.35351599752902985 -0.39550749957561493
v -0.3349604904651642 0.4401860013604164 -0.39550749957561493
v 0.3310545086860657 0.3525390028953552 -0.397460475564003
v 0.16992150247097015 0.890625 0.057861510664224625
v 0.19824250042438507 0.890625 0.02270551212131977
v 0.18164049088954926 0.9140619933605194 0.019287511706352234
v 0.16992150247097015 0.890625 0.057861510664224625
v 0.16210949420928955 0.912108987569809 0.04858451336622238
v 0.4052734971046448 0.0 -0.3056644946336746
v 0.4033204913139343 0.859375 -0.303710475564003
v 0.2998045086860657 0.0 -0.303710475564003
v 0.4052734971046448 0.0 -0.3056644946336746
v 0.2998045086860657 0.0 -0.303710475564003
v 0.4052734971046448 0.0 -0.41113249957561493
v 0.016723496839404106 0.6777340024709702 0.4658205062150955
v 0.04418949782848358 0.6855469942092896 0.46386750042438507
v 0.03466849774122238 0.6816409975290298 0.4541015177965164
v 0.023071497678756714 0.6826169937849045 0.47949250042438507
v 0.016723496839404106 0.6777340024709702 0.4658205062150955
v -0.00308250286616385 0.6767580062150955 0.4697265177965164
v -0.3330075144767761 0.18945300579071045 0.34667952358722687
v 0.3310545086860657 0.18945300579071045 0.3447265177965164
v 0.3310545086860657 0.18945300579071045 0.39550749957561493
v -0.3349604904651642 0.18945300579071045 0.39550749957561493
v -0.3330075144767761 0.18945300579071045 0.34667952358722687
v 0.024169497191905975 0.6572269946336746 0.477539524435997
v 0.06201149523258209 0.671875 0.44042952358722687
v -0.2880854904651642 0.890625 -0.15039049088954926
v -0.29003849625587463 0.8417969942092896 -0.0020904879784211516
v -0.2861325144767761 0.8925780057907104 -0.003311488078907132
v -0.29003849625587463 0.8417969942092896 -0.15136748552322388
v -0.37011751532554626 0.6923830062150955 0.12304650992155075
v -0.37011751532554626 0.6923830062150955 0.12304650992155075
v -0.3720704913139343 0.7490230053663254 0.36425749957561493
v -0.3720704913139343 0.7480469942092896 0.12304650992155075
v -0.37011751532554626 0.6923830062150955 0.36425749957561493
v 0.2900395095348358 0.9023439884185791 -0.4521484822034836
v 0.2919924855232239 0.8359380066394806 -0.4521484822034836
v -0.29199251532554626 0.9023439884185791 -0.4521484822034836
v 0.2900395095348358 0.9023439884185791 -0.4521484822034836
v -0.29199251532554626 0.9023439884185791 -0.4521484822034836
v -0.29003849625587463 0.9042969942092896 -0.44824250042438507
v 0.3720704913139343 0.2666019946336746 0.3564455062150955
v 0.3740234971046448 0.18945300579071045 0.35449250042438507
v 0.3720704913139343 0.265625 -0.35253848135471344
v -0.04711950197815895 0.7060550004243851 -0.40722648799419403
v -0.0001225029118359089 0.7050780057907104 -0.413085475564003
v -0.031005503609776497 0.6728519946336746 -0.40722648799419403
v -0.031249502673745155 0.7402340024709702 -0.40722648799419403
v -0.04711950197815895 0.7060550004243851 -0.40722648799419403
v -0.031005503609776497 0.6728519946336746 -0.40722648799419403
v -0.031005503609776497 0.6748050004243851 -0.37207047641277313
v -0.04589850455522537 0.7070309966802597 -0.37207047641277313
v -0.031249502673745155 0.7402340024709702 -0.40722648799419403
v -0.17382849752902985 0.14257800579071045 -0.35449250042438507
v -0.17382849752902985 0.10351601243019104 -0.35253848135471344
v -0.17382849752902985 0.14257800579071045 -0.35449250042438507
v 0.16699250042438507 0.10351601243019104 -0.35449250042438507
v 0.4228515028953552 0.6611330062150955 0.11914051324129105
v 0.4228515028953552 0.6611330062150955 0.11914051324129105
v 0.4228515028953552 0.6289059966802597 0.11669950932264328
v 0.4130854904651642 0.6298830062150955 -0.12597648799419403
v 0.39550748467445374 0.6289059966802597 -0.1289064884185791
v 0.3740234971046448 0.6621090024709702 -0.1289064884185791
v 0.39746150374412537 0.6611330062150955 -0.12988248467445374
v 0.3740234971046448 0.6289059966802597 -0.1289064884185791
v -0.2939454913139343 0.8320310115814209 0.415039524435997
v -0.2939454913139343 0.8320310115814209 0.415039524435997
v -0.4091795086860657 0.7109380066394806 0.4130855053663254
v -0.2939454913139343 0.7109380066394806 0.4130855053663254
v -0.2939454913139343 0.8320310115814209 0.415039524435997
v -0.2939454913139343 0.8320310115814209 0.41699250042438507
v -0.4091795086860657 0.7109380066394806 0.4130855053663254
v -0.3662104904651642 0.3525390028953552 -0.334960475564003
v -0.3271484971046448 0.3525390028953552 -0.334960475564003
v -0.3740234971046448 0.3525390028953552 0.336914524435997
v 0.05688449740409851 0.6894530057907104 0.4443355053663254
v 0.05688449740409851 0.6894530057907104 0.4443355053663254
v 0.3720704913139343 0.6923830062150955 -0.350585475564003
v 0.3720704913139343 0.6923830062150955 0.35449250042438507
v 0.3720704913139343 0.6181640028953552 0.352539524435997
v 0.3720704913139343 0.6923830062150955 -0.350585475564003
v 0.3720704913139343 0.6923830062150955 -0.34863249957561493
v 0.3720704913139343 0.6923830062150955 0.35449250042438507
v 0.3701174855232239 0.6181640028953552 -0.350585475564003
v -0.060546502470970154 1.0 0.012085512280464172
v -0.060546502470970154 1.0 0.012085512280464172
v -0.05981450155377388 1.0 -0.015563488006591797
v -0.07470650225877762 0.9960939884185791 0.012085512280464172
v -0.07470650225877762 0.9960939884185791 0.012085512280464172
v 0.06445349752902985 0.9980469942092896 -0.014892487786710262
v 0.06445349752902985 0.9980469942092896 -0.014892487786710262
v 0.33300748467445374 0.5289309993386269 0.39550749957561493
v 0.16699250042438507 0.1445310115814209 0.3564455062150955
v 0.16699250042438507 0.1445310115814209 -0.35449250042438507
v -0.17382849752902985 0.14257800579071045 -0.35449250042438507
v 0.16699250042438507 0.1445310115814209 0.3564455062150955
v 0.16699250042438507 0.1445310115814209 0.3564455062150955
v 0.1679684966802597 0.10351601243019104 0.3564455062150955
v 0.16699250042438507 0.1445310115814209 -0.35449250042438507
v -0.17382849752902985 0.14257800579071045 0.3564455062150955
v -0.4091795086860657 0.24804699420928955 0.30371151864528656
v -0.4091795086860657 0.24804699420928955 0.30371151864528656
v -0.4091795086860657 0.24804699420928955 0.415039524435997
v -0.2939454913139343 0.24804699420928955 0.30371151864528656
v -0.0020985029404982924 0.7080080062150955 -0.42285148799419403
v -0.001289502892177552 0.7246090024709702 -0.4208984822034836
v 0.012512496672570705 0.7226559966802597 -0.4208984822034836
v 0.015869496390223503 0.7070309966802597 -0.41894547641277313
v 0.006286497227847576 0.6923830062150955 -0.4208984822034836
v -0.3349604904651642 0.6191409975290298 0.34667952358722687
v 0.3310545086860657 0.6201170012354851 0.34667952358722687
v 0.33300748467445374 0.6201170012354851 0.39550749957561493
v -0.3349604904651642 0.6191409975290298 0.34667952358722687
v -0.2880854904651642 0.8925780057907104 -0.28222648799419403
v -0.29003849625587463 0.8417969942092896 -0.15527348220348358
v -0.2880854904651642 0.8925780057907104 -0.15722648799419403
v -0.29003849625587463 0.8417969942092896 -0.28222648799419403
v -0.2880854904651642 0.8925780057907104 -0.28222648799419403
v 0.28613248467445374 0.890625 -0.2841794937849045
v -0.29003849625587463 0.8417969942092896 -0.28222648799419403
v -0.2880854904651642 0.8925780057907104 -0.28222648799419403
v -0.2880854904651642 0.8925780057907104 -0.15722648799419403
v 0.28613248467445374 0.890625 -0.2841794937849045
v -0.041503503918647766 0.6621090024709702 -0.45019547641277313
v -0.042480502277612686 0.6806640028953552 -0.45019547641277313
v -0.041503503918647766 0.6621090024709702 -0.45019547641277313
v -0.042480502277612686 0.6806640028953552 -0.45019547641277313
v -0.05541950464248657 0.6699219942092896 -0.4306644946336746
v 0.2939454913139343 0.09570300579071045 -0.303710475564003
v 0.2939454913139343 0.09570300579071045 -0.303710475564003
v 0.4091795086860657 0.2460939884185791 -0.303710475564003
v 0.2939454913139343 0.24804699420928955 -0.303710475564003
v 0.4091795086860657 0.0976560115814209 -0.303710475564003
v 0.2939454913139343 0.09570300579071045 -0.303710475564003
v 0.2939454913139343 0.24804699420928955 -0.303710475564003
v 0.2958984971046448 0.0976560115814209 -0.41699250042438507
v -0.3349604904651642 0.7177730053663254 0.39550749957561493
v -0.3330075144767761 0.6191409975290298 0.39550749957561493
v 0.33300748467445374 0.7167969942092896 0.39550749957561493
v -0.3740234971046448 0.6181640028953552 -0.34863249957561493
v 0.2919924855232239 0.8359380066394806 0.45214851200580597
v -0.019287502393126488 0.7255859971046448 0.40527351200580597
v -0.025024503469467163 0.7080080062150955 0.415039524435997
v -0.019287502393126488 0.7246090024709702 0.4130855053663254
v -0.019287502393126488 0.7246090024709702 0.4130855053663254
v -0.0004955028998665512 0.734375 0.40527351200580597
v -0.2998045086860657 0.0 0.30371151864528656
v -0.4052734971046448 0.0 0.40917952358722687
v -0.4033204913139343 0.0 0.305664524435997
v -0.2998045086860657 0.0 0.30371151864528656
v -0.2978515028953552 0.8613280057907104 0.30371151864528656
v -0.2998045086860657 0.0 0.4072265177965164
v -0.2998045086860657 0.0 0.30371151864528656
v -0.40136751532554626 0.8632810115814209 0.30761750042438507
v -0.2978515028953552 0.8613280057907104 0.30371151864528656
v -0.2998045086860657 0.0 0.4072265177965164
v -0.4033204913139343 0.0 0.305664524435997
v 0.3251954913139343 0.6923830062150955 -0.350585475564003
v 0.3720704913139343 0.6923830062150955 0.35449250042438507
v 0.3720704913139343 0.6923830062150955 -0.34863249957561493
v 0.3271484971046448 0.6923830062150955 0.352539524435997
v 0.3271484971046448 0.43774399906396866 0.33496151864528656
v 0.3271484971046448 0.3525390028953552 -0.334960475564003
v 0.3271484971046448 0.3525390028953552 0.336914524435997
v 0.3271484971046448 0.43774399906396866 -0.334960475564003
v -0.2939454913139343 0.8359380066394806 -0.45410148799419403
v -0.4501954913139343 0.8359380066394806 -0.45410148799419403
v -0.4501954913139343 0.9042969942092896 -0.45410148799419403
v -0.3349604904651642 0.44067399948835373 0.34667952358722687
v 0.09960949420928955 0.9667969942092896 -0.015380487777292728
v 0.06347649544477463 0.947266012430191 -0.014404487796127796
v 0.06298849731683731 0.9570310115814209 -0.015014488250017166
v 0.09960949420928955 0.9667969942092896 -0.015380487777292728
v 0.4091795086860657 0.09570300579071045 0.30175749957561493
v 0.4091795086860657 0.24804699420928955 0.30371151864528656
v 0.4091795086860657 0.0976560115814209 0.415039524435997
v 0.4091795086860657 0.09570300579071045 0.30175749957561493
v 0.2939454913139343 0.24804699420928955 0.30371151864528656
v 0.4091795086860657 0.24804699420928955 0.30371151864528656
v 0.4091795086860657 0.09570300579071045 0.30175749957561493
v 0.4091795086860657 0.0976560115814209 0.415039524435997
v 0.2939454913139343 0.0976560115814209 0.4130855053663254
v 0.2939454913139343 0.09570300579071045 0.30371151864528656
v 0.2939454913139343 0.09570300579071045 0.30371151864528656
v -0.052001502364873886 0.6796880066394806 -0.4306644946336746
v -0.05273450165987015 0.6884769946336746 -0.43457047641277313
v -0.052001502364873886 0.6796880066394806 -0.4306644946336746
v -0.048828501254320145 0.6845699995756149 -0.45019547641277313
v 0.16699250042438507 0.10351601243019104 -0.35449250042438507
v 0.16699250042438507 0.1445310115814209 -0.35449250042438507
v 0.4091795086860657 0.7109380066394806 0.30175749957561493
v 0.2939454913139343 0.7099609971046448 0.29980452358722687
v 0.2939454913139343 0.8320310115814209 0.30175749957561493
v 0.4091795086860657 0.7109380066394806 0.30175749957561493
v 0.41113248467445374 0.7109380066394806 0.415039524435997
v 0.2939454913139343 0.7099609971046448 0.29980452358722687
v 0.4091795086860657 0.7109380066394806 0.30175749957561493
v 0.41113248467445374 0.8320310115814209 0.30175749957561493
v 0.41113248467445374 0.7109380066394806 0.415039524435997
v 0.41113248467445374 0.8320310115814209 0.30175749957561493
v 0.33300748467445374 0.6171879991889 -0.39550749957561493
v 0.33300748467445374 0.5375979989767075 -0.39550749957561493
v -0.3349604904651642 0.6181640028953552 -0.39550749957561493
v -0.09521450102329254 0.9667969942092896 0.012329512275755405
v -0.06005850434303284 0.9570310115814209 0.012573512271046638
v -0.08837850391864777 0.984375 0.01202351227402687
v -0.3974604904651642 0.109375 -0.397460475564003
v -0.3974604904651642 0.19335898756980896 -0.397460475564003
v 0.39550748467445374 0.109375 -0.40136750042438507
v -0.3974604904651642 0.109375 -0.397460475564003
v 0.39550748467445374 0.109375 -0.40136750042438507
v -0.3974604904651642 0.109375 -0.33300749957561493
v 0.3251954913139343 0.7480469942092896 0.12060551345348358
v 0.3251954913139343 0.7480469942092896 0.3603515177965164
v 0.3681645095348358 0.7490230053663254 0.3603515177965164
v 0.3251954913139343 0.7480469942092896 0.12060551345348358
v 0.3701174855232239 0.7490230053663254 0.1215825155377388
v 0.3681645095348358 0.6923830062150955 0.1210935115814209
v 0.3271484971046448 0.6933590024709702 0.12060551345348358
v 0.3251954913139343 0.7480469942092896 0.12060551345348358
v 0.3701174855232239 0.7490230053663254 0.1215825155377388
v 0.41113248467445374 0.6289059966802597 -0.09619148820638657
v 0.4228515028953552 0.6289059966802597 -0.11914049088954926
v -0.03063950315117836 0.7402340024709702 0.3720705062150955
v -0.03076150268316269 0.7412109971046448 0.4072265177965164
v -0.03063950315117836 0.7402340024709702 0.3720705062150955
v -0.06835950165987015 0.6787109971046448 0.430664524435997
v -0.06787150353193283 0.6699219942092896 0.43261750042438507
v -0.06298850104212761 0.6767580062150955 0.4541015177965164
v -0.06835950165987015 0.6787109971046448 0.430664524435997
v -0.055175501853227615 0.6689449995756149 0.430664524435997
v -0.06225550174713135 0.6875 0.4345705062150955
v -0.06787150353193283 0.6699219942092896 0.43261750042438507
v 0.2900395095348358 0.9042969942092896 -0.2958984822034836
v 0.4462895095348358 0.9042969942092896 -0.29394547641277313
v 0.2880854904651642 0.8359380066394806 -0.29394547641277313
v 0.2900395095348358 0.9042969942092896 -0.2958984822034836
v 0.2900395095348358 0.9042969942092896 0.2939455062150955
v 0.2900395095348358 0.9042969942092896 -0.2958984822034836
v 0.2880854904651642 0.8359380066394806 -0.29394547641277313
v 0.2900395095348358 0.9042969942092896 0.2939455062150955
v -0.0033565028570592403 0.6552730053663254 0.4814455062150955
v -0.0033565028570592403 0.6552730053663254 0.4814455062150955
v -0.44824251532554626 0.8359380066394806 -0.29394547641277313
v -0.44824251532554626 0.9042969942092896 -0.29394547641277313
v -0.29003849625587463 0.90625 -0.29394547641277313
v -0.29003849625587463 0.8359380066394806 -0.29394547641277313
v 0.3271484971046448 0.3525390028953552 -0.334960475564003
v 0.3720704913139343 0.3505859971046448 -0.334960475564003
v 0.3271484971046448 0.3525390028953552 0.336914524435997
v 0.4072265028953552 0.7109380066394806 -0.41503848135471344
v 0.2939454913139343 0.8320310115814209 -0.41503848135471344
v 0.41113248467445374 0.8300780057907104 -0.413085475564003
v 0.4072265028953552 0.7109380066394806 -0.41503848135471344
v 0.4072265028953552 0.7109380066394806 -0.41503848135471344
v 0.4091795086860657 0.7109380066394806 -0.30175749957561493
v 0.2939454913139343 0.7109380066394806 -0.30175749957561493
v 0.2939454913139343 0.7089840024709702 -0.41503848135471344
v 0.2939454913139343 0.7089840024709702 -0.41503848135471344
v 0.3720704913139343 0.5395510010421276 0.35449250042438507
v -0.2978515028953552 0.8613280057907104 -0.303710475564003
v -0.2978515028953552 0.0 -0.30175749957561493
v -0.2978515028953552 0.8613280057907104 -0.4091794937849045
v -0.2978515028953552 0.8613280057907104 -0.303710475564003
v -0.4033204913139343 0.8613280057907104 -0.40722648799419403
v -0.40136751532554626 0.8613280057907104 -0.3056644946336746
v -0.2978515028953552 0.8613280057907104 -0.303710475564003
v -0.4033204913139343 0.0 -0.3056644946336746
v -0.2978515028953552 0.0 -0.30175749957561493
v -0.2978515028953552 0.8613280057907104 -0.4091794937849045
v -0.40136751532554626 0.8613280057907104 -0.3056644946336746
v 0.2880854904651642 0.8417969942092896 -0.15722648799419403
v 0.2900395095348358 0.8417969942092896 -0.2841794937849045
v 0.2880854904651642 0.890625 -0.15722648799419403
v 0.2880854904651642 0.8417969942092896 -0.15722648799419403
v 0.2880854904651642 0.890625 -0.15722648799419403
v -0.2880854904651642 0.8925780057907104 -0.15722648799419403
v -0.29003849625587463 0.8417969942092896 -0.15527348220348358
v 0.42871150374412537 0.6289059966802597 0.10742150992155075
v 0.4091795086860657 0.6289059966802597 0.09472651034593582
v 0.4228515028953552 0.6289059966802597 0.11669950932264328
v 0.012512496672570705 0.7226559966802597 -0.4208984822034836
v -0.001121502893511206 0.7294919937849045 -0.41699250042438507
v -0.3291015028953552 0.3525390028953552 0.336914524435997
v -0.3271484971046448 0.3525390028953552 -0.334960475564003
v -0.3291015028953552 0.4382320009171963 -0.334960475564003
v -0.3291015028953552 0.3525390028953552 0.336914524435997
v 0.41113248467445374 0.7109380066394806 0.415039524435997
v 0.41113248467445374 0.8300780057907104 0.41699250042438507
v 0.41113248467445374 0.8320310115814209 0.30175749957561493
v -0.4091795086860657 0.0976560115814209 -0.3056644946336746
v -0.2958984971046448 0.25 -0.303710475564003
v -0.4091795086860657 0.24804699420928955 -0.30175749957561493
v -0.2939454913139343 0.0976560115814209 -0.30175749957561493
v -0.4091795086860657 0.0976560115814209 -0.3056644946336746
v -0.4091795086860657 0.24804699420928955 -0.30175749957561493
v -0.4091795086860657 0.0976560115814209 -0.41699250042438507
v -0.4091795086860657 0.0976560115814209 -0.3056644946336746
v -0.4091795086860657 0.0976560115814209 -0.41699250042438507
v -0.2958984971046448 0.0976560115814209 -0.41503848135471344
v -0.2939454913139343 0.0976560115814209 -0.30175749957561493
v 0.04541049525141716 0.6865230053663254 0.4384765177965164
v 0.05688449740409851 0.6894530057907104 0.4443355053663254
v 0.33300748467445374 0.4462889991700649 -0.39550749957561493
v -0.3349604904651642 0.44604500010609627 -0.39550749957561493
v -0.3349604904651642 0.5302729997783899 -0.39550749957561493
v 0.33300748467445374 0.5286870002746582 -0.39550749957561493
v 0.2880854904651642 0.84375 -0.0027004879666492343
v 0.3271484971046448 0.26757800579071045 0.352539524435997
v 0.3291015028953552 0.3525390028953552 0.352539524435997
v 0.3271484971046448 0.26855500042438507 -0.350585475564003
v -0.3251954913139343 0.6914059966802597 -0.35644547641277313
v -0.3271484971046448 0.5388180017471313 0.35449250042438507
v 0.029052497819066048 0.7402340024709702 -0.40722648799419403
v -0.000602502899710089 0.7519530057907104 -0.40722648799419403
v 0.04443349689245224 0.7050780057907104 -0.40722648799419403
v 0.029052497819066048 0.7402340024709702 -0.40722648799419403
v 0.02868649736046791 0.7392580062150955 -0.3740234822034836
v 0.04443349689245224 0.7050780057907104 -0.40722648799419403
v 0.3779295086860657 0.18945300579071045 0.39746151864528656
v 0.3779295086860657 0.10742199420928955 0.399414524435997
v 0.3759765028953552 0.1914060115814209 -0.3935544937849045
v -0.031249502673745155 0.7402340024709702 -0.40722648799419403
v -0.031005503609776497 0.7392580062150955 -0.37207047641277313
v -0.3349604904651642 0.3525390028953552 -0.39550749957561493
v -0.3330075144767761 0.3525390028953552 -0.34472648799419403
v 0.3310545086860657 0.3515619933605194 -0.39550749957561493
v 0.16894549131393433 0.912108987569809 -0.04980448633432388
v 0.01733449660241604 0.6904300004243851 -0.413085475564003
v 0.02148449793457985 0.7060550004243851 -0.41699250042438507
v -0.00045750290155410767 0.6855469942092896 -0.41699250042438507
v 0.006286497227847576 0.6923830062150955 -0.4208984822034836
v 0.02148449793457985 0.7060550004243851 -0.41699250042438507
v -0.44824251532554626 0.90625 0.29199250042438507
v -0.29003849625587463 0.9042969942092896 0.44824250042438507
v -0.29003849625587463 0.9042969942092896 0.29199250042438507
v -0.44824251532554626 0.90625 0.29199250042438507
v -0.44824251532554626 0.90625 0.4501955062150955
v -0.44824251532554626 0.90625 0.29199250042438507
v -0.4501954913139343 0.8359380066394806 0.29589851200580597
v -0.44824251532554626 0.90625 0.4501955062150955
v -0.4501954913139343 0.8359380066394806 0.29589851200580597
v -0.3759765028953552 0.6923830062150955 0.35449250042438507
v -0.3740234971046448 0.6181640028953552 -0.34863249957561493
v -0.3740234971046448 0.6186520010232925 0.352539524435997
v -0.3740234971046448 0.6914059966802597 -0.34863249957561493
v -0.3349604904651642 0.35351599752902985 0.39550749957561493
v -0.19628849625587463 0.890625 -0.025390487164258957
v -0.19628849625587463 0.890625 0.02294951118528843
v -0.1796875 0.912108987569809 -0.02185048721730709
v -0.16894550621509552 0.890625 -0.06005848944187164
v 0.4091795086860657 0.6289059966802597 0.09472651034593582
v 0.41113248467445374 0.6601559966802597 0.09521450847387314
v 0.4091795086860657 0.6289059966802597 0.09472651034593582
v 0.4052734971046448 0.6621090024709702 0.09765651077032089
v 0.4052734971046448 0.6621090024709702 0.09765651077032089
v 0.3310545086860657 0.5285640005022287 -0.34472648799419403
v 0.33300748467445374 0.5286870002746582 -0.39550749957561493
v -0.3349604904651642 0.5306400004774332 -0.34472648799419403
v -0.3740234971046448 0.8242189884185791 -0.38378848135471344
v -0.3291015028953552 0.265625 -0.350585475564003
v -0.3291015028953552 0.18945300579071045 0.3564455062150955
v -0.3291015028953552 0.1914060115814209 -0.350585475564003
v -0.3291015028953552 0.2646480053663254 0.352539524435997
v 0.3720704913139343 0.5388180017471313 -0.350585475564003
v -0.03051750361919403 0.65625 0.4755855053663254
v -0.03051750361919403 0.65625 0.4755855053663254
v -0.06298850104212761 0.6767580062150955 0.4541015177965164
v -0.05541950464248657 0.6601559966802597 0.45800749957561493
v -0.03051750361919403 0.65625 0.4755855053663254
v -0.031005503609776497 0.671875 0.48339851200580597
v -0.06298850104212761 0.6767580062150955 0.4541015177965164
v 0.2880854904651642 0.84375 -0.0027004879666492343
v -0.2861325144767761 0.8925780057907104 -0.003311488078907132
v -0.29003849625587463 0.8417969942092896 -0.0020904879784211516
v 0.28613248467445374 0.8925780057907104 -0.004150487948209047
v 0.17089849710464478 0.1445310115814209 0.3564455062150955
v 0.17089849710464478 0.1445310115814209 0.3564455062150955
v 0.1718754917383194 0.10351601243019104 0.3564455062150955
v 0.36621150374412537 0.1054689884185791 0.3564455062150955
v 0.36621150374412537 0.14648398756980896 0.3564455062150955
v -0.3720704913139343 0.75 -0.3623044937849045
v -0.4052734971046448 0.0 0.40917952358722687
v -0.40136751532554626 0.8613280057907104 0.4072265177965164
v -0.4033204913139343 0.0 0.305664524435997
v -0.4052734971046448 0.0 0.40917952358722687
v -0.2978515028953552 0.8613280057907104 0.4072265177965164
v -0.40136751532554626 0.8613280057907104 0.4072265177965164
v -0.2998045086860657 0.0 0.4072265177965164
v 0.04394549876451492 0.7070309966802597 -0.37207047641277313
v 0.028442496433854103 0.6748050004243851 -0.37207047641277313
v 0.0295414961874485 0.6738280057907104 -0.4052734822034836
v 0.4033204913139343 0.6289059966802597 0.09716851264238358
v 0.39550748467445374 0.6289059966802597 0.09863251447677612
v 0.4013674855232239 0.6621090024709702 0.09814450889825821
v 0.4033204913139343 0.6289059966802597 0.09716851264238358
v 0.4130854904651642 0.6298830062150955 0.12304650992155075
v -0.02014150284230709 0.6904300004243851 -0.41503848135471344
v 0.0295414961874485 0.6738280057907104 -0.4052734822034836
v 0.2900395095348358 0.9042969942092896 0.4541015177965164
v 0.4462895095348358 0.90625 0.45800749957561493
v 0.2900395095348358 0.9042969942092896 0.4541015177965164
v 0.4462895095348358 0.8359380066394806 0.45605452358722687
v 0.3310545086860657 0.2646480053663254 -0.34472648799419403
v 0.33300748467445374 0.26367199420928955 -0.39550749957561493
v -0.3330075144767761 0.265625 -0.3427734822034836
v -0.2939454913139343 0.8320310115814209 0.41699250042438507
v 0.3310545086860657 0.5375979989767075 -0.34472648799419403
v -0.3349604904651642 0.5371089987456799 -0.34472648799419403
v -0.3349604904651642 0.5366210006177425 -0.3935544937849045
v 0.3310545086860657 0.5375979989767075 -0.34472648799419403
v 0.18164049088954926 0.9140619933605194 0.019287511706352234
v -0.01428250316530466 0.6933590024709702 0.42089851200580597
v -0.018676502630114555 0.7070309966802597 0.42089851200580597
v -0.025024503469467163 0.7080080062150955 0.415039524435997
v -0.019042503088712692 0.6894530057907104 0.415039524435997
v -0.01428250316530466 0.6933590024709702 0.42089851200580597
v -0.00016750290524214506 0.6884769946336746 0.4189455062150955
v -0.00016750290524214506 0.6884769946336746 0.4189455062150955
v -0.3291015028953552 0.4392089992761612 0.336914524435997
v 0.2880854904651642 0.833983987569809 -0.29199250042438507
v 0.2880854904651642 0.9042969942092896 -0.29199250042438507
v 0.2880854904651642 0.833983987569809 -0.29199250042438507
v 0.017822496592998505 0.6904300004243851 0.4130855053663254
v 0.017822496592998505 0.6904300004243851 0.4072265177965164
v 0.017822496592998505 0.6904300004243851 0.4072265177965164
v 0.017822496592998505 0.6904300004243851 0.4130855053663254
v 0.015014497563242912 0.6953119933605194 0.4189455062150955
v -0.00044250290375202894 0.6826169937849045 0.4130855053663254
v -0.29003849625587463 0.90625 -0.29394547641277313
v -0.29003849625587463 0.9042969942092896 -0.29199250042438507
v -0.4091795086860657 0.24804699420928955 -0.30175749957561493
v -0.4072265028953552 0.25 -0.41503848135471344
v -0.4091795086860657 0.0976560115814209 -0.41699250042438507
v 0.06445349752902985 0.9199219942092896 0.012207511812448502
v 0.06347649544477463 0.947266012430191 -0.014404487796127796
v 0.06445349752902985 0.9199219942092896 -0.014221487566828728
v 0.06445349752902985 0.9199219942092896 0.012207511812448502
v 0.10253949463367462 0.9199219942092896 0.011535512283444405
v 0.06445349752902985 0.9492189884185791 0.011901511810719967
v 0.06445349752902985 0.9492189884185791 0.011901511810719967
v 0.39746150374412537 0.6611330062150955 -0.12988248467445374
v -0.29199251532554626 0.9042969942092896 0.4541015177965164
v -0.29199251532554626 0.9042969942092896 0.4541015177965164
v 0.015014497563242912 0.6953119933605194 0.4189455062150955
v 0.2978515028953552 0.8613280057907104 -0.303710475564003
v -0.06787150353193283 0.6699219942092896 0.43261750042438507
v -0.05541950464248657 0.6601559966802597 0.45800749957561493
v 0.09228549897670746 0.984375 0.011352512054145336
v 0.09228549897670746 0.9863280057907104 -0.015136487782001495
v 0.09228549897670746 0.9863280057907104 -0.015136487782001495
v 0.4091795086860657 0.24804699420928955 0.30371151864528656
v 0.2939454913139343 0.24804699420928955 0.30371151864528656
v 0.4072265028953552 0.24804699420928955 0.415039524435997
v 0.4072265028953552 0.24804699420928955 0.415039524435997
v -0.0009005028987303376 0.6630859971046448 -0.40722648799419403
v 0.0295414961874485 0.6738280057907104 -0.4052734822034836
v -0.2978515028953552 0.0 -0.40722648799419403
v 0.04541049525141716 0.6621090024709702 -0.4619144946336746
v 0.0603024959564209 0.6806640028953552 -0.444335475564003
v 0.0607914961874485 0.671875 -0.44238249957561493
v 0.0607914961874485 0.671875 -0.44238249957561493
v -0.29003849625587463 0.84375 -0.002487487974576652
v 0.28613248467445374 0.890625 -0.0014534879883285612
v 0.2880854904651642 0.84375 -0.0011294879950582981
v -0.29003849625587463 0.84375 -0.002487487974576652
v -0.29199251532554626 0.8417969942092896 0.1484375149011612
v -0.2861325144767761 0.890625 -0.0010944879977614619
v -0.2861325144767761 0.890625 -0.0010944879977614619
v 0.00011449714656919241 0.7255859971046448 0.42089851200580597
v 0.3759765028953552 0.10742199420928955 -0.3935544937849045
v 0.3759765028953552 0.10742199420928955 -0.3935544937849045
v 0.3740234971046448 0.6621090024709702 0.09716851264238358
v 0.3740234971046448 0.6289059966802597 0.09667950868606567
v -0.29199251532554626 0.833983987569809 -0.44824250042438507
v 0.05517549812793732 0.6904300004243851 -0.444335475564003
v 0.04394549876451492 0.6865230053663254 -0.43847648799419403
v 0.0603024959564209 0.6806640028953552 -0.444335475564003
v -0.15917950868606567 0.9140619933605194 -0.05224648863077164
v 0.1718754917383194 0.890625 -0.05957048758864403
v -0.16894550621509552 0.890625 -0.06005848944187164
v 0.16894549131393433 0.912108987569809 -0.04980448633432388
v -0.15917950868606567 0.9140619933605194 -0.05224648863077164
v -0.06933550536632538 0.671875 -0.43261750042438507
v -0.05541950464248657 0.6699219942092896 -0.4306644946336746
v 0.2900395095348358 0.90625 0.29199250042438507
v 0.2900395095348358 0.833983987569809 0.44824250042438507
v 0.2900395095348358 0.9042969942092896 0.4541015177965164
v 0.2900395095348358 0.90625 0.29199250042438507
v 0.4501954913139343 0.90625 0.2939455062150955
v 0.2900395095348358 0.833983987569809 0.29199250042438507
v 0.2900395095348358 0.833983987569809 0.29199250042438507
v 0.2900395095348358 0.90625 0.29199250042438507
v -0.4501954913139343 0.8359380066394806 0.29589851200580597
v 0.33300748467445374 0.5375979989767075 -0.39550749957561493
v -0.2978515028953552 0.8613280057907104 0.30371151864528656
v -0.40136751532554626 0.8613280057907104 0.4072265177965164
v -0.2978515028953552 0.8613280057907104 0.4072265177965164
v -0.2978515028953552 0.8613280057907104 0.4072265177965164
v -0.40136751532554626 0.8632810115814209 0.30761750042438507
v 0.4462895095348358 0.8359380066394806 -0.29394547641277313
v 0.4482424855232239 0.9042969942092896 -0.29394547641277313
v 0.3720704913139343 0.3525390028953552 0.33496151864528656
v -0.3291015028953552 0.4382320009171963 -0.334960475564003
v -0.29199251532554626 0.8359380066394806 -0.4521484822034836
v 0.3701174855232239 0.1054689884185791 0.3720705062150955
v 0.3701174855232239 0.1054689884185791 0.3720705062150955
v -0.37011751532554626 0.1054689884185791 -0.37207047641277313
v 0.3701174855232239 0.10742199420928955 -0.3740234822034836
v 0.3701174855232239 0.1054689884185791 0.3720705062150955
v 0.3681645095348358 0.8457030057907104 -0.37207047641277313
v 0.3701174855232239 0.8476560115814209 0.3720705062150955
v -0.37011751532554626 0.1054689884185791 0.37402351200580597
v 0.01733449660241604 0.6904300004243851 -0.413085475564003
v -0.3349604904651642 0.2646480053663254 -0.39550749957561493
v 0.39746150374412537 0.7246090024709702 0.33105452358722687
v -0.3994145095348358 0.7275390028953552 0.33300749957561493
v -0.3994145095348358 0.822266012430191 0.33496151864528656
v 0.39746150374412537 0.8203119933605194 0.33300749957561493
v 0.3740234971046448 0.6621090024709702 -0.1289064884185791
v 0.3994145095348358 0.6621090024709702 -0.10107448697090149
v 0.3740234971046448 0.6621090024709702 -0.10058549046516418
v -0.44824251532554626 0.9042969942092896 0.45605452358722687
v -0.29199251532554626 0.9042969942092896 0.4541015177965164
v -0.3349604904651642 0.5366210006177425 -0.3935544937849045
v 0.0781254991889 0.9960939884185791 0.011901511810719967
v 0.09228549897670746 0.984375 0.011352512054145336
v 0.09228549897670746 0.9863280057907104 -0.015136487782001495
v 0.0781254991889 0.9960939884185791 -0.01507548801600933
v 0.06494149565696716 1.0 0.011779512278735638
v 0.3720704913139343 0.18945300579071045 -0.35253848135471344
v -0.013183502480387688 0.7197269946336746 0.42089851200580597
v -0.016845503821969032 0.7226559966802597 0.41699250042438507
v 0.33300748467445374 0.3515619933605194 0.39550749957561493
v 0.3310545086860657 0.3515619933605194 0.34667952358722687
v -0.3330075144767761 0.3525390028953552 0.39550749957561493
v -0.3349604904651642 0.3525390028953552 0.34863249957561493
v 0.4228515028953552 0.6611330062150955 0.11914051324129105
v 0.41113248467445374 0.6611330062150955 0.12402351200580597
v 0.4130854904651642 0.6298830062150955 0.12304650992155075
v 0.4228515028953552 0.6289059966802597 0.11669950932264328
v 0.41113248467445374 0.6611330062150955 0.12402351200580597
v -0.3349604904651642 0.5302729997783899 -0.39550749957561493
v 0.2939454913139343 0.25 -0.41503848135471344
v -0.4091795086860657 0.7109380066394806 0.4130855053663254
v -0.3740234971046448 0.45165999978780746 0.35449250042438507
v 0.0781254991889 0.9960939884185791 -0.01507548801600933
v 0.06298849731683731 0.9570310115814209 -0.015014488250017166
v -0.06225550174713135 0.6787109971046448 -0.45410148799419403
v -0.032226502895355225 0.671875 -0.4833984822034836
v -0.032226502895355225 0.6572269946336746 -0.475585475564003
v 0.39746150374412537 0.8203119933605194 0.39746151864528656
v 0.39746150374412537 0.8203119933605194 0.33300749957561493
v -0.3994145095348358 0.8203119933605194 0.39746151864528656
v 0.04760749638080597 0.6796880066394806 -0.43847648799419403
v 0.0607914961874485 0.671875 -0.44238249957561493
v -0.29003849625587463 0.9042969942092896 0.2939455062150955
v -0.2880854904651642 0.8359380066394806 0.2939455062150955
v -0.29003849625587463 0.90625 -0.29394547641277313
v 0.2939454913139343 0.7109380066394806 0.415039524435997
v 0.4462895095348358 0.9042969942092896 -0.45800749957561493
v 0.2900395095348358 0.9042969942092896 -0.4560544937849045
v 0.4501954913139343 0.9042969942092896 -0.45410148799419403
v -0.4091795086860657 0.8300780057907104 -0.30175749957561493
v -0.29199251532554626 0.8320310115814209 -0.2998044937849045
v -0.4111325144767761 0.8300780057907104 -0.41503848135471344
v -0.4091795086860657 0.8300780057907104 -0.30175749957561493
v -0.4111325144767761 0.8320310115814209 -0.30175749957561493
v -0.4111325144767761 0.8320310115814209 -0.30175749957561493
v -0.3740234971046448 0.18945300579071045 0.35449250042438507
v -0.3291015028953552 0.1914060115814209 -0.350585475564003
v -0.3291015028953552 0.18945300579071045 0.3564455062150955
v -0.3740234971046448 0.18945300579071045 0.35449250042438507
v -0.3740234971046448 0.18945300579071045 -0.35253848135471344
v 0.016723496839404106 0.7246090024709702 -0.41503848135471344
v -0.3349604904651642 0.6176759973168373 0.39746151864528656
v 0.33300748467445374 0.6176759973168373 0.39746151864528656
v 0.33300748467445374 0.6186520010232925 0.3447265177965164
v -0.3349604904651642 0.6176759973168373 0.39746151864528656
v 0.3701174855232239 0.7490230053663254 0.1215825155377388
v 0.3681645095348358 0.6923830062150955 0.3603515177965164
v 0.3681645095348358 0.6923830062150955 0.1210935115814209
v 0.3681645095348358 0.7490230053663254 0.3603515177965164
v 0.2998045086860657 0.0 -0.4091794937849045
v 0.2998045086860657 0.0 -0.303710475564003
v 0.2978515028953552 0.8613280057907104 -0.303710475564003
v 0.2998045086860657 0.0 -0.4091794937849045
v -0.3349604904651642 0.6181640028953552 -0.34472648799419403
v -0.3330075144767761 0.6186520010232925 -0.39550749957561493
v 0.3310545086860657 0.6186520010232925 -0.34472648799419403
v -0.3349604904651642 0.6181640028953552 -0.34472648799419403
v 0.3291015028953552 0.7167969942092896 -0.34472648799419403
v -0.3330075144767761 0.7177730053663254 -0.34472648799419403
v 0.3310545086860657 0.6186520010232925 -0.34472648799419403
v 0.2900395095348358 0.833983987569809 0.2939455062150955
v 0.2900395095348358 0.9042969942092896 0.2939455062150955
v 0.4482424855232239 0.8359380066394806 0.29589851200580597
v 0.4482424855232239 0.90625 0.29589851200580597
v 0.2900395095348358 0.833983987569809 0.2939455062150955
v 0.4091795086860657 0.24804699420928955 -0.41503848135471344
v 0.2939454913139343 0.25 -0.41503848135471344
v 0.2939454913139343 0.24804699420928955 -0.303710475564003
v 0.4091795086860657 0.2460939884185791 -0.303710475564003
v 0.4091795086860657 0.2460939884185791 -0.303710475564003
v -0.2978515028953552 0.8613280057907104 -0.4091794937849045
v 0.39550748467445374 0.19335898756980896 0.399414524435997
v -0.29199251532554626 0.9023439884185791 -0.4521484822034836
v -0.052001502364873886 0.6796880066394806 -0.4306644946336746
v -0.3994145095348358 0.822266012430191 0.33496151864528656
v 0.2998045086860657 0.0 -0.4091794937849045
v 0.2978515028953552 0.8613280057907104 -0.40722648799419403
v -0.3720704913139343 0.7490230053663254 0.36425749957561493
v 0.3310545086860657 0.6196290031075478 -0.39550749957561493
v 0.1015625 0.9511719942092896 0.012207511812448502
v 0.3720704913139343 0.3505859971046448 -0.334960475564003
v 0.3310545086860657 0.4462889991700649 0.3447265177965164
v 0.016723496839404106 0.7246090024709702 -0.41503848135471344
v 0.015869496390223503 0.7070309966802597 -0.41894547641277313
v 0.012512496672570705 0.7226559966802597 -0.4208984822034836
v -0.02026350237429142 0.6904300004243851 -0.40722648799419403
v 0.4462895095348358 0.8359380066394806 0.2939455062150955
v 0.4501954913139343 0.8359380066394806 0.2939455062150955
v 0.4462895095348358 0.8359380066394806 0.2939455062150955
v -0.29199251532554626 0.8359380066394806 0.4541015177965164
v 0.3720704913139343 0.3525390028953552 -0.350585475564003
v 0.3271484971046448 0.3515619933605194 -0.350585475564003
v 0.3720704913139343 0.3525390028953552 0.35449250042438507
v 0.2880854904651642 0.833983987569809 -0.29199250042438507
v 0.2880854904651642 0.9042969942092896 -0.29199250042438507
v -0.3271484971046448 0.7441409975290298 -0.38378848135471344
v 0.0295414961874485 0.7402340024709702 0.3720705062150955
v -0.16601550579071045 0.890625 0.05810551345348358
v -0.17773450911045074 0.912108987569809 0.019043512642383575
v -0.19628849625587463 0.890625 0.02294951118528843
v -0.2939454913139343 0.25 0.415039524435997
v 0.2939454913139343 0.8320310115814209 -0.41503848135471344
v 0.2939454913139343 0.7089840024709702 -0.41503848135471344
v 0.2919924855232239 0.8300780057907104 -0.303710475564003
v 0.2939454913139343 0.8320310115814209 -0.41503848135471344
v -0.032226502895355225 0.671875 -0.4833984822034836
v -0.2861325144767761 0.890625 -0.0010944879977614619
v -0.3779295086860657 0.109375 0.39746151864528656
v -0.3779295086860657 0.10742199420928955 -0.39550749957561493
v -0.3779295086860657 0.109375 0.39746151864528656
v -0.3779295086860657 0.1914060115814209 -0.39550749957561493
v 0.4501954913139343 0.9042969942092896 -0.29394547641277313
v 0.3271484971046448 0.3515619933605194 -0.350585475564003
v 0.3291015028953552 0.3525390028953552 0.352539524435997
v -0.29199251532554626 0.8300780057907104 -0.413085475564003
v 0.2880854904651642 0.8359380066394806 -0.29394547641277313
v 0.4462895095348358 0.8359380066394806 -0.29394547641277313
v 0.2900395095348358 0.833983987569809 0.2939455062150955
v -0.042480502277612686 0.6806640028953552 -0.45019547641277313
v -0.052001502364873886 0.6796880066394806 -0.4306644946336746
v 0.048828497529029846 0.6708980053663254 -0.43457047641277313
v 0.03393549844622612 0.6621090024709702 -0.4521484822034836
v 0.04760749638080597 0.6796880066394806 -0.43847648799419403
v 0.03393549844622612 0.6621090024709702 -0.4521484822034836
v 0.048828497529029846 0.6708980053663254 -0.43457047641277313
v 0.36621150374412537 0.1054689884185791 0.3564455062150955
v -0.058105502277612686 0.6855469942092896 0.45214851200580597
v -0.06298850104212761 0.6767580062150955 0.4541015177965164
v -0.2939454913139343 0.25 0.415039524435997
v 0.39746150374412537 0.818358987569809 -0.3310544937849045
v -0.29003849625587463 0.8359380066394806 -0.29394547641277313
v -0.3291015028953552 0.1914060115814209 0.39550749957561493
v -0.3291015028953552 0.1914060115814209 -0.3896484822034836
v -0.3759765028953552 0.19335898756980896 0.39550749957561493
v 0.3291015028953552 0.7167969942092896 -0.34472648799419403
v -0.02014150284230709 0.6904300004243851 -0.41503848135471344
v 0.2978515028953552 0.8613280057907104 0.40917952358722687
v 0.3310545086860657 0.3515619933605194 -0.34472648799419403
v 0.4482424855232239 0.8359380066394806 0.29589851200580597
v 0.4462895095348358 0.8359380066394806 -0.29394547641277313
v -0.3291015028953552 0.5356450006365776 0.35449250042438507
v 0.2900395095348358 0.8417969942092896 -0.2841794937849045
v 0.28613248467445374 0.890625 -0.2841794937849045
v 0.3994145095348358 0.6621090024709702 0.1250005066394806
v 0.4013674855232239 0.6621090024709702 0.09814450889825821
v 0.3740234971046448 0.6621090024709702 0.1250005066394806
v -0.4091795086860657 0.8320310115814209 0.415039524435997
v -0.4091795086860657 0.7109380066394806 0.4130855053663254
v -0.2939454913139343 0.8320310115814209 0.41699250042438507
v -0.29003849625587463 0.8359380066394806 -0.29199250042438507
v -0.29003849625587463 0.8359380066394806 -0.29199250042438507
v 0.3310545086860657 0.26757800579071045 -0.34472648799419403
v 0.3310545086860657 0.3515619933605194 -0.34472648799419403
v -0.3330075144767761 0.26855500042438507 -0.34472648799419403
v 0.2919924855232239 0.833983987569809 0.4541015177965164
v 0.2900395095348358 0.833983987569809 0.44824250042438507
v 0.2919924855232239 0.833983987569809 0.4541015177965164
v 0.2919924855232239 0.833983987569809 0.4541015177965164
v 0.39746150374412537 0.19335898756980896 -0.40136750042438507
v -0.3349604904651642 0.3525390028953552 0.34863249957561493
v 0.3310545086860657 0.26855500042438507 0.3447265177965164
v -0.3349604904651642 0.2695309966802597 0.34667952358722687
v 0.3310545086860657 0.3515619933605194 0.34667952358722687
v 0.3740234971046448 0.6621090024709702 0.09716851264238358
v -0.3330075144767761 0.6176759973168373 0.34667952358722687
v 0.06445349752902985 0.9980469942092896 -0.014892487786710262
v 0.3310545086860657 0.26855500042438507 0.3447265177965164
v -0.29199251532554626 0.8417969942092896 0.1484375149011612
v -0.2880854904651642 0.8925780057907104 0.14746151864528656
v -0.2880854904651642 0.8925780057907104 0.2822265177965164
v -0.2880854904651642 0.8925780057907104 0.2822265177965164
v 0.28613248467445374 0.890625 0.15136751532554626
v -0.2880854904651642 0.8925780057907104 0.1523435115814209
v 0.28613248467445374 0.890625 0.2822265177965164
v -0.3271484971046448 0.3525390028953552 -0.34863249957561493
v -0.3291015028953552 0.3525390028953552 0.352539524435997
v 0.3291015028953552 0.822266012430191 -0.38378848135471344
v 0.3271484971046448 0.8242189884185791 0.38964851200580597
v 0.3759765028953552 0.8242189884185791 0.3916015177965164
v 0.3759765028953552 0.822266012430191 -0.38574250042438507
v -0.4091795086860657 0.7109380066394806 -0.30175749957561493
v -0.4111325144767761 0.8320310115814209 -0.30175749957561493
v -0.4111325144767761 0.7109380066394806 -0.41503848135471344
v 0.3759765028953552 0.7441409975290298 0.39355452358722687
v 0.3740234971046448 0.7441409975290298 -0.38378848135471344
v 0.3759765028953552 0.822266012430191 -0.38574250042438507
v 0.3759765028953552 0.8242189884185791 0.3916015177965164
v 0.3701174855232239 0.4519039988517761 -0.350585475564003
v 0.3720704913139343 0.4523929990828037 0.35449250042438507
v 0.3271484971046448 0.4523929990828037 0.352539524435997
v 0.3271484971046448 0.4523929990828037 -0.350585475564003
v -0.3330075144767761 0.6191409975290298 0.39550749957561493
v 0.2958984971046448 0.25 0.415039524435997
v 0.2939454913139343 0.24804699420928955 0.30371151864528656
v 0.2939454913139343 0.09570300579071045 0.30371151864528656
v 0.2939454913139343 0.0976560115814209 0.4130855053663254
v 0.2958984971046448 0.25 0.415039524435997
v 0.2958984971046448 0.25 0.415039524435997
v 0.2939454913139343 0.0976560115814209 0.4130855053663254
v 0.4072265028953552 0.24804699420928955 0.415039524435997
v -0.016845503821969032 0.7226559966802597 0.41699250042438507
v 0.39550748467445374 0.109375 -0.33300749957561493
v 0.3310545086860657 0.4384769983589649 -0.39550749957561493
v -0.3349604904651642 0.4401860013604164 -0.39550749957561493
v 0.4091795086860657 0.0976560115814209 0.415039524435997
v -0.032226502895355225 0.6572269946336746 -0.475585475564003
v -0.40136751532554626 0.8632810115814209 0.30761750042438507
v -0.05322250351309776 0.9980469942092896 0.012329512275755405
v -0.016845503821969032 0.7226559966802597 0.41699250042438507
v -0.17773450911045074 0.14257800579071045 0.3564455062150955
v -0.17773450911045074 0.14257800579071045 0.3564455062150955
v -0.17871050536632538 0.10351601243019104 0.3564455062150955
v -0.17773450911045074 0.14648398756980896 -0.35449250042438507
v 0.3271484971046448 0.4523929990828037 0.352539524435997
v 0.2900395095348358 0.833983987569809 0.29199250042438507
v -0.3779295086860657 0.1914060115814209 -0.39550749957561493
v -0.3759765028953552 0.19335898756980896 0.39550749957561493
v 0.33300748467445374 0.6201170012354851 0.39550749957561493
v 0.2880854904651642 0.890625 -0.15722648799419403
v 0.048828497529029846 0.6708980053663254 -0.43457047641277313
v 0.04394549876451492 0.6865230053663254 -0.43847648799419403
v 0.03393549844622612 0.6816409975290298 -0.45410148799419403
v 0.03393549844622612 0.6621090024709702 -0.4521484822034836
v -0.17773450911045074 0.1054689884185791 -0.35253848135471344
v -0.3330075144767761 0.3525390028953552 -0.34472648799419403
v -0.4111325144767761 0.8300780057907104 -0.41503848135471344
v -0.4111325144767761 0.7109380066394806 -0.41503848135471344
v -0.4111325144767761 0.8300780057907104 -0.41503848135471344
v -0.2939454913139343 0.7109380066394806 -0.413085475564003
v -0.17773450911045074 0.912108987569809 0.019043512642383575
v 0.28613248467445374 0.890625 0.15136751532554626
v -0.29199251532554626 0.8300780057907104 -0.413085475564003
v 0.2880854904651642 0.9042969942092896 -0.29199250042438507
v 0.2939454913139343 0.7109380066394806 -0.30175749957561493
v -0.2939454913139343 0.8320310115814209 0.415039524435997
v -0.2939454913139343 0.8320310115814209 0.30175749957561493
v -0.2939454913139343 0.8320310115814209 0.41699250042438507
v -0.3564454913139343 0.7255859971046448 -0.34082047641277313
v -0.40136751532554626 0.6953119933605194 0.34863249957561493
v -0.3779295086860657 0.6689449995756149 -0.34082047641277313
v 0.3271484971046448 0.43774399906396866 -0.334960475564003
v 0.3720704913139343 0.43774399906396866 -0.334960475564003
v 0.3720704913139343 0.3505859971046448 -0.334960475564003
v 0.3271484971046448 0.3525390028953552 -0.334960475564003
v -0.3720704913139343 0.3525390028953552 0.35449250042438507
v -0.3740234971046448 0.26855500042438507 0.35449250042438507
v -0.3291015028953552 0.2695309966802597 0.35449250042438507
v -0.3291015028953552 0.3525390028953552 0.352539524435997
v -0.3974604904651642 0.109375 0.336914524435997
v -0.3974604904651642 0.109375 0.39746151864528656
v -0.3974604904651642 0.19335898756980896 0.39746151864528656
v -0.3955075144767761 0.19335898756980896 0.336914524435997
v 0.33300748467445374 0.5375979989767075 0.39550749957561493
v 0.3310545086860657 0.5371089987456799 0.3447265177965164
v 0.33300748467445374 0.6186520010232925 0.3447265177965164
v 0.33300748467445374 0.6176759973168373 0.39746151864528656
v -0.3349604904651642 0.35351599752902985 -0.34472648799419403
v -0.3330075144767761 0.44043000042438507 -0.34472648799419403
v -0.3349604904651642 0.4401860013604164 -0.39550749957561493
v -0.3349604904651642 0.35351599752902985 -0.39550749957561493
v 0.3740234971046448 0.6621090024709702 -0.10058549046516418
v 0.3740234971046448 0.6621090024709702 -0.1289064884185791
v 0.3740234971046448 0.6289059966802597 -0.1289064884185791
v 0.3759765028953552 0.6289059966802597 -0.10058549046516418
v -0.3291015028953552 0.1914060115814209 0.39550749957561493
v -0.3759765028953552 0.19335898756980896 0.39550749957561493
v -0.3779295086860657 0.109375 0.39746151864528656
v -0.3291015028953552 0.109375 0.39550749957561493
v -0.3974604904651642 0.19335898756980896 -0.397460475564003
v -0.3974604904651642 0.109375 -0.397460475564003
v -0.3974604904651642 0.109375 -0.33300749957561493
v -0.3955075144767761 0.19335898756980896 -0.33300749957561493
v -0.3271484971046448 0.3525390028953552 -0.334960475564003
v -0.3662104904651642 0.3525390028953552 -0.334960475564003
v -0.35413649678230286 0.38716399669647217 -0.3347335010766983
v -0.3740234971046448 0.35351599752902985 -0.3369144946336746
v -0.3740234971046448 0.43896500021219254 -0.3369144946336746
v -0.3291015028953552 0.4382320009171963 -0.334960475564003
v 0.39746150374412537 0.818358987569809 -0.3310544937849045
v 0.3994145095348358 0.7246090024709702 -0.3271484822034836
v 0.39844250679016113 0.7722170054912567 -0.3623044937849045
v 0.3994145095348358 0.7255859971046448 -0.39550749957561493
v 0.39746150374412537 0.8203119933605194 -0.39550749957561493
v 0.3310545086860657 0.265625 0.39550749957561493
v 0.3310545086860657 0.2617190033197403 0.39746151864528656
v 0.3310545086860657 0.234375 0.3759765177965164
v 0.3310545086860657 0.18945300579071045 0.39550749957561493
v 0.3310545086860657 0.18945300579071045 0.3447265177965164
v 0.3310545086860657 0.265625 0.34667952358722687
v 0.3271484971046448 0.7451169937849045 -0.38378848135471344
v 0.3291015028953552 0.822266012430191 -0.38378848135471344
v 0.3515724837779999 0.7834529876708984 -0.3837894946336746
v 0.3759765028953552 0.822266012430191 -0.38574250042438507
v 0.3740234971046448 0.7441409975290298 -0.38378848135471344
v 0.3720704913139343 0.6923830062150955 -0.34863249957561493
v 0.3720704913139343 0.6923830062150955 -0.350585475564003
v 0.35294049978256226 0.6628970056772232 -0.3510404974222183
v 0.3720704913139343 0.6923830062150955 -0.350585475564003
v 0.3701174855232239 0.6181640028953552 -0.350585475564003
v 0.35294049978256226 0.6628970056772232 -0.3510404974222183
v 0.3251954913139343 0.6191409975290298 -0.350585475564003
v 0.3251954913139343 0.6923830062150955 -0.350585475564003
v 0.3720704913139343 0.6923830062150955 -0.34863249957561493
v 0.3271484971046448 0.18945300579071045 -0.350585475564003
v 0.3251954913139343 0.265625 -0.350585475564003
v 0.34912049770355225 0.22753900289535522 -0.35158248245716095
v 0.3720704913139343 0.265625 -0.35253848135471344
v 0.3720704913139343 0.18945300579071045 -0.35253848135471344
v 0.39746150374412537 0.19335898756980896 -0.40136750042438507
v 0.39550748467445374 0.19335898756980896 -0.397460475564003
v 0.39506348967552185 0.15938100218772888 -0.37324948608875275
v 0.39550748467445374 0.1914060115814209 -0.33300749957561493
v 0.39550748467445374 0.109375 -0.33300749957561493
v 0.39550748467445374 0.109375 -0.40136750042438507
v -0.3291015028953552 0.6181640028953552 0.352539524435997
v -0.3740234971046448 0.6186520010232925 0.35449250042438507
v -0.3505755066871643 0.5788030028343201 0.3544915169477463
v -0.3720704913139343 0.5395510010421276 0.35449250042438507
v -0.3271484971046448 0.5388180017471313 0.35449250042438507
v -0.3291015028953552 0.2646480053663254 0.352539524435997
v -0.3408204913139343 0.2705080062150955 0.3564455062150955
v -0.34943151473999023 0.2363489866256714 0.3567495197057724
v -0.3740234971046448 0.26757800579071045 0.35449250042438507
v -0.3740234971046448 0.18945300579071045 0.35449250042438507
v -0.3291015028953552 0.18945300579071045 0.3564455062150955
v 0.3720704913139343 0.3525390028953552 -0.350585475564003
v 0.3720704913139343 0.26855500042438507 -0.35253848135471344
v 0.3495984971523285 0.31030799448490143 -0.3515564948320389
v 0.3271484971046448 0.26855500042438507 -0.350585475564003
v 0.3271484971046448 0.3515619933605194 -0.350585475564003
v -0.3349604904651642 0.2695309966802597 0.34667952358722687
v -0.3349604904651642 0.26757800579071045 0.39550749957561493
v -0.3349494934082031 0.3105520009994507 0.3715915232896805
v -0.3330075144767761 0.3525390028953552 0.39550749957561493
v -0.3349604904651642 0.3525390028953552 0.34863249957561493
v 0.3681645095348358 0.6923830062150955 0.3603515177965164
v 0.3681645095348358 0.7490230053663254 0.3603515177965164
v 0.3251954913139343 0.7480469942092896 0.3603515177965164
v 0.3232424855232239 0.6923830062150955 0.3564455062150955
v 0.3681645095348358 0.6923830062150955 0.1210935115814209
v 0.3681645095348358 0.6923830062150955 0.3603515177965164
v 0.3232424855232239 0.6923830062150955 0.3564455062150955
v 0.3271484971046448 0.6933590024709702 0.12060551345348358
v 0.3271484971046448 0.26757800579071045 0.352539524435997
v 0.3720704913139343 0.2695309966802597 0.35449250042438507
v 0.35009849071502686 0.31054699420928955 0.3534945100545883
v 0.3720704913139343 0.3525390028953552 0.35449250042438507
v 0.3291015028953552 0.3525390028953552 0.352539524435997
v -0.3251954913139343 0.6914059966802597 -0.35644547641277313
v -0.3251954913139343 0.6923830062150955 -0.12255848944187164
v -0.37011751532554626 0.6923830062150955 -0.12255848944187164
v -0.37011751532554626 0.6923830062150955 -0.3583984822034836
v -0.3251954913139343 0.75 -0.3583984822034836
v -0.3251954913139343 0.6914059966802597 -0.35644547641277313
v -0.37011751532554626 0.6923830062150955 -0.3583984822034836
v -0.3720704913139343 0.75 -0.3623044937849045
v 0.3740234971046448 0.6289059966802597 0.09667950868606567
v 0.3759765028953552 0.6298830062150955 0.1250005066394806
v 0.37500450015068054 0.6457670032978058 0.11094450950622559
v 0.3740234971046448 0.6621090024709702 0.1250005066394806
v 0.3740234971046448 0.6621090024709702 0.09716851264238358
v 0.3271484971046448 0.8203119933605194 0.38964851200580597
v 0.3271484971046448 0.7460940033197403 0.3916015177965164
v 0.3759765028953552 0.7441409975290298 0.39355452358722687
v 0.3759765028953552 0.8242189884185791 0.3916015177965164
v 0.3271484971046448 0.8242189884185791 0.38964851200580597
v 0.3271484971046448 0.8242189884185791 0.38964851200580597
v 0.2880854904651642 0.8417969942092896 0.1523435115814209
v 0.2880854904651642 0.84375 0.2822265177965164
v -0.0004895028832834214 0.8427720069885254 0.2172815054655075
v -0.29003849625587463 0.8417969942092896 0.2822265177965164
v -0.2880854904651642 0.8417969942092896 0.1523435115814209
v 0.06445349752902985 0.9199219942092896 -0.014221487566828728
v 0.10205049812793732 0.9179689884185791 -0.014099488034844398
v 0.08336149901151657 0.9189249873161316 -0.001125487993704155
v 0.10253949463367462 0.9199219942092896 0.011535512283444405
v 0.06445349752902985 0.9199219942092896 0.012207511812448502
v 0.3291015028953552 0.10742199420928955 -0.39550749957561493
v 0.3271484971046448 0.1914060115814209 -0.3935544937849045
v 0.3759765028953552 0.1914060115814209 -0.3935544937849045
v 0.3759765028953552 0.10742199420928955 -0.3935544937849045
v 0.3291015028953552 0.10742199420928955 -0.39550749957561493
v 0.3291015028953552 0.10742199420928955 -0.39550749957561493
v 0.3271484971046448 0.10742199420928955 -0.39550749957561493
v 0.3277994990348816 0.10742199420928955 -0.13183549046516418
v 0.3271484971046448 0.10742199420928955 0.39550749957561493
v 0.39550748467445374 0.109375 0.399414524435997
v 0.39746150374412537 0.10742199420928955 0.33496151864528656
v 0.3964734971523285 0.1508840024471283 0.3671945184469223
v 0.39550748467445374 0.19335898756980896 0.33496151864528656
v 0.39550748467445374 0.19335898756980896 0.399414524435997
v 0.3740234971046448 0.5378420017659664 0.35449250042438507
v 0.3271484971046448 0.5368649996817112 0.352539524435997
v 0.3500964939594269 0.49487299984321 0.3535355180501938
v 0.3271484971046448 0.4523929990828037 0.352539524435997
v 0.3720704913139343 0.4523929990828037 0.35449250042438507
v -0.37011751532554626 0.6923830062150955 0.12304650992155075
v -0.3271484971046448 0.6914059966802597 0.12255851179361343
v -0.3271484971046448 0.6914059966802597 0.3603515177965164
v -0.37011751532554626 0.6923830062150955 0.36425749957561493
v -0.3271484971046448 0.6914059966802597 0.3603515177965164
v -0.3251954913139343 0.7490230053663254 0.3603515177965164
v -0.3720704913139343 0.7490230053663254 0.36425749957561493
v -0.37011751532554626 0.6923830062150955 0.36425749957561493
v 0.3310545086860657 0.18945300579071045 -0.3466794937849045
v 0.3310545086860657 0.18945300579071045 -0.39550749957561493
v 0.33104950189590454 0.22681298851966858 -0.37061549723148346
v 0.33300748467445374 0.26367199420928955 -0.39550749957561493
v 0.3310545086860657 0.2646480053663254 -0.34472648799419403
v 0.3251954913139343 0.6923830062150955 -0.3583984822034836
v 0.3251954913139343 0.75 -0.36425749957561493
v 0.3701174855232239 0.7490230053663254 -0.3681644946336746
v 0.3701174855232239 0.6914059966802597 -0.36425749957561493
v 0.3251954913139343 0.6923830062150955 -0.3583984822034836
v 0.3701174855232239 0.6914059966802597 -0.36425749957561493
v 0.3701174855232239 0.6923830062150955 -0.12207049131393433
v 0.3271484971046448 0.6923830062150955 -0.12304648756980896
v -0.061279501765966415 0.9199219942092896 -0.014343488030135632
v -0.06176750361919403 0.9199219942092896 0.01159651204943657
v -0.07995550334453583 0.9199219942092896 -0.0014034879859536886
v -0.09814450144767761 0.9199219942092896 0.011657511815428734
v -0.09863249957561493 0.9199219942092896 -0.0145264882594347
v 0.024169497191905975 0.7070309966802597 -0.4052734822034836
v 0.017211496829986572 0.7255859971046448 -0.40722648799419403
v -0.0014095029036980122 0.7077540010213852 -0.4072214812040329
v -0.001197502890136093 0.7333980053663254 -0.40722648799419403
v -0.019775502383708954 0.7255859971046448 -0.40722648799419403
v -0.0264895036816597 0.7070309966802597 -0.40722648799419403
v -0.02026350237429142 0.6904300004243851 -0.40722648799419403
v -0.0014875028864480555 0.6826169937849045 -0.4052734822034836
v 0.016479497775435448 0.6904300004243851 -0.40722648799419403
v -0.3271484971046448 0.7451169937849045 0.3916015177965164
v -0.3271484971046448 0.822266012430191 0.38964851200580597
v -0.35157251358032227 0.7839289903640747 0.3906075209379196
v -0.3759765028953552 0.8242189884185791 0.3916015177965164
v -0.3759765028953552 0.7441409975290298 0.3916015177965164
v 0.0005034970818087459 0.6816409975290298 0.4072265177965164
v -0.019287502393126488 0.6904300004243851 0.40527351200580597
v -0.00046150287380442023 0.7074950039386749 0.40498651564121246
v -0.025878502056002617 0.7070309966802597 0.40527351200580597
v -0.019287502393126488 0.7255859971046448 0.40527351200580597
v -0.0004955028998665512 0.734375 0.40527351200580597
v 0.01831049658358097 0.7255859971046448 0.40527351200580597
v 0.02453649789094925 0.7050780057907104 0.40527351200580597
v 0.017822496592998505 0.6904300004243851 0.4072265177965164
v -0.3974604904651642 0.822266012430191 -0.3310544937849045
v -0.3994145095348358 0.822266012430191 -0.397460475564003
v -0.3984275162220001 0.7744089961051941 -0.3632744997739792
v -0.3974604904651642 0.7255859971046448 -0.39550749957561493
v -0.3974604904651642 0.7275390028953552 -0.32910148799419403
v 0.1718754917383194 0.890625 -0.05957048758864403
v 0.1992184966802597 0.890625 -0.026855487376451492
v 0.0014644970651715994 0.890625 -0.001281487988308072
v 0.19824250042438507 0.890625 0.02270551212131977
v 0.16992150247097015 0.890625 0.057861510664224625
v -0.16601550579071045 0.890625 0.05810551345348358
v -0.19628849625587463 0.890625 0.02294951118528843
v -0.19628849625587463 0.890625 -0.025390487164258957
v -0.16894550621509552 0.890625 -0.06005848944187164
v -0.3271484971046448 0.5366210006177425 -0.34863249957561493
v -0.3271484971046448 0.4514160007238388 -0.34863249957561493
v -0.3496204912662506 0.49450099980458617 -0.3486334830522537
v -0.3720704913139343 0.45165999978780746 -0.350585475564003
v -0.3720704913139343 0.5383299998939037 -0.34863249957561493
v 0.3291015028953552 0.7167969942092896 -0.397460475564003
v 0.3291015028953552 0.7167969942092896 -0.34472648799419403
v 0.3300834894180298 0.6679690033197403 -0.3706054836511612
v 0.3310545086860657 0.6186520010232925 -0.34472648799419403
v 0.3310545086860657 0.6196290031075478 -0.39550749957561493
v 0.029296496883034706 0.6748050004243851 0.3720705062150955
v -0.0002825029077939689 0.6650390028953552 0.3720705062150955
v -0.0004905028908979148 0.707273006439209 0.37251152098178864
v -0.03063950315117836 0.6748050004243851 0.3720705062150955
v -0.044921502470970154 0.7070309966802597 0.3720705062150955
v -0.03063950315117836 0.7402340024709702 0.3720705062150955
v -0.0004695028765127063 0.7490230053663254 0.37402351200580597
v 0.0295414961874485 0.7402340024709702 0.3720705062150955
v 0.04418949782848358 0.7070309966802597 0.3720705062150955
v -0.3349604904651642 0.5373539999127388 0.39550749957561493
v -0.3349604904651642 0.6176759973168373 0.39746151864528656
v -0.3349415063858032 0.5774590000510216 0.37157250940799713
v -0.3330075144767761 0.6176759973168373 0.34667952358722687
v -0.3349604904651642 0.5371089987456799 0.34667952358722687
v -0.031005503609776497 0.6748050004243851 -0.37207047641277313
v -0.0008235028944909573 0.6660159975290298 -0.37207047641277313
v -0.0011025028943549842 0.7071530073881149 -0.3724074810743332
v 0.028442496433854103 0.6748050004243851 -0.37207047641277313
v 0.04394549876451492 0.7070309966802597 -0.37207047641277313
v 0.02868649736046791 0.7392580062150955 -0.3740234822034836
v -0.0011515028891153634 0.7490230053663254 -0.37207047641277313
v -0.031005503609776497 0.7392580062150955 -0.37207047641277313
v -0.04589850455522537 0.7070309966802597 -0.37207047641277313
v 0.3310545086860657 0.3515619933605194 0.34667952358722687
v 0.33300748467445374 0.3515619933605194 0.39550749957561493
v 0.33205050230026245 0.31005899608135223 0.3706045001745224
v 0.33300748467445374 0.26855500042438507 0.39550749957561493
v 0.3310545086860657 0.26855500042438507 0.3447265177965164
v -0.3349604904651642 0.3525390028953552 -0.39550749957561493
v -0.3349604904651642 0.26855500042438507 -0.3935544937849045
v -0.3340035080909729 0.31054699420928955 -0.3696284741163254
v -0.3330075144767761 0.26855500042438507 -0.34472648799419403
v -0.3330075144767761 0.3525390028953552 -0.34472648799419403
v -0.3740234971046448 0.6186520010232925 -0.350585475564003
v -0.3271484971046448 0.6176759973168373 -0.34863249957561493
v -0.35059651732444763 0.5782419964671135 -0.34964947402477264
v -0.3291015028953552 0.5380860008299351 -0.350585475564003
v -0.3720704913139343 0.5385739989578724 -0.350585475564003
v -0.3994145095348358 0.7275390028953552 0.33300749957561493
v -0.3994145095348358 0.7275390028953552 0.39746151864528656
v -0.3994145095348358 0.7744140028953552 0.36572252213954926
v -0.3994145095348358 0.8203119933605194 0.39746151864528656
v -0.3994145095348358 0.822266012430191 0.33496151864528656
v 0.3291015028953552 0.18945300579071045 0.39550749957561493
v 0.3271484971046448 0.10742199420928955 0.39550749957561493
v 0.3530535101890564 0.14843198657035828 0.39652352035045624
v 0.3779295086860657 0.10742199420928955 0.399414524435997
v 0.3779295086860657 0.18945300579071045 0.39746151864528656
v 0.33300748467445374 0.5375979989767075 -0.39550749957561493
v 0.33300748467445374 0.6171879991889 -0.39550749957561493
v 0.3320314884185791 0.5772709995508194 -0.37011750042438507
v 0.3310545086860657 0.6166990026831627 -0.34472648799419403
v 0.3310545086860657 0.5375979989767075 -0.34472648799419403
v 0.3310545086860657 0.4384769983589649 -0.39550749957561493
v 0.3310545086860657 0.4387210011482239 -0.34472648799419403
v 0.3310545086860657 0.39556899666786194 -0.3706054836511612
v 0.3310545086860657 0.3525390028953552 -0.34472648799419403
v 0.3310545086860657 0.3525390028953552 -0.397460475564003
v -0.29199251532554626 0.8417969942092896 0.1484375149011612
v -0.29003849625587463 0.84375 -0.002487487974576652
v -0.0009775028953526999 0.8437420129776001 0.07307351380586624
v 0.2880854904651642 0.84375 -0.0011294879950582981
v 0.2900395095348358 0.84375 0.14746151864528656
v -0.3740234971046448 0.6186520010232925 0.352539524435997
v -0.3291015028953552 0.6186520010232925 0.35449250042438507
v -0.35206151008605957 0.6552660018205643 0.3545124977827072
v -0.3291015028953552 0.6914059966802597 0.35449250042438507
v -0.3759765028953552 0.6923830062150955 0.35449250042438507
v 0.3310545086860657 0.26757800579071045 -0.34472648799419403
v 0.3310545086860657 0.26757800579071045 -0.39550749957561493
v 0.3310545086860657 0.30956999957561493 -0.37011750042438507
v 0.3310545086860657 0.3515619933605194 -0.39550749957561493
v 0.3310545086860657 0.3515619933605194 -0.34472648799419403
v -0.3759765028953552 0.7441409975290298 -0.38574250042438507
v -0.3740234971046448 0.8242189884185791 -0.38378848135471344
v -0.3510745167732239 0.7841799855232239 -0.3837694972753525
v -0.3271484971046448 0.8242189884185791 -0.38574250042438507
v -0.3271484971046448 0.7441409975290298 -0.38378848135471344
v 0.3720704913139343 0.5395510010421276 0.35449250042438507
v 0.3720704913139343 0.6176759973168373 0.35449250042438507
v 0.34912049770355225 0.5784910023212433 0.3535365015268326
v 0.3271484971046448 0.6176759973168373 0.352539524435997
v 0.3251954913139343 0.5390620008111 0.352539524435997
v 0.33300748467445374 0.35351599752902985 0.39550749957561493
v 0.3310545086860657 0.3544919937849045 0.34277351200580597
v 0.33207249641418457 0.3966120034456253 0.3691495209932327
v 0.33300748467445374 0.43994100019335747 0.3447265177965164
v 0.33300748467445374 0.4384769983589649 0.39355452358722687
v 0.3310545086860657 0.6201170012354851 0.34667952358722687
v 0.3310545086860657 0.7177730053663254 0.3447265177965164
v 0.33204948902130127 0.6687009930610657 0.3706045001745224
v 0.33300748467445374 0.7167969942092896 0.39550749957561493
v 0.33300748467445374 0.6201170012354851 0.39550749957561493
v 0.3310545086860657 0.4462889991700649 0.3447265177965164
v 0.33300748467445374 0.5296630002558231 0.3447265177965164
v 0.3330034911632538 0.4877869999036193 0.3701075166463852
v 0.33300748467445374 0.5289309993386269 0.39550749957561493
v 0.33300748467445374 0.4462889991700649 0.39550749957561493
v -0.29003849625587463 0.8417969942092896 -0.15136748552322388
v 0.2880854904651642 0.8417969942092896 -0.1523434817790985
v -0.0009755028953577494 0.8417980074882507 -0.07712248712778091
v 0.2880854904651642 0.84375 -0.0027004879666492343
v -0.29003849625587463 0.8417969942092896 -0.0020904879784211516
v 0.3251954913139343 0.5378420017659664 -0.350585475564003
v 0.3720704913139343 0.5378420017659664 -0.35253848135471344
v 0.34862250089645386 0.4949900000356138 -0.3515165001153946
v 0.3701174855232239 0.4519039988517761 -0.350585475564003
v 0.3271484971046448 0.4523929990828037 -0.350585475564003
v -0.3349604904651642 0.35351599752902985 0.39550749957561493
v -0.3349604904651642 0.44043000042438507 0.39550749957561493
v -0.33398449420928955 0.39728300273418427 0.37110351026058197
v -0.3349604904651642 0.44067399948835373 0.34667952358722687
v -0.3330075144767761 0.3544919937849045 0.34667952358722687
v -0.3291015028953552 0.1914060115814209 -0.3896484822034836
v -0.3291015028953552 0.109375 -0.39160148799419403
v -0.3534665107727051 0.14990800619125366 -0.3935614973306656
v -0.3779295086860657 0.10742199420928955 -0.39550749957561493
v -0.3779295086860657 0.1914060115814209 -0.39550749957561493
v -0.3271484971046448 0.3525390028953552 -0.34863249957561493
v -0.3291015028953552 0.2695309966802597 -0.350585475564003
v -0.35106348991394043 0.311040997505188 -0.350585475564003
v -0.3740234971046448 0.2695309966802597 -0.350585475564003
v -0.3740234971046448 0.3525390028953552 -0.350585475564003
v -0.3349604904651642 0.18945300579071045 -0.39550749957561493
v -0.3330075144767761 0.18945300579071045 -0.3466794937849045
v -0.33394551277160645 0.22729501128196716 -0.37011848390102386
v -0.3330075144767761 0.265625 -0.3427734822034836
v -0.3349604904651642 0.2646480053663254 -0.39550749957561493
v -0.3291015028953552 0.5356450006365776 0.35449250042438507
v -0.3740234971046448 0.5383299998939037 0.35449250042438507
v -0.35108450055122375 0.49420699989423156 0.35351650416851044
v -0.3740234971046448 0.45165999978780746 0.35449250042438507
v -0.3271484971046448 0.45117200165987015 0.352539524435997
v -0.3330075144767761 0.6191409975290298 0.39550749957561493
v -0.3349604904651642 0.7177730053663254 0.39550749957561493
v -0.33493348956108093 0.6689610034227371 0.3715514987707138
v -0.33886751532554626 0.7197269946336746 0.34863249957561493
v -0.3349604904651642 0.6191409975290298 0.34667952358722687
v 0.3271484971046448 0.6923830062150955 0.352539524435997
v 0.3271484971046448 0.6191409975290298 0.352539524435997
v 0.3495984971523285 0.6555110067129135 0.35351552069187164
v 0.3720704913139343 0.6181640028953552 0.352539524435997
v 0.3720704913139343 0.6923830062150955 0.35449250042438507
v -0.3349604904651642 0.44604500010609627 -0.39550749957561493
v -0.3349604904651642 0.4462889991700649 -0.34472648799419403
v -0.3349604904651642 0.48831200040876865 -0.37011750042438507
v -0.3349604904651642 0.5306400004774332 -0.34472648799419403
v -0.3349604904651642 0.5302729997783899 -0.39550749957561493
v 0.2900395095348358 0.8417969942092896 -0.2841794937849045
v 0.2880854904651642 0.8417969942092896 -0.15722648799419403
v -0.0004885029047727585 0.8417969942092896 -0.21972648799419403
v -0.29003849625587463 0.8417969942092896 -0.15527348220348358
v -0.29003849625587463 0.8417969942092896 -0.28222648799419403
v -0.3271484971046448 0.6923830062150955 -0.34863249957561493
v -0.3271484971046448 0.6181640028953552 -0.350585475564003
v -0.35059550404548645 0.6550360023975372 -0.34960247576236725
v -0.3740234971046448 0.6181640028953552 -0.34863249957561493
v -0.3740234971046448 0.6914059966802597 -0.34863249957561493
v -0.3349604904651642 0.5371089987456799 -0.34472648799419403
v -0.3330075144767761 0.6176759973168373 -0.34472648799419403
v -0.3339974880218506 0.5773869976401329 -0.36963848769664764
v -0.3349604904651642 0.6181640028953552 -0.39550749957561493
v -0.3349604904651642 0.5366210006177425 -0.3935544937849045
v 0.3310545086860657 0.5285640005022287 -0.34472648799419403
v 0.3310545086860657 0.4458010010421276 -0.34472648799419403
v 0.3320314884185791 0.4873350001871586 -0.37011750042438507
v 0.33300748467445374 0.4462889991700649 -0.39550749957561493
v 0.33300748467445374 0.5286870002746582 -0.39550749957561493
v 0.3720704913139343 0.5388180017471313 -0.350585475564003
v 0.3271484971046448 0.5388180017471313 -0.350585475564003
v 0.34960949420928955 0.5783689990639687 -0.3515534847974777
v 0.3271484971046448 0.6171879991889 -0.35253848135471344
v 0.3720704913139343 0.6186520010232925 -0.35253848135471344
v -0.3349604904651642 0.2666019946336746 0.34667952358722687
v -0.3330075144767761 0.18945300579071045 0.34667952358722687
v -0.3339974880218506 0.22754499316215515 0.37110351026058197
v -0.3349604904651642 0.18945300579071045 0.39550749957561493
v -0.3349604904651642 0.2646480053663254 0.39550749957561493
v 0.39746150374412537 0.8203119933605194 0.39746151864528656
v 0.39746150374412537 0.7246090024709702 0.39746151864528656
v 0.39746150374412537 0.7724609971046448 0.3647465258836746
v 0.39746150374412537 0.7246090024709702 0.33105452358722687
v 0.39746150374412537 0.8203119933605194 0.33300749957561493
v -0.3740234971046448 0.18945300579071045 -0.35253848135471344
v -0.3740234971046448 0.2666019946336746 -0.350585475564003
v -0.35157251358032227 0.22826498746871948 -0.3506055027246475
v -0.3291015028953552 0.265625 -0.350585475564003
v -0.3291015028953552 0.1914060115814209 -0.350585475564003
v 0.3720704913139343 0.3525390028953552 0.33496151864528656
v 0.3740234971046448 0.43774399906396866 0.33496151864528656
v 0.35010749101638794 0.39514700323343277 0.3359365016222
v 0.3271484971046448 0.43774399906396866 0.33496151864528656
v 0.3271484971046448 0.3525390028953552 0.336914524435997
v -0.3330075144767761 0.44604500010609627 0.34667952358722687
v -0.3349604904651642 0.4453120008111 0.39550749957561493
v -0.3339805006980896 0.48819500021636486 0.371084526181221
v -0.3330075144767761 0.5306400004774332 0.39550749957561493
v -0.3330075144767761 0.5307620000094175 0.34667952358722687
v 0.3291015028953552 0.265625 0.352539524435997
v 0.3291015028953552 0.18945300579071045 0.352539524435997
v 0.35104048252105713 0.22777599096298218 0.35451050102710724
v 0.3740234971046448 0.18945300579071045 0.35449250042438507
v 0.3720704913139343 0.2666019946336746 0.3564455062150955
v -0.3291015028953552 0.4392089992761612 0.336914524435997
v -0.3740234971046448 0.4396970011293888 0.336914524435997
v -0.3515625 0.39599599689245224 0.336914524435997
v -0.3740234971046448 0.3525390028953552 0.336914524435997
v -0.3291015028953552 0.3525390028953552 0.336914524435997
v -0.3330075144767761 0.7177730053663254 -0.34472648799419403
v -0.3349604904651642 0.7177730053663254 -0.39550749957561493
v -0.33496350049972534 0.6680909991264343 -0.37011750042438507
v -0.3330075144767761 0.6186520010232925 -0.39550749957561493
v -0.3349604904651642 0.6181640028953552 -0.34472648799419403
vt 0.6166689991950989 0.8684099912643433
vt 0.5920959711074829 0.8938930034637451
vt 0.5925599932670593 0.8693040013313293
vt 0.5920950174331665 0.311877965927124
vt 0.5925419926643372 0.11116898059844971
vt 0.6171259880065918 0.31187599897384644
vt 0.6899539828300476 0.5479559898376465
vt 0.6658290028572083 0.5479530096054077
vt 0.6658290028572083 0.3472479581832886
vt 0.6166689991950989 0.8934460282325745
vt 0.689499020576477 0.3472509980201721
vt 0.8520399928092957 0.008476972579956055
vt 0.8452140092849731 0.0
vt 0.8520399928092957 0.0
vt 0.8452140092849731 0.008476972579956055
vt 0.5174829959869385 0.6718770265579224
vt 0.5114380121231079 0.6718739867210388
vt 0.5175430178642273 0.6650500297546387
vt 0.9376919865608215 0.7177190184593201
vt 0.949524998664856 0.7177190184593201
vt 0.9376919865608215 0.8724600076675415
vt 0.4580099880695343 0.8091660141944885
vt 0.4578390121459961 0.6544250249862671
vt 0.4780920147895813 0.6539999842643738
vt 0.4780920147895813 0.8091959953308105
vt 0.9291800260543823 0.06634598970413208
vt 0.91280198097229 0.02993297576904297
vt 0.9287300109863281 0.02993398904800415
vt 0.7168660163879395 0.07646602392196655
vt 0.6804640293121338 0.07555997371673584
vt 0.7168660163879395 0.03959697484970093
vt 0.8964139819145203 0.10412001609802246
vt 0.8964239954948425 0.06725198030471802
vt 0.9127920269966125 0.10346698760986328
vt 0.91280198097229 0.06634199619293213
vt 0.6373270153999329 0.09868597984313965
vt 0.6320459842681885 0.10362696647644043
vt 0.6277959942817688 0.09457999467849731
vt 0.4780920147895813 0.7517480254173279
vt 0.4781239926815033 0.7435899972915649
vt 0.48631200194358826 0.7438129782676697
vt 0.6330580115318298 0.7450299859046936
vt 0.6412490010261536 0.7450339794158936
vt 0.6335129737854004 0.7519000172615051
vt 0.6373270153999329 0.08966302871704102
vt 0.4862839877605438 0.7512919902801514
vt 0.567520022392273 0.4846940040588379
vt 0.5920959711074829 0.6852750182151794
vt 0.567520022392273 0.68538898229599
vt 0.5916429758071899 0.48503804206848145
vt 0.924036979675293 0.6890460252761841
vt 0.924036979675293 0.7136229872703552
vt 0.8999149799346924 0.713621973991394
vt 0.8999149799346924 0.6890469789505005
vt 0.6412510275840759 0.34730398654937744
vt 0.6412510275840759 0.5480149984359741
vt 0.61667400598526 0.3472479581832886
vt 0.6580860018730164 0.7036539912223816
vt 0.6587780117988586 0.858847975730896
vt 0.6412559747695923 0.858847975730896
vt 0.6589999794960022 0.703652024269104
vt 0.6412510275840759 0.703652024269104
vt 0.13391999900341034 0.639909029006958
vt 0.1471630036830902 0.639909029006958
vt 0.14056099951267242 0.8004930019378662
vt 0.9258090257644653 0.11116898059844971
vt 0.9371860027313232 0.11162298917770386
vt 0.9258090257644653 0.2668200135231018
vt 0.8276600241661072 0.5324839949607849
vt 0.8274369835853577 0.688135027885437
vt 0.8081809878349304 0.688135027885437
vt 0.807778000831604 0.5329390168190002
vt 0.6385449767112732 0.6524559855461121
vt 0.6353340148925781 0.6455829739570618
vt 0.640828013420105 0.6455829739570618
vt 0.615742027759552 0.6196280121803284
vt 0.6112099885940552 0.6272259950637817
vt 0.6112099885940552 0.6090030074119568
vt 0.059450000524520874 0.690883994102478
vt 0.07902199774980545 0.5060549974441528
vt 0.07947500050067902 0.6903799772262573
vt 0.8771589994430542 0.7177190184593201
vt 0.8625950217247009 0.5324839949607849
vt 0.8767039775848389 0.5324839949607849
vt 0.059450000524520874 0.5056480169296265
vt 0.8621389865875244 0.7172629833221436
vt 0.7189570069313049 0.3456690311431885
vt 0.7219539880752563 0.3426300287246704
vt 0.7225120067596436 0.34306204319000244
vt 0.7153689861297607 0.3454020023345947
vt 0.715457022190094 0.3446049690246582
vt 0.7190830111503601 0.3447810411453247
vt 0.17202800512313843 0.4838849902153015
vt 0.1712539941072464 0.48454201221466064
vt 0.1712539941072464 0.480571985244751
vt 0.3450169861316681 0.5557649731636047
vt 0.3445039987564087 0.5596219897270203
vt 0.34404799342155457 0.5552369952201843
vt 0.04346499964594841 0.8046960234642029
vt 0.024118000641465187 0.8042430281639099
vt 0.04346499964594841 0.6403999924659729
vt 0.39798998832702637 0.9770439863204956
vt 0.40845799446105957 0.8127449750900269
vt 0.40845799446105957 0.9770439863204956
vt 0.39798998832702637 0.8127449750900269
vt 0.765051007270813 0.34768301248550415
vt 0.765736997127533 0.527899980545044
vt 0.7477570176124573 0.5279250144958496
vt 0.7477570176124573 0.3472479581832886
vt 0.9308990240097046 0.697547972202301
vt 0.930433988571167 0.6918169856071472
vt 0.9339799880981445 0.6961249709129333
vt 0.6154670119285583 0.5773789882659912
vt 0.6155400276184082 0.5822820067405701
vt 0.6112099885940552 0.5821629762649536
vt 0.6115909814834595 0.5772039890289307
vt 0.6162989735603333 0.5733940005302429
vt 0.9322050213813782 0.7023640275001526
vt 0.9278550148010254 0.6937980055809021
vt 0.016838999465107918 0.8988630175590515
vt 0.0 0.8984079957008362
vt 3.000000106112566e-06 0.8619970083236694
vt 0.000455000001238659 0.8993179798126221
vt 0.7259119749069214 0.7172579765319824
vt 0.7254520058631897 0.8547059893608093
vt 0.7254520058631897 0.7172629833221436
vt 0.5916399955749512 0.4846940040588379
vt 0.5552319884300232 0.48423999547958374
vt 0.5920959711074829 0.3472479581832886
vt 0.016383999958634377 0.8993179798126221
vt 0.015931999310851097 0.86245197057724
vt 0.7591320276260376 0.344868004322052
vt 0.7491199970245361 0.3316720128059387
vt 0.7591320276260376 0.33144301176071167
vt 0.7486640214920044 0.3448690176010132
vt 0.8964139819145203 0.08443301916122437
vt 0.8829879760742188 0.08443301916122437
vt 0.8964099884033203 0.029479026794433594
vt 0.8462100028991699 0.8533440232276917
vt 0.8462100028991699 0.7172629833221436
vt 0.8621339797973633 0.7172650098800659
vt 0.8621379733085632 0.8533440232276917
vt 0.29218199849128723 0.34816300868988037
vt 0.29354798793792725 0.34816300868988037
vt 0.29218199849128723 0.4842450022697449
vt 0.7805200219154358 0.9270769953727722
vt 0.7645909786224365 0.9270769953727722
vt 0.7805200219154358 0.925711989402771
vt 0.9604480266571045 0.8824740052223206
vt 0.9604489803314209 0.7177190184593201
vt 0.9709159731864929 0.7181749939918518
vt 0.9709159731864929 0.8820189833641052
vt 0.7892119884490967 0.2759220004081726
vt 0.7696430087089539 0.2754650115966797
vt 0.788985013961792 0.11116999387741089
vt 0.29218000173568726 0.34816300868988037
vt 0.29218199849128723 0.4842430353164673
vt 0.25577300786972046 0.4842450022697449
vt 0.25485900044441223 0.34816300868988037
vt 0.9185770153999329 0.8742129802703857
vt 0.9181219935417175 0.9115319848060608
vt 0.9021890163421631 0.8742160201072693
vt 0.8785229921340942 0.8538010120391846
vt 0.8621389865875244 0.8533449769020081
vt 0.87807297706604 0.7177190184593201
vt 0.07987300306558609 0.17431902885437012
vt 0.07964900135993958 0.3395270109176636
vt 0.0002300000051036477 0.3399829864501953
vt 0.9908940196037292 0.27682697772979736
vt 0.9813349843025208 0.27682697772979736
vt 0.9904569983482361 0.1116260290145874
vt 0.38843199610710144 0.7334200143814087
vt 0.38843199610710144 0.6535450220108032
vt 0.3979870080947876 0.7331380248069763
vt 0.0 0.17431902885437012
vt 0.6407570242881775 0.7696080207824707
vt 0.6407939791679382 0.7714250087738037
vt 0.6332679986953735 0.7706509828567505
vt 0.8302059769630432 0.2846330404281616
vt 0.832027018070221 0.2911180257797241
vt 0.8283860087394714 0.2864530086517334
vt 0.633450984954834 0.7683740258216858
vt 0.6407139897346497 0.767333984375
vt 0.8324819803237915 0.2836090326309204
vt 0.8333920240402222 0.2904360294342041
vt 0.8461269736289978 0.050525009632110596
vt 0.8415759801864624 0.05667001008987427
vt 0.8411210179328918 0.050525009632110596
vt 0.6166719794273376 0.7615450024604797
vt 0.6165760159492493 0.7665500044822693
vt 0.6090599894523621 0.7668610215187073
vt 0.6091729998588562 0.7609459757804871
vt 0.8465819954872131 0.057124972343444824
vt 0.8616870045661926 0.8902090191841125
vt 0.8616840243339539 0.8538010120391846
vt 0.8780750036239624 0.8906599879264832
vt 0.5538769960403442 1.0132789611816406e-06
vt 0.5174670219421387 0.13562601804733276
vt 0.5174670219421387 2.0265579223632812e-06
vt 0.554332971572876 0.13562703132629395
vt 0.5552420020103455 0.13608098030090332
vt 0.862142026424408 0.8915749788284302
vt 0.5552409887313843 0.0
vt 0.9647259712219238 0.49151599407196045
vt 0.972465991973877 0.3267630338668823
vt 0.9724649786949158 0.4910619854927063
vt 0.9619979858398438 0.3267630338668823
vt 0.9619979858398438 0.49060702323913574
vt 0.6071130037307739 0.31317901611328125
vt 0.6122249960899353 0.31283795833587646
vt 0.6072199940681458 0.31525397300720215
vt 0.5112789869308472 0.6276029944419861
vt 0.5133910179138184 0.6260380148887634
vt 0.5120099782943726 0.6322119832038879
vt 0.924036979675293 0.6917669773101807
vt 0.9251859784126282 0.6890460252761841
vt 0.9603999853134155 0.2759230136871338
vt 0.9603989720344543 0.11116898059844971
vt 0.9708679914474487 0.11116898059844971
vt 0.8443629741668701 0.5119990110397339
vt 0.8261590003967285 0.5119990110397339
vt 0.8445799946784973 0.3472479581832886
vt 0.9708679914474487 0.27546799182891846
vt 0.8188369870185852 0.30580103397369385
vt 0.8233159780502319 0.29836201667785645
vt 0.8260790109634399 0.3016350269317627
vt 0.5112789869308472 0.660938024520874
vt 0.5176349878311157 0.660938024520874
vt 0.5112839937210083 0.6627690196037292
vt 0.8265650272369385 0.304872989654541
vt 0.8193190097808838 0.30852699279785156
vt 0.8170070052146912 0.3048520088195801
vt 0.5179100036621094 0.5991590023040771
vt 0.5178530216217041 0.6018880009651184
vt 0.511551022529602 0.5992990136146545
vt 0.3250359892845154 0.6849679946899414
vt 0.3250359892845154 0.8401640057563782
vt 0.3057509958744049 0.8401489853858948
vt 0.30538100004196167 0.684952974319458
vt 0.9122030138969421 0.5324839949607849
vt 0.924036979675293 0.5324839949607849
vt 0.9122040271759033 0.6876800060272217
vt 0.48241400718688965 0.840142011642456
vt 0.4942449927330017 0.9743630290031433
vt 0.48241400718688965 0.9748579859733582
vt 0.4933379888534546 0.8405600190162659
vt 0.6539769768714905 0.9052339792251587
vt 0.6544319987297058 0.9354990124702454
vt 0.643060028553009 0.9052309989929199
vt 0.9891219735145569 0.5325090289115906
vt 0.9795669913291931 0.6981430053710938
vt 0.9795629978179932 0.5324839949607849
vt 0.045740000903606415 0.5056480169296265
vt -0.0 0.5056470036506653
vt 0.0452830009162426 0.3399839997291565
vt 0.9891219735145569 0.6981719732284546
vt 0.1724800020456314 0.9373729825019836
vt 0.16292299330234528 0.937146008014679
vt 0.1724800020456314 0.8916339874267578
vt 0.2164040058851242 0.5138289928436279
vt 0.21708600223064423 0.6995180249214172
vt 0.19478599727153778 0.699517011642456
vt 0.8475279808044434 0.11116898059844971
vt 0.8630020022392273 0.2968599796295166
vt 0.8475279808044434 0.2968599796295166
vt 0.19478599727153778 0.5138279795646667
vt 0.862546980381012 0.11116898059844971
vt 0.13391999900341034 0.639909029006958
vt 0.13391999900341034 0.7977579832077026
vt 0.11377900093793869 0.6425179839134216
vt 0.30538100004196167 0.4842439889907837
vt 0.30538100004196167 0.6413000226020813
vt 0.3035599887371063 0.6408460140228271
vt 0.9813830256462097 0.8747360110282898
vt 0.9709159731864929 0.8747360110282898
vt 0.9813830256462097 0.7177190184593201
vt 0.39798998832702637 0.6544560194015503
vt 0.41773998737335205 0.8102200031280518
vt 0.39798998832702637 0.8127449750900269
vt 0.3441160023212433 0.5810580253601074
vt 0.3450169861316681 0.5852919816970825
vt 0.343207985162735 0.5854870080947876
vt 0.3423309922218323 0.581479012966156
vt 0.3422349989414215 0.5338529944419861
vt 0.3440549969673157 0.5339670181274414
vt 0.3422360122203827 0.5381389856338501
vt 0.7875819802284241 0.8995400071144104
vt 0.8116989731788635 0.9241210222244263
vt 0.7875819802284241 0.9236649870872498
vt 0.024118000641465187 0.7063400149345398
vt 1.2999999853491317e-05 0.5056480169296265
vt 0.02367899939417839 0.5056480169296265
vt 0.0 0.7063450217247009
vt 0.6171259880065918 0.311926007270813
vt 0.6171259880065918 0.11122101545333862
vt 0.6412460207939148 0.31186699867248535
vt 0.8116899728775024 0.9004499912261963
vt 0.506076991558075 0.9160940051078796
vt 0.506076991558075 0.8610219955444336
vt 0.5170069932937622 0.8602020144462585
vt 0.889631986618042 0.5179160237312317
vt 0.8764380216598511 0.5178549885749817
vt 0.889631986618042 0.46284401416778564
vt 0.5160899758338928 0.9160630106925964
vt 0.5606880187988281 0.8788210153579712
vt 0.5606880187988281 0.9052219986915588
vt 0.5351970195770264 0.878836989402771
vt 0.7818859815597534 0.2959420084953308
vt 0.8073750138282776 0.2959519624710083
vt 0.8078190088272095 0.33144497871398926
vt 0.7814249992370605 0.33144497871398926
vt 0.8069850206375122 0.0
vt 0.8069850206375122 0.03550302982330322
vt 0.7805910110473633 0.0003389716148376465
vt 0.8265650272369385 0.33526504039764404
vt 0.8315719962120056 0.3343549966812134
vt 0.832027018070221 0.3358340263366699
vt 0.4865109920501709 0.7033270001411438
vt 0.48651599884033203 0.7074310183525085
vt 0.47900399565696716 0.7067850232124329
vt 0.47876399755477905 0.7032560110092163
vt 0.8279309868812561 0.3393610119819641
vt 0.48651599884033203 0.659637987613678
vt 0.827019989490509 0.2915729880332947
vt 0.8306609988212585 0.3336719870567322
vt 0.8292660117149353 0.27501797676086426
vt 0.8292049765586853 0.1111840009689331
vt 0.847527027130127 0.11116898059844971
vt 0.9615430235862732 0.4910619854927063
vt 0.9510759711265564 0.4910619854927063
vt 0.9619979858398438 0.3272179961204529
vt 0.847527027130127 0.2754620313644409
vt -0.0 0.17384999990463257
vt 0.0 0.0
vt 0.17248399555683136 0.00046902894973754883
vt 0.5174670219421387 0.1738569736480713
vt 0.34497499465942383 0.1738569736480713
vt 0.34543099999427795 0.00045502185821533203
vt 0.17248399555683136 0.17431902885437012
vt 0.5174670219421387 0.0
vt 0.517911970615387 0.17475998401641846
vt 0.517911970615387 0.3472479581832886
vt 0.3454209864139557 0.17430901527404785
vt 0.9908940196037292 0.11116898059844971
vt 0.9999920129776001 0.11117297410964966
vt 0.9908940196037292 0.2768310308456421
vt 0.11377900093793869 0.3399839997291565
vt 0.06895100325345993 0.5056489706039429
vt 0.06894899904727936 0.3399839997291565
vt 0.11332499980926514 0.5056480169296265
vt 0.9292290210723877 0.3116530179977417
vt 0.9387850165367126 0.26691901683807373
vt 0.9383360147476196 0.31129002571105957
vt 0.9292290210723877 0.266821026802063
vt 0.9023730158805847 0.3217719793319702
vt 0.889398992061615 0.32268500328063965
vt 0.9021369814872742 0.2668260335922241
vt 0.9494749903678894 0.11116898059844971
vt 0.9603989720344543 0.11159402132034302
vt 0.9494770169258118 0.2759239673614502
vt 0.7477530241012573 0.6972330212593079
vt 0.76767498254776 0.5324839949607849
vt 0.7677819728851318 0.6967779994010925
vt 0.7477589845657349 0.5324839949607849
vt 0.511680006980896 0.6018580198287964
vt 0.5178629755973816 0.623449981212616
vt 0.5115910172462463 0.6235910058021545
vt 0.8402069807052612 0.012516021728515625
vt 0.8406630158424377 0.0342479944229126
vt 0.8338369727134705 0.010466992855072021
vt 0.8411189913749695 0.009954988956451416
vt 0.555063009262085 0.34487104415893555
vt 0.5511990189552307 0.34504300355911255
vt 0.5525519847869873 0.34044700860977173
vt 0.6112099885940552 0.6089100241661072
vt 0.6159070134162903 0.6050819754600525
vt 0.6150779724121094 0.6090030074119568
vt 0.6115990281105042 0.6045460104942322
vt 0.7811300158500671 0.8841360211372375
vt 0.7854830026626587 0.886771023273468
vt 0.7810249924659729 0.8854380249977112
vt 0.7778540253639221 0.879476010799408
vt 0.555063009262085 0.34032899141311646
vt 0.11377900093793869 0.5056480169296265
vt 0.11377900093793869 0.6394540071487427
vt 0.07950600236654282 0.6390569806098938
vt 0.5907319784164429 0.9744200110435486
vt 0.5793539881706238 0.9748759865760803
vt 0.5793539881706238 0.840158998966217
vt 0.07947500050067902 0.5057060122489929
vt 0.5907319784164429 0.8406140208244324
vt 0.8785309791564941 0.9333509802818298
vt 0.8785229921340942 0.8990439772605896
vt 0.8898990154266357 0.9337300062179565
vt 0.9037430286407471 0.4819580316543579
vt 0.8914549946784973 0.48241400718688965
vt 0.9028329849243164 0.3272169828414917
vt 0.42842501401901245 0.8102309703826904
vt 0.42825600504875183 0.6554890275001526
vt 0.44833800196647644 0.6550120115280151
vt 0.44833800196647644 0.8106639981269836
vt 0.14839500188827515 0.6917930245399475
vt 0.1488489955663681 0.506102979183197
vt 0.17092199623584747 0.5056480169296265
vt 0.17092199623584747 0.6913380026817322
vt 0.8759809732437134 0.5124509930610657
vt 0.8605070114135742 0.5119950175285339
vt 0.8755360245704651 0.3267630338668823
vt 0.07947500050067902 0.8037509918212891
vt 0.09884099662303925 0.6394580006599426
vt 0.09904800355434418 0.8037509918212891
vt 0.1208920031785965 0.9644550085067749
vt 0.11087799817323685 0.9640269875526428
vt 0.1208920031785965 0.800154983997345
vt 0.07949899882078171 0.6394540071487427
vt 0.34362998604774475 0.5893480181694031
vt 0.34498900175094604 0.5892050266265869
vt 0.3450169861316681 0.5893480181694031
vt 0.3450169861316681 0.5971260070800781
vt 0.34400200843811035 0.597025990486145
vt 0.3435260057449341 0.5894280076026917
vt 0.06792700290679932 0.4951460361480713
vt 0.06883800029754639 0.4951480031013489
vt 0.06792700290679932 0.5028849840164185
vt 0.2829349935054779 0.9325219988822937
vt 0.26692500710487366 0.8961489796638489
vt 0.2833090126514435 0.8961129784584045
vt 0.7177709937095642 0.03870201110839844
vt 0.7537329792976379 0.0760040283203125
vt 0.7168660163879395 0.07601398229598999
vt 0.26700401306152344 0.9321029782295227
vt 0.17248399555683136 0.9284849762916565
vt 0.18841299414634705 0.8911709785461426
vt 0.18886800110340118 0.9275779724121094
vt 0.7541880011558533 0.0382310152053833
vt 0.17248399555683136 0.8911679983139038
vt 0.18841800093650818 0.928941011428833
vt 0.47809600830078125 0.7587860226631165
vt 0.486285001039505 0.7517489790916443
vt 0.48628899455070496 0.7587699890136719
vt 0.4780920147895813 0.7656000256538391
vt 0.4780920147895813 0.7517480254173279
vt 0.25258201360702515 0.5024539828300476
vt 0.2533920109272003 0.4860650300979614
vt 0.25394999980926514 0.5024539828300476
vt 0.9319499731063843 0.491070032119751
vt 0.9319570064544678 0.5279309749603271
vt 0.9155740141868591 0.5279309749603271
vt 0.9155769944190979 0.49106401205062866
vt 0.6790990233421326 0.0009099841117858887
vt 0.6804649829864502 0.0
vt 0.6795539855957031 0.03777498006820679
vt 0.7099760174751282 0.11161601543426514
vt 0.7295219898223877 0.2954829931259155
vt 0.7104039788246155 0.2954829931259155
vt 0.729541003704071 0.11116898059844971
vt 0.517454981803894 0.6758480072021484
vt 0.5060780048370361 0.8602020144462585
vt 0.506076991558075 0.6758760213851929
vt 0.517454981803894 0.8597189784049988
vt 0.6686319708824158 0.10536199808120728
vt 0.641323983669281 0.07691597938537598
vt 0.6686319708824158 0.07691699266433716
vt 0.7875829935073853 0.8726879954338074
vt 0.7875829935073853 0.8442440032958984
vt 0.8135240077972412 0.8724579811096191
vt 0.6417790055274963 0.10490602254867554
vt 0.7354660034179688 0.908918023109436
vt 0.7095239758491516 0.9089170098304749
vt 0.7095239758491516 0.8820649981498718
vt 0.735010027885437 0.8820649981498718
vt 0.12299700081348419 0.798213005065918
vt 0.13391999900341034 0.7977579832077026
vt 0.12345200031995773 0.961601972579956
vt 0.8276600241661072 0.6963040232658386
vt 0.8462100028991699 0.5324839949607849
vt 0.8462100028991699 0.6967779994010925
vt 0.8277260065078735 0.5329149961471558
vt 0.862142026424408 0.7177190184593201
vt 0.3295019865036011 0.34816300868988037
vt 0.2930920124053955 0.48378896713256836
vt 0.7805169820785522 0.8897579908370972
vt 0.7645890116691589 0.8893030285835266
vt 0.3299570083618164 0.48378896713256836
vt 0.8333820104598999 0.1018419861793518
vt 0.8374789953231812 0.05974298715591431
vt 0.8374789953231812 0.10093098878860474
vt 0.4780920147895813 0.6595680117607117
vt 0.478753000497818 0.6561539769172668
vt 0.48627299070358276 0.656453013420105
vt 0.8333830237388611 0.05814999341964722
vt 0.8338389992713928 0.10525399446487427
vt 0.7754380106925964 0.8811330199241638
vt 0.7741469740867615 0.874521017074585
vt 0.47881799936294556 0.7170630097389221
vt 0.4780920147895813 0.7106239795684814
vt 0.4813379943370819 0.7169179916381836
vt 0.4815709888935089 0.7232850193977356
vt 0.4790549874305725 0.7235450148582458
vt 0.780360996723175 0.8880090117454529
vt 0.7805910110473633 0.035498976707458496
vt 0.7537379860877991 0.0
vt 0.7805910110473633 0.0
vt 0.24302899837493896 0.9074879884719849
vt 0.2170870006084442 0.9070320129394531
vt 0.24257400631904602 0.8806340098381042
vt 0.8074309825897217 0.07373100519180298
vt 0.8074340224266052 0.03823399543762207
vt 0.8333749771118164 0.07373601198196411
vt 0.7537379860877991 0.03504300117492676
vt 0.8600109815597534 0.10712802410125732
vt 0.8465819954872131 0.10798400640487671
vt 0.8600069880485535 0.050692975521087646
vt 0.6190080046653748 0.11116200685501099
vt 0.6161890029907227 0.10645902156829834
vt 0.6187030076980591 0.10679399967193604
vt 0.7166770100593567 0.9330829977989197
vt 0.7145000100135803 0.9357820153236389
vt 0.7106710076332092 0.9307469725608826
vt 0.7142599821090698 0.929302990436554
vt 0.6145359873771667 0.10640400648117065
vt 0.6157640218734741 0.5912669897079468
vt 0.6162909865379333 0.5951619744300842
vt 0.6112099885940552 0.5912050008773804
vt 0.6145359873771667 0.11020499467849731
vt 0.7208939790725708 0.9363369941711426
vt 0.9187589883804321 0.30459100008010864
vt 0.9028260111808777 0.30459100008010864
vt 0.9187610149383545 0.26727598905563354
vt 0.5552449822425842 0.13652002811431885
vt 0.5547950267791748 0.17430299520492554
vt 0.5538740158081055 0.13608098030090332
vt 0.299237996339798 0.895658016204834
vt 0.2833090126514435 0.8965659737586975
vt 0.2833090126514435 0.896111011505127
vt 0.2992419898509979 0.897022008895874
vt 0.5552449822425842 0.17384201288223267
vt 0.5060300230979919 0.6758480072021484
vt 0.48742198944091797 0.840142011642456
vt 0.48760199546813965 0.6758480072021484
vt 0.506076991558075 0.840142011642456
vt 0.13391999900341034 0.9620569944381714
vt 0.5178099870681763 0.6258969902992249
vt 0.8195279836654663 0.3300880193710327
vt 0.8263919949531555 0.3338329792022705
vt 0.8190969824790955 0.33253800868988037
vt 0.48059698939323425 0.8091959953308105
vt 0.469217985868454 0.9643930196762085
vt 0.46921899914741516 0.8091959953308105
vt 0.6835799813270569 0.85834801197052
vt 0.6658290028572083 0.8583490252494812
vt 0.6838070154190063 0.7031509876251221
vt 0.48059698939323425 0.9643920063972473
vt 0.9260600209236145 0.7166010141372681
vt 0.9249590039253235 0.7142940163612366
vt 0.9285129904747009 0.7130929827690125
vt 0.616038978099823 0.6424160003662109
vt 0.6149979829788208 0.6467080116271973
vt 0.6134189963340759 0.6419649720191956
vt 0.9340819716453552 0.7085880041122437
vt 0.6247879862785339 0.31294000148773193
vt 0.6257110238075256 0.3153809905052185
vt 0.6223919987678528 0.3128390312194824
vt 0.3422349989414215 0.5552369952201843
vt 0.3422349989414215 0.5425570011138916
vt 0.3441529870033264 0.5521399974822998
vt 0.25258201360702515 0.5188390016555786
vt 0.25426000356674194 0.5273950099945068
vt 0.25258201360702515 0.5299980044364929
vt 0.924036979675293 0.688135027885437
vt 0.17248399555683136 0.8634170293807983
vt 0.17248299717903137 0.891402006149292
vt 0.14653900265693665 0.8634170293807983
vt 0.8545079827308655 0.888384997844696
vt 0.8285620212554932 0.8883619904518127
vt 0.8545079827308655 0.8610739707946777
vt 0.9387879967689514 0.3267630338668823
vt 0.9392430186271667 0.4819599986076355
vt 0.9274089932441711 0.4819599986076355
vt 0.32503700256347656 0.6849809885025024
vt 0.3446060121059418 0.684952974319458
vt 0.3250359892845154 0.8401780128479004
vt 0.9274100065231323 0.3272179961204529
vt 0.764136016368866 0.925711989402771
vt 0.827019989490509 0.2883880138397217
vt 0.48624899983406067 0.6545270085334778
vt 0.4787270128726959 0.6539999842643738
vt 0.6231629848480225 0.08492499589920044
vt 0.6306740045547485 0.0842130184173584
vt 0.44873398542404175 0.7649419903755188
vt 0.4564709961414337 0.7650030255317688
vt 0.44873300194740295 0.7720659971237183
vt 0.4491879940032959 0.7580140233039856
vt 0.45692500472068787 0.7580140233039856
vt 0.6180099844932556 0.09030801057815552
vt 0.9372360110282898 0.8729150295257568
vt 0.9258580207824707 0.8729150295257568
vt 0.9376919865608215 0.7177190184593201
vt 0.25440698862075806 0.8401389718055725
vt 0.25466400384902954 0.6849420070648193
vt 0.2740919888019562 0.6853970289230347
vt 0.27414798736572266 0.8401389718055725
vt 0.6594390273094177 0.8670099973678589
vt 0.6594430208206177 0.8688259720802307
vt 0.643060028553009 0.8670030236244202
vt 0.6781889796257019 0.07691597938537598
vt 0.6422340273857117 0.03868502378463745
vt 0.6786440014839172 0.07509499788284302
vt 0.8780689835548401 0.9284390211105347
vt 0.8616840243339539 0.9288939833641052
vt 0.8780699968338013 0.8920289874076843
vt 0.6417790055274963 0.07691597938537598
vt 0.9690920114517212 0.5329679846763611
vt 0.9586259722709656 0.697238028049469
vt 0.9586259722709656 0.5324839949607849
vt 0.96909499168396 0.6968119740486145
vt 0.166143998503685 0.8556389808654785
vt 0.14839500188827515 0.8556389808654785
vt 0.16614000499248505 0.6917970180511475
vt 0.043919000774621964 0.6403999924659729
vt 0.059393998235464096 0.6404010057449341
vt 0.059393998235464096 0.8260899782180786
vt 0.3674969971179962 0.5198209881782532
vt 0.3674969971179962 0.7055100202560425
vt 0.345645010471344 0.7049760222434998
vt 0.3454200029373169 0.5197399854660034
vt 0.04346499964594841 0.8260909914970398
vt 0.8775659799575806 0.2954930067062378
vt 0.8634570240974426 0.2959480285644531
vt 0.8780210018157959 0.11116898059844971
vt 0.3423309922218323 0.5858150124549866
vt 0.05948999896645546 0.690883994102478
vt 0.07814499735832214 0.690883994102478
vt 0.059450000524520874 0.8465350270271301
vt 0.9037430286407471 0.48241400718688965
vt 0.9151210188865662 0.3267630338668823
vt 0.9155759811401367 0.4819589853286743
vt 0.9037430286407471 0.3267630338668823
vt 0.814644992351532 0.2959420084953308
vt 0.8147289752960205 0.304531991481781
vt 0.8078190088272095 0.29600900411605835
vt 0.5668929815292358 0.6945300102233887
vt 0.5607900023460388 0.6945260167121887
vt 0.5670610070228577 0.6904289722442627
vt 0.8187459707260132 0.2964720129966736
vt 0.5669460296630859 0.7013570070266724
vt 0.5608440041542053 0.7013530135154724
vt 0.9353899955749512 0.7022169828414917
vt 0.93122398853302 0.7071390151977539
vt 0.6155890226364136 0.5869659781455994
vt 0.6114889979362488 0.5869640111923218
vt 0.2170870006084442 0.4856100082397461
vt 0.2179969996213913 0.3486180305480957
vt 0.21754099428653717 0.4860650300979614
vt 0.6171240210533142 0.7300159931182861
vt 0.61667400598526 0.729557991027832
vt 0.6330580115318298 0.7295600175857544
vt 0.6171240210533142 0.8670030236244202
vt 0.21754199266433716 0.3486180305480957
vt 0.8999149799346924 0.6876810193061829
vt 0.911749005317688 0.5324839949607849
vt 0.9122030138969421 0.6876810193061829
vt 0.8999149799346924 0.5324839949607849
vt 0.8885380029678345 0.7131680250167847
vt 0.8885380029678345 0.5324839949607849
vt 0.8999149799346924 0.7136229872703552
vt 0.7297760248184204 0.5329149961471558
vt 0.7477530241012573 0.5324839949607849
vt 0.7477530241012573 0.7131639719009399
vt 0.7290930151939392 0.7135949730873108
vt 0.7659620046615601 0.3472750186920166
vt 0.7858150005340576 0.3472479581832886
vt 0.7661359906196594 0.5106610059738159
vt 0.09950099885463715 0.964028000831604
vt 0.09904800355434418 0.8006399869918823
vt 0.10997000336647034 0.800154983997345
vt 0.10997000336647034 0.9644539952278137
vt 0.6662830114364624 0.8856559991836548
vt 0.6658290028572083 0.8583490252494812
vt 0.6926810145378113 0.8856559991836548
vt 0.6968380212783813 0.07695001363754272
vt 0.7232379913330078 0.10536301136016846
vt 0.6963940262794495 0.10470801591873169
vt 0.8148900270462036 0.504721999168396
vt 0.8148900270462036 0.5324829816818237
vt 0.7875840067863464 0.5047270059585571
vt 0.7232379913330078 0.07691597938537598
vt 0.7545750141143799 0.33144301176071167
vt 0.7281780242919922 0.33144301176071167
vt 0.727724015712738 0.2959420084953308
vt 0.5811709761619568 0.3469209671020508
vt 0.5811709761619568 0.311877965927124
vt 0.6071130037307739 0.3469190001487732
vt 0.7545760273933411 0.2963980436325073
vt 0.9048370122909546 0.026400983333587646
vt 0.8788989782333374 0.026847004890441895
vt 0.9048389792442322 0.0
vt 0.5547749996185303 0.33159804344177246
vt 0.5531920194625854 0.33608299493789673
vt 0.5525060296058655 0.3317750096321106
vt 0.5545669794082642 0.3362320065498352
vt 0.3445320129394531 0.5809659957885742
vt 0.34224599599838257 0.5810580253601074
vt 0.34477299451828003 0.577118992805481
vt 0.8292049765586853 0.11116898059844971
vt 0.8096410036087036 0.2668200135231018
vt 0.8094080090522766 0.11162400245666504
vt 0.9240530133247375 0.5324839949607849
vt 0.9354299902915955 0.5324839949607849
vt 0.924036979675293 0.688135027885437
vt 0.8289830088615417 0.2668200135231018
vt 0.7900789976119995 0.3316810131072998
vt 0.7900789976119995 0.3448770046234131
vt 0.7800670266151428 0.3314549922943115
vt 0.25360599160194397 0.9002230167388916
vt 0.24359199404716492 0.9003369808197021
vt 0.2540600001811981 0.8437880277633667
vt 0.8695679903030396 0.08500200510025024
vt 0.8829879760742188 0.029983997344970703
vt 0.8827670216560364 0.08482801914215088
vt 0.8695679903030396 0.02856498956680298
vt 0.5820980072021484 0.17162197828292847
vt 0.5822179913520813 0.17000699043273926
vt 0.5852940082550049 0.17220300436019897
vt 0.5851160287857056 0.17427396774291992
vt 0.5821920037269592 0.17423200607299805
vt 0.7541880011558533 0.07600897550582886
vt 0.9023730158805847 0.266821026802063
vt 0.9028319716453552 0.2672719955444336
vt 0.8454859852790833 0.5116180181503296
vt 0.8595989942550659 0.32722198963165283
vt 0.8605070114135742 0.3267630338668823
vt 0.8445799946784973 0.3272969722747803
vt 0.8605070114135742 0.5119990110397339
vt 0.6899539828300476 0.5329380035400391
vt 0.7095230221748352 0.5324839949607849
vt 0.7095230221748352 0.7172620296478271
vt 0.6904090046882629 0.7172620296478271
vt 0.5920310020446777 0.14039498567581177
vt 0.5902199745178223 0.14427101612091064
vt 0.5906580090522766 0.1403840184211731
vt 0.591579020023346 0.13722699880599976
vt 0.5915870070457458 0.14313799142837524
vt 0.4801580011844635 0.7673689723014832
vt 0.48234400153160095 0.7716799974441528
vt 0.4780920147895813 0.7694209814071655
vt 0.48369699716567993 0.767458975315094
vt 0.9603989720344543 0.2754390239715576
vt 0.749737024307251 0.11116898059844971
vt 0.7696430087089539 0.11117398738861084
vt 0.7499600052833557 0.27501100301742554
vt 0.6179429888725281 0.07872599363327026
vt 0.6179429888725281 0.004541993141174316
vt 0.6408720016479492 0.002983987331390381
vt 0.641323983669281 0.07944399118423462
vt 0.6342340111732483 0.0842130184173584
vt 0.6353340148925781 0.5502979755401611
vt 0.6408169865608215 0.5480149984359741
vt 0.635791003704071 0.6244819760322571
vt 0.6247050166130066 0.08374297618865967
vt 0.5511990189552307 0.32694101333618164
vt 0.5549020171165466 0.321200966835022
vt 0.5549020171165466 0.33159804344177246
vt 0.7164710164070129 0.9153280258178711
vt 0.7138910293579102 0.9193819761276245
vt 0.7145280241966248 0.9120429754257202
vt 0.7208939790725708 0.9118580222129822
vt 0.3177550137042999 0.868412971496582
vt 0.34369999170303345 0.8683909773826599
vt 0.31775400042533875 0.8957239985466003
vt 0.7741469740867615 0.8615350127220154
vt 0.7741469740867615 0.8892959952354431
vt 0.7482020258903503 0.8615319728851318
vt 0.7232379913330078 0.07692098617553711
vt 0.7500900030136108 0.10468101501464844
vt 0.7232379913330078 0.10468196868896484
vt 0.750544011592865 0.07691597938537598
vt 0.3058350086212158 0.684952974319458
vt 0.30538100004196167 0.48424601554870605
vt 0.3299570083618164 0.684952974319458
vt 0.30308398604393005 0.6849420070648193
vt 0.2794150114059448 0.6849380135536194
vt 0.2789829969406128 0.4842450022697449
vt 0.30355900526046753 0.4842450022697449
vt 0.045740000903606415 0.4951460361480713
vt 0.06883800029754639 0.3399829864501953
vt 0.06883800029754639 0.49472498893737793
vt 0.9135209918022156 0.2659100294113159
vt 0.9016870260238647 0.2654550075531006
vt 0.9139750003814697 0.11116898059844971
vt 0.046195998787879944 0.34040403366088867
vt 0.747871994972229 0.8615319728851318
vt 0.7477530241012573 0.6972330212593079
vt 0.7650460004806519 0.6976879835128784
vt 0.13391999900341034 0.8004930019378662
vt 0.14438900351524353 0.8009200096130371
vt 0.13391999900341034 0.9647930264472961
vt 0.7648239731788635 0.8615319728851318
vt 0.7477530241012573 0.9266189932823181
vt 0.7477530241012573 0.8893030285835266
vt 0.764136016368866 0.9261670112609863
vt 0.17202900350093842 0.4451169967651367
vt 0.1715729981660843 0.4451180100440979
vt 0.17202900350093842 0.3099449872970581
vt 0.7636759877204895 0.927079975605011
vt 0.7482079863548279 0.9270740151405334
vt 0.5552300214767456 0.1748889684677124
vt 0.5543230175971985 0.31005799770355225
vt 0.517911970615387 0.31038999557495117
vt 0.517911970615387 0.17430901527404785
vt 0.7696430087089539 0.11116898059844971
vt 0.6084799766540527 0.7539299726486206
vt 0.6166689991950989 0.7468940019607544
vt 0.6166719794273376 0.7537990212440491
vt 0.6084799766540527 0.7608910202980042
vt 0.6089320182800293 0.7469810247421265
vt 0.6112099885940552 0.7314209938049316
vt 0.5920959711074829 0.5480080246925354
vt 0.6112099885940552 0.5480089783668518
vt 0.24120500683784485 0.6699339747428894
vt 0.24120399355888367 0.486519992351532
vt 0.25258201360702515 0.6708449721336365
vt 0.5920959711074829 0.7309640049934387
vt 0.5104089975357056 0.6758480072021484
vt 0.4876540005207062 0.6758480072021484
vt 0.5108619928359985 0.5197399854660034
vt 0.9140250086784363 0.7181050181388855
vt 0.9030969738960266 0.8733680248260498
vt 0.9021890163421631 0.7177190184593201
vt 0.9140250086784363 0.8742129802703857
vt 0.8461269736289978 0.1030920147895813
vt 0.8415759801864624 0.10969197750091553
vt 0.8406649827957153 0.1030920147895813
vt 0.053477998822927475 0.49560099840164185
vt 0.045740000903606415 0.5010629892349243
vt 0.0457409992814064 0.4951460361480713
vt 0.05347700044512749 0.5010629892349243
vt 0.8465819954872131 0.10969197750091553
vt 0.6790990233421326 0.038675010204315186
vt 0.6800150275230408 0.0382310152053833
vt 0.6791039705276489 0.0750880241394043
vt 0.21526099741458893 0.9016469717025757
vt 0.19933299720287323 0.9016460180282593
vt 0.21526600420475006 0.9007329940795898
vt -0.0 0.93572998046875
vt -0.0 0.8993189930915833
vt 0.015929000452160835 0.9357290267944336
vt 0.9813349843025208 0.11119800806045532
vt 0.9813339710235596 0.2750430107116699
vt 0.9708679914474487 0.2750140428543091
vt 0.729541003704071 0.11162197589874268
vt 0.749737024307251 0.11116898059844971
vt 0.729541003704071 0.2754560112953186
vt 0.9708679914474487 0.11116898059844971
vt 0.511551022529602 0.6260380148887634
vt 0.8411179780960083 0.0366939902305603
vt 0.8342919945716858 0.04107397794723511
vt 0.8333820104598999 0.03800302743911743
vt 0.166143998503685 0.6918730139732361
vt 0.1724029928445816 0.6917930245399475
vt 0.1661739945411682 0.693684995174408
vt 0.8370220065116882 0.04437500238418579
vt 0.842939019203186 0.0375480055809021
vt 0.16292299330234528 0.8916339874267578
vt 0.9829350113868713 0.49242401123046875
vt 0.9829350113868713 0.3267630338668823
vt 0.9924920201301575 0.3267630338668823
vt 0.9924920201301575 0.49242496490478516
vt 0.11377900093793869 0.3399839997291565
vt 0.15929099917411804 0.3399839997291565
vt 0.11377900093793869 0.5056480169296265
vt 0.7845820188522339 0.8866369724273682
vt 0.6230379939079285 0.10680699348449707
vt 0.6230379939079285 0.10863000154495239
vt 0.6203650236129761 0.10688900947570801
vt 0.7843660116195679 0.8893020153045654
vt 0.25258201360702515 0.5380799770355225
vt 0.2541860044002533 0.5346959829330444
vt 0.2541860044002533 0.5393329858779907
vt 0.6412490010261536 0.7521139979362488
vt 0.6335039734840393 0.7591390013694763
vt 0.6244199872016907 0.10439199209213257
vt 0.16292299330234528 0.891635000705719
vt 0.16292299330234528 0.928954005241394
vt 0.14653900265693665 0.8916339874267578
vt 0.641323983669281 0.03913998603820801
vt 0.8964179754257202 0.02856498956680298
vt 0.91280198097229 0.02856498956680298
vt 0.8964139819145203 0.02947700023651123
vt 0.641323983669281 0.07646000385284424
vt 0.6173660159111023 0.314831018447876
vt 0.6176170110702515 0.31827402114868164
vt 0.6122249960899353 0.31702303886413574
vt 0.48013800382614136 0.7358189821243286
vt 0.4780920147895813 0.7344520092010498
vt 0.4788129925727844 0.7295190095901489
vt 0.4813239872455597 0.7298030257225037
vt 0.48354798555374146 0.7349709868431091
vt 0.6127060055732727 0.3148360252380371
vt 0.6169639825820923 0.3128390312194824
vt 0.5670610070228577 0.6858609914779663
vt 0.5606870055198669 0.6904240250587463
vt 0.5607470273971558 0.6863139867782593
vt 0.5510849952697754 0.345894992351532
vt 0.5447689890861511 0.3460099697113037
vt 0.551114022731781 0.34258997440338135
vt 0.7290930151939392 0.34724903106689453
vt 0.7290930151939392 0.5320259928703308
vt 0.7095239758491516 0.5320249795913696
vt 0.7095239758491516 0.3472479581832886
vt 0.7800670266151428 0.34487998485565186
vt 0.4172849953174591 0.9757720232009888
vt 0.42820799350738525 0.8196650147438049
vt 0.42820799350738525 0.9757720232009888
vt 0.7858210206031799 0.3472479581832886
vt 0.805679976940155 0.3472479581832886
vt 0.7858150005340576 0.503350019454956
vt 0.41773998737335205 0.8196650147438049
vt 0.711575984954834 0.3432610034942627
vt 0.711575984954834 0.33854103088378906
vt 0.7124469876289368 0.3388209939002991
vt 0.34471800923347473 0.5971270203590393
vt 0.3429099917411804 0.6014639735221863
vt 0.3428969979286194 0.5971260070800781
vt 0.3447299897670746 0.6014639735221863
vt 0.7130119800567627 0.34278202056884766
vt 0.3440549969673157 0.5425570011138916
vt 0.3422349989414215 0.5424720048904419
vt 0.3436009883880615 0.5381979942321777
vt 0.7149940133094788 0.34629398584365845
vt 0.9139750003814697 0.2663649916648865
vt 0.9258090257644653 0.11116898059844971
vt 0.9258090257644653 0.2668200135231018
vt 0.7875829935073853 0.6895020008087158
vt 0.8063560128211975 0.6890469789505005
vt 0.7878149747848511 0.8442419767379761
vt 0.9139750003814697 0.11162400245666504
vt 0.3299570083618164 0.4842439889907837
vt 0.6166729927062988 0.8938930034637451
vt 0.5920959711074829 0.9180139899253845
vt 0.5920959711074829 0.8943480253219604
vt 0.6166729927062988 0.9184690117835999
vt 0.6646639704704285 0.9272630214691162
vt 0.661529004573822 0.9258049726486206
vt 0.6658120155334473 0.9209449887275696
vt 0.6608330011367798 0.9322109818458557
vt 0.6586589813232422 0.9294540286064148
vt 0.5177099704742432 0.6320449709892273
vt 0.5142639875411987 0.6385419964790344
vt 0.5142999887466431 0.6319900155067444
vt 0.5167700052261353 0.6269149780273438
vt 0.5179100036621094 0.6384140253067017
vt 0.5543190240859985 0.34724903106689453
vt 0.555230975151062 0.3472479581832886
vt 0.5552300214767456 0.48469603061676025
vt 0.5183650255203247 0.48469603061676025
vt 0.5179100036621094 0.3477039933204651
vt 0.4387210011482239 0.9749630093574524
vt 0.4287079870700836 0.9749630093574524
vt 0.43872499465942383 0.8106639981269836
vt 0.4839879870414734 0.7658569812774658
vt 0.48367398977279663 0.7668439745903015
vt 0.4796540141105652 0.7662190198898315
vt 0.5902050137519836 0.13630497455596924
vt 0.5883839726448059 0.14084398746490479
vt 0.34319400787353516 0.5639709830284119
vt 0.3450149893760681 0.5640270113945007
vt 0.3431969881057739 0.56836998462677
vt 0.5883839726448059 0.13608098030090332
vt 0.48696601390838623 0.7691670060157776
vt 0.34228599071502686 0.5682070255279541
vt 0.017521999776363373 0.7067999839782715
vt 0.017521999776363373 0.8619970083236694
vt -0.0 0.8619970083236694
vt 0.3788749873638153 0.9643939733505249
vt 0.3674969971179962 0.9643939733505249
vt 0.3788749873638153 0.8091980218887329
vt 0.00022699999681208283 0.7063450217247009
vt 0.5179100036621094 0.8961489796638489
vt 0.5313400030136108 0.8406270146369934
vt 0.5313349962234497 0.8960369825363159
vt 0.7363770008087158 0.8547570109367371
vt 0.7468460202217102 0.854898989200592
vt 0.7363770008087158 0.9102839827537537
vt 0.7486640214920044 0.33144301176071167
vt 0.7483729720115662 0.3448660373687744
vt 0.7381939888000488 0.33144301176071167
vt 0.5179100036621094 0.8406270146369934
vt 0.7106530070304871 0.9179959893226624
vt 0.611998975276947 0.6000440120697021
vt 0.616100013256073 0.6000080108642578
vt 0.7127150297164917 0.9245089888572693
vt 0.24359199404716492 0.842877984046936
vt 0.8465819954872131 0.050525009632110596
vt 0.1895509958267212 0.8634170293807983
vt 0.17248399555683136 0.6995739936828613
vt 0.1895509958267212 0.6995750069618225
vt 0.17248399555683136 0.8634160161018372
vt 0.9795629978179932 0.5325120091438293
vt 0.96909499168396 0.6963279843330383
vt 0.96909499168396 0.5324839949607849
vt 0.9795629978179932 0.696357011795044
vt 0.3454200029373169 0.5192850232124329
vt 0.34587201476097107 0.34724998474121094
vt 0.5179100036621094 0.3472479581832886
vt 0.5179100036621094 0.5197399854660034
vt 0.2170870006084442 0.34816300868988037
vt 0.2170870006084442 0.5138279795646667
vt 0.17271199822425842 0.5134940147399902
vt 1.0 0.27682799100875854
vt 0.17248399555683136 0.3482860326766968
vt 0.4578390121459961 0.6550120115280151
vt 0.45783698558807373 0.699616014957428
vt 0.44873300194740295 0.6553729772567749
vt 0.3679479956626892 0.8091980218887329
vt 0.3674969971179962 0.6535450220108032
vt 0.38774898648262024 0.6535459756851196
vt 0.38774898648262024 0.8091970086097717
vt 0.03208699822425842 0.8047299981117249
vt 0.04346499964594841 0.8046960234642029
vt 0.03208699822425842 0.9603819847106934
vt 0.511497974395752 0.6650490164756775
vt 0.5177119970321655 0.6632260084152222
vt 0.807902991771698 0.30471301078796387
vt 0.6607980132102966 0.9088119864463806
vt 0.6588619947433472 0.9118710160255432
vt 0.6544319987297058 0.9084550142288208
vt 0.6117169857025146 0.648917019367218
vt 0.6117169857025146 0.6426159739494324
vt 0.5883839726448059 0.15687501430511475
vt 0.5905359983444214 0.15323299169540405
vt 0.5905359983444214 0.1618490219116211
vt 0.655007004737854 0.9052309989929199
vt 0.6614390015602112 0.916038990020752
vt 0.6646959781646729 0.9142550230026245
vt 0.2431419938802719 0.9005590081214905
vt 0.2540600001811981 0.9349579811096191
vt 0.2431419938802719 0.9350289702415466
vt 0.11377900093793869 0.5056480169296265
vt 0.14825299382209778 0.5060449838638306
vt 0.11377900093793869 0.639909029006958
vt 0.17021800577640533 0.36000001430511475
vt 0.17112399637699127 0.4942589998245239
vt 0.15929199755191803 0.35958200693130493
vt 0.2540600001811981 0.9003369808197021
vt 0.9586259722709656 0.5329390168190002
vt 0.9477030038833618 0.6976929903030396
vt 0.9477030038833618 0.5324839949607849
vt 0.14839500188827515 0.6917930245399475
vt 0.9577159881591797 0.6967830061912537
vt 0.7477570176124573 0.5283799767494202
vt 0.7290980219841003 0.5283790230751038
vt 0.7290930151939392 0.34770500659942627
vt 0.7477570176124573 0.3472479581832886
vt 0.8893979787826538 0.11116898059844971
vt 0.889398992061615 0.29230797290802
vt 0.8780210018157959 0.11116898059844971
vt 0.5426980257034302 0.6863160133361816
vt 0.5606740117073059 0.6858609914779663
vt 0.5424829721450806 0.8506090044975281
vt 0.6179429888725281 0.09911596775054932
vt 0.6412479877471924 0.7374809980392456
vt 0.6330580115318298 0.7372580170631409
vt 0.640815019607544 0.729557991027832
vt 0.6408140063285828 0.7450299859046936
vt 0.6330779790878296 0.7448040246963501
vt 0.4564700126647949 0.7423139810562134
vt 0.4489609897136688 0.7422000169754028
vt 0.4564779996871948 0.7407130002975464
vt 0.04597700014710426 0.503790020942688
vt 0.05348699912428856 0.503790020942688
vt 0.04597000032663345 0.5024269819259644
vt 0.8311160206794739 0.2927110195159912
vt 0.9021940231323242 0.9119859933853149
vt 0.9021890163421631 0.911080002784729
vt 0.6412400007247925 0.7590010166168213
vt 0.8780689835548401 0.8915749788284302
vt 0.8616859912872314 0.8924840092658997
vt 0.8616840243339539 0.8915740251541138
vt 0.14653900265693665 0.9289529919624329
vt 0.17112299799919128 0.17525798082351685
vt 0.17066900432109833 0.35958200693130493
vt 0.15929199755191803 0.17431902885437012
vt 0.6075630187988281 0.3469209671020508
vt 0.6071130037307739 0.3187040090560913
vt 0.6344130039215088 0.3469209671020508
vt 0.17248399555683136 0.8911679983139038
vt 0.17249199748039246 0.8643119931221008
vt 0.19887800514698029 0.8634170293807983
vt 0.19887800514698029 0.8907279968261719
vt 0.8784379959106445 0.0282210111618042
vt 0.852042019367218 0.028219997882843018
vt 0.852042019367218 0.0004540085792541504
vt 0.8784379959106445 0.0
vt 0.079475998878479 0.9675959944725037
vt 0.09039799869060516 0.8037819862365723
vt 0.09039799869060516 0.9676259756088257
vt 0.07947500050067902 0.8037509918212891
vt 0.7295439839363098 0.8496739864349365
vt 0.7459359765052795 0.7135949730873108
vt 0.7454730272293091 0.8492209911346436
vt 0.7636860013008118 0.8893030285835266
vt 0.7290930151939392 0.7135949730873108
vt 0.8379340171813965 0.058718979358673096
vt 0.44873300194740295 0.6998710036277771
vt 0.4564779996871948 0.6997500061988831
vt 0.44896501302719116 0.7410579919815063
vt 0.5117620229721069 0.638392984867096
vt 0.5112789869308472 0.6446239948272705
vt 0.3674969971179962 0.8096529841423035
vt 0.36316099762916565 0.7055140137672424
vt 0.345643013715744 0.8602520227432251
vt 0.3454200029373169 0.7055100202560425
vt 0.36316099762916565 0.8602539896965027
vt 0.8885380029678345 0.5329390168190002
vt 0.8885310292243958 0.713621973991394
vt 0.8776080012321472 0.713621973991394
vt 0.8771589994430542 0.5324839949607849
vt 0.6626250147819519 0.9208869934082031
vt 0.6117439866065979 0.5734559893608093
vt 0.7095239758491516 0.7173150181770325
vt 0.7095239758491516 0.8547570109367371
vt 0.5443130135536194 0.34622400999069214
vt 0.517911970615387 0.34634602069854736
vt 0.517911970615387 0.31038999557495117
vt 0.2170870006084442 0.8806340098381042
vt 0.5552300214767456 0.34692299365997314
vt 0.5552300214767456 0.3118799924850464
vt 0.5807160139083862 0.3469209671020508
vt 0.5447559952735901 0.31118398904800415
vt 0.5112990140914917 0.660938024520874
vt 0.5112900137901306 0.6536549925804138
vt 0.517615020275116 0.6533529758453369
vt 0.8078190088272095 0.34277498722076416
vt 0.8081889748573303 0.3340100049972534
vt 0.8151000142097473 0.34270399808883667
vt 0.5172809958457947 0.6606259942054749
vt 0.23505799472332 0.8424230217933655
vt 0.25383201241493225 0.6876810193061829
vt 0.2540600001811981 0.842877984046936
vt 0.23505799472332 0.6872259974479675
vt 0.8785229921340942 0.8542559742927551
vt 0.3422349989414215 0.5597990155220032
vt 0.3422349989414215 0.5553960204124451
vt 0.3431130051612854 0.5639129877090454
vt 0.25258201360702515 0.5024539828300476
vt 0.25394999980926514 0.5024539828300476
vt 0.25355300307273865 0.5188390016555786
vt 0.6904069781303406 0.33281004428863525
vt 0.690401017665863 0.2959420084953308
vt 0.6908450126647949 0.334181010723114
vt 0.3446060121059418 0.840149998664856
vt 0.5793539881706238 0.9744200110435486
vt 0.567520022392273 0.9744200110435486
vt 0.5679759979248047 0.8406140208244324
vt 0.5793539881706238 0.840158998966217
vt 0.8828089833259583 0.29649901390075684
vt 0.8828129768371582 0.3267599940299988
vt 0.8709759712219238 0.29649800062179565
vt 0.7892119884490967 0.1111990213394165
vt 0.8094080090522766 0.11116898059844971
vt 0.7892119884490967 0.2663959860801697
vt 0.6117429733276367 0.5733940005302429
vt 0.6112099885940552 0.5651810169219971
vt 0.6165580153465271 0.5640109777450562
vt 0.6408169865608215 0.6262949705123901
vt 0.6165580153465271 0.5708829760551453
vt 0.6412510275840759 0.5480009913444519
vt 0.6412540078163147 0.3477599620819092
vt 0.6658290028572083 0.5479490160942078
vt 0.8695679903030396 0.10958302021026611
vt 0.8695679903030396 0.08500200510025024
vt 0.8941410183906555 0.11003798246383667
vt 0.778590977191925 0.8703749775886536
vt 0.7795630097389221 0.8640289902687073
vt 0.7816510200500488 0.8664259910583496
vt 0.7755360007286072 0.8686419725418091
vt 0.611952006816864 0.5954220294952393
vt 0.7773110270500183 0.8749020099639893
vt 0.9490200281143188 0.11162400245666504
vt 0.9494749903678894 0.2663649916648865
vt 0.937641978263855 0.2663649916648865
vt 0.937641978263855 0.11116898059844971
vt 0.6658290028572083 0.7036070227622986
vt 0.4847249984741211 0.7297829985618591
vt 0.7196329832077026 0.9392290115356445
vt 0.05990999937057495 0.9025170207023621
vt 0.0712909996509552 0.9370700120925903
vt 0.059450000524520874 0.9367930293083191
vt 0.0712909996509552 0.9022870063781738
vt 0.7383670210838318 0.34442102909088135
vt 0.8140010237693787 0.9004480242729187
vt 0.8271729946136475 0.8442419767379761
vt 0.8269670009613037 0.9004480242729187
vt 0.8139790296554565 0.8442429900169373
vt 0.8759809732437134 0.3272179961204529
vt 0.8914549946784973 0.3267630338668823
vt 0.8759809732437134 0.46284401416778564
vt 0.17248399555683136 0.17431902885437012
vt 0.17248399555683136 0.3099449872970581
vt 0.17157399654388428 0.30948901176452637
vt 0.2170870006084442 0.6872249841690063
vt 0.23505799472332 0.6876850128173828
vt 0.21730999648571014 0.8524320125579834
vt 0.729541003704071 0.2812730073928833
vt 0.7394840121269226 0.28587400913238525
vt 0.7298799753189087 0.28986597061157227
vt 0.7361220121383667 0.2754579782485962
vt 0.45695701241493225 0.750311017036438
vt 0.45692500472068787 0.7580140233039856
vt 0.44873300194740295 0.7575600147247314
vt 0.44876301288604736 0.7500820159912109
vt 0.45692500472068787 0.7423139810562134
vt 0.9813550114631653 0.11116898059844971
vt 0.8600119948387146 0.02856498956680298
vt 0.869113028049469 0.02856498956680298
vt 0.8600109815597534 0.10798400640487671
vt 0.8292959928512573 0.34140896797180176
vt 0.4865120053291321 0.7094870209693909
vt 0.4790000021457672 0.7089549899101257
vt 0.8374800086021423 0.1090090274810791
vt 0.6331480145454407 0.7642840147018433
vt 0.6407939791679382 0.7591390013694763
vt 0.6406639814376831 0.7646039724349976
vt 0.6330580115318298 0.7592779994010925
vt 0.8139790296554565 0.8442419767379761
vt 0.31775400042533875 0.8401780128479004
vt 0.3446060121059418 0.8683879971504211
vt 0.31775400042533875 0.8683909773826599
vt 0.1715729981660843 0.44512999057769775
vt 0.17202800512313843 0.4451180100440979
vt 0.17202800512313843 0.4736349582672119
vt 0.052567001432180405 0.9826570153236389
vt 0.04346499964594841 0.9826840162277222
vt 0.053932998329401016 0.8260909914970398
vt 0.6122990250587463 0.3128390312194824
vt 0.7843379974365234 0.8614460229873657
vt 0.8276600241661072 0.8610739707946777
vt 0.8276600241661072 0.6967779994010925
vt 0.8449540138244629 0.6972339749336243
vt 0.17112299799919128 0.17431902885437012
vt 0.17112299799919128 0.17431902885437012
vt 0.17112299799919128 0.17431902885437012
vt 0.844959020614624 0.8610730171203613
vt 0.8333820104598999 0.008760988712310791
vt 0.5447559952735901 0.3395180106163025
vt 0.5511990189552307 0.3393459916114807
vt 0.5447559952735901 0.3428189754486084
vt 0.8342919945716858 0.005460977554321289
vt 0.8337799906730652 0.03790998458862305
vt 0.5510380268096924 0.31038999557495117
vt 0.9258580207824707 0.7177190184593201
vt 0.07987300306558609 0.3399829864501953
vt 0.07987300306558609 0.17431902885437012
vt 0.15929199755191803 0.17431902885437012
vt 0.39798998832702637 0.6537190079689026
vt 0.9891219735145569 0.5324839949607849
vt 0.9986770153045654 0.5324860215187073
vt 0.9891219735145569 0.6981459856033325
vt 0.15929199755191803 0.3399839997291565
vt 0.5811709761619568 0.311877965927124
vt 0.6917709708213806 0.912509024143219
vt 0.6658290028572083 0.912509024143219
vt 0.6917709708213806 0.885657012462616
vt 0.7169820070266724 0.3409619927406311
vt 0.713483989238739 0.33929598331451416
vt 0.7151449918746948 0.3365039825439453
vt 0.7188050150871277 0.3371880054473877
vt 0.7210929989814758 0.3405649662017822
vt 0.48742198944091797 0.5206519961357117
vt 0.03208699822425842 0.9598919749259949
vt 0.020709000527858734 0.9603469967842102
vt 0.03208699822425842 0.8046960234642029
vt 0.5342869758605957 0.9052259922027588
vt 0.5461239814758301 0.9348049759864807
vt 0.5342869758605957 0.9343529939651489
vt 0.5461239814758301 0.90522301197052
vt 0.3422339856624603 0.5343080163002014
vt 0.3417789936065674 0.6681140065193176
vt 0.3304010033607483 0.5338529944419861
vt 0.486966997385025 0.6539999842643738
vt 0.4578390121459961 0.6539999842643738
vt 0.48742198944091797 0.5201960206031799
vt 0.611972987651825 0.591035008430481
vt 0.6162989735603333 0.5912050008773804
vt 0.6176170110702515 0.3128390312194824
vt 0.6219379901885986 0.3128390312194824
vt 0.6194040179252625 0.3174079656600952
vt 0.8784379959106445 0.0
vt 0.7810410261154175 0.10923397541046143
vt 0.7541880011558533 0.07419198751449585
vt 0.7810410261154175 0.07373601198196411
vt 0.7541880011558533 0.10878002643585205
vt 0.7810350060462952 0.07373601198196411
vt 0.7814859747886658 0.038241028785705566
vt 0.8074309825897217 0.07361102104187012
vt 0.6412510275840759 0.5480009913444519
vt 0.6642339825630188 0.5484560132026672
vt 0.6414840221405029 0.703652024269104
vt 0.1448410004377365 0.9643080234527588
vt 0.25440698862075806 0.4842439889907837
vt 0.3450169861316681 0.5727890133857727
vt 0.3425140082836151 0.5767560005187988
vt 0.34318599104881287 0.5729079842567444
vt 0.3431969881057739 0.5727890133857727
vt 0.3450169861316681 0.5684049725532532
vt 0.3418720066547394 0.9207509756088257
vt 0.31775400042533875 0.8957239985466003
vt 0.3418630063533783 0.8966259956359863
vt 0.6662799715995789 0.3118720054626465
vt 0.6662799715995789 0.11116999387741089
vt 0.690401017665863 0.3118709921836853
vt 0.5666049718856812 0.6858069896697998
vt 0.5424829721450806 0.4846949577331543
vt 0.5666069984436035 0.4850980043411255
vt 0.31775400042533875 0.9203050136566162
vt 0.5424829721450806 0.6858609914779663
vt 0.9604480266571045 0.7177190184593201
vt 0.949524998664856 0.8820180296897888
vt 0.949524998664856 0.7181739807128906
vt 0.9599930047988892 0.8815630078315735
vt 0.8061239719390869 0.5033490061759949
vt 0.8259779810905457 0.34724903106689453
vt 0.8259779810905457 0.5038059949874878
vt 0.8061239719390869 0.3472479581832886
vt 0.5188379883766174 0.17428600788116455
vt 0.26692500710487366 0.8956930041313171
vt 0.28285399079322815 0.895658016204834
vt 0.04346499964594841 0.9603480100631714
vt 0.511277973651886 0.6495630145072937
vt 0.8145580291748047 0.33371996879577637
vt 0.8168320059776306 0.3335840106010437
vt 0.8191900253295898 0.3420959711074829
vt 0.8069850206375122 0.03549802303314209
vt 0.8074359893798828 0.0
vt 0.8333820104598999 0.03503698110580444
vt 0.5820980072021484 0.17158198356628418
vt 0.5552449822425842 0.13608098030090332
vt 0.5820969939231873 0.13608098030090332
vt 0.29332199692726135 0.895658016204834
vt 0.26692500710487366 0.895658016204834
vt 0.2673789858818054 0.868806004524231
vt 0.5552449822425842 0.17158102989196777
vt 0.2928659915924072 0.868806004524231
vt 0.6219379901885986 0.31485098600387573
vt 0.25434499979019165 0.5333150029182434
vt 0.25258201360702515 0.534695029258728
vt 0.25258201360702515 0.5299980044364929
vt 0.998678982257843 0.6981459856033325
vt 0.8695679903030396 0.10798400640487671
vt 0.6890360116958618 0.3464699983596802
vt 0.6621840000152588 0.34669798612594604
vt 0.6621840000152588 0.31825196743011475
vt 0.7359219789505005 0.8816090226173401
vt 0.7095249891281128 0.8820649981498718
vt 0.7363770008087158 0.8547570109367371
vt 0.7997140288352966 0.2959420084953308
vt 0.7997140288352966 0.2677209973335266
vt 0.8261079788208008 0.29593801498413086
vt 0.6894919872283936 0.3182530403137207
vt 0.8265510201454163 0.8437870144844055
vt 0.8080049753189087 0.8437870144844055
vt 0.826777994632721 0.688135027885437
vt 0.8411189913749695 0.0006819963455200195
vt 0.8433949947357178 0.008873999118804932
vt 0.8370220065116882 0.0022749900817871094
vt 0.6899539828300476 0.3472479581832886
vt 0.7095239758491516 0.3472479581832886
vt 0.6899539828300476 0.5320289731025696
vt 0.8612300157546997 0.5324839949607849
vt 0.8621389865875244 0.7172629833221436
vt 0.8462110161781311 0.5324839949607849
vt 0.9003700017929077 0.8733699917793274
vt 0.9003700017929077 0.9292370080947876
vt 0.8903560042381287 0.9292370080947876
vt 0.7695969939231873 0.3314549922943115
vt 0.7800670266151428 0.3314549922943115
vt 0.7793239951133728 0.34464097023010254
vt 0.7697740197181702 0.34420502185821533
vt 0.889398992061615 0.266821026802063
vt 0.8899009823799133 0.8735979795455933
vt 0.8379349708557129 0.10206800699234009
vt 0.835204005241394 0.10741597414016724
vt 0.45692500472068787 0.7720379829406738
vt 0.4780920147895813 0.7358189821243286
vt 0.48628300428390503 0.7360460162162781
vt 0.6144999861717224 0.6272259950637817
vt 0.6162530183792114 0.6283770203590393
vt 0.6129779815673828 0.6324999928474426
vt 0.6190080046653748 0.10898101329803467
vt 0.6221479773521423 0.11116200685501099
vt 0.6122459769248962 0.6273580193519592
vt 0.6191830039024353 0.11102402210235596
vt 0.5179110169410706 0.9330130219459534
vt 0.5179100036621094 0.8966040015220642
vt 0.5338389873504639 0.9334689974784851
vt 0.25440698862075806 0.34816300868988037
vt 0.25440698862075806 0.4856100082397461
vt 0.6899539828300476 0.7172629833221436
vt 0.7058870196342468 0.7177150249481201
vt 0.6899539828300476 0.8547040224075317
vt 0.7095239758491516 0.9243720173835754
vt 0.48519501090049744 0.7233660221099854
vt 0.709069013595581 0.9294009804725647
vt 0.6931399703025818 0.9294009804725647
vt 0.6926850080490112 0.8925359845161438
vt 0.709069013595581 0.8925359845161438
vt 0.9829339981079102 0.48332399129867554
vt 0.972465991973877 0.4833250045776367
vt 0.9829339981079102 0.3267630338668823
vt 0.661736011505127 0.3460270166397095
vt 0.6348739862442017 0.31825196743011475
vt 0.6621840000152588 0.31825196743011475
vt 0.7477530241012573 0.8893030285835266
vt 0.813979983329773 0.8990839719772339
vt 0.7875829935073853 0.8995400071144104
vt 0.7875829935073853 0.8726879954338074
vt 0.6353499889373779 0.3469209671020508
vt 0.8139809966087341 0.8726890087127686
vt 0.9510759711265564 0.3267630338668823
vt 0.6662799715995789 0.11122298240661621
vt 0.6662799715995789 0.31192100048065186
vt 0.6417040228843689 0.11116898059844971
vt 0.61667400598526 0.894769012928009
vt 0.6412469744682312 0.9188950061798096
vt 0.617576003074646 0.9188780188560486
vt 0.5179489850997925 0.48469603061676025
vt 0.5424829721450806 0.6853960156440735
vt 0.5179089903831482 0.6854000091552734
vt 0.6412469744682312 0.8943139910697937
vt 0.5420690178871155 0.48469603061676025
vt 0.7208939790725708 0.9385030269622803
vt 0.7208939790725708 0.908918023109436
vt 0.7322710156440735 0.9385020136833191
vt 0.25440698862075806 0.8401389718055725
vt 0.26578500866889954 0.8401389718055725
vt 0.26624399423599243 0.974399983882904
vt 0.25440698862075806 0.9748560190200806
vt 0.8338389992713928 0.054621994495391846
vt 0.8383899927139282 0.057579994201660156
vt 0.835204005241394 0.05246001482009888
vt 0.3454200029373169 0.534949004650116
vt 0.3445110023021698 0.5381230115890503
vt 0.04346499964594841 0.8261209726333618
vt 0.807778000831604 0.6890469789505005
vt 0.7878149747848511 0.6890429854393005
vt 0.807778000831604 0.5324839949607849
vt 0.7875829935073853 0.5324839949607849
vt 0.8265650272369385 0.2681770324707031
vt 0.6926820278167725 0.8583490252494812
vt 0.7810350060462952 0.07338398694992065
vt 0.7541880011558533 0.0382310152053833
vt 0.7805910110473633 0.038352012634277344
vt 0.7541880011558533 0.07373601198196411
vt 0.7813379764556885 0.10878998041152954
vt 0.7810400128364563 0.07373601198196411
vt 0.8072749972343445 0.10924100875854492
vt 0.6171219944953918 0.8674499988555908
vt 0.643060028553009 0.8670030236244202
vt 0.643060028553009 0.8934040069580078
vt 0.61667400598526 0.8943139910697937
vt 0.7854830026626587 0.8642230033874512
vt 0.5849760174751282 0.17000699043273926
vt 0.2742049992084503 0.8405939936637878
vt 0.27414798736572266 0.6849420070648193
vt 0.2937749922275543 0.6849420070648193
vt 0.29340600967407227 0.8405939936637878
vt 0.8898990154266357 0.8988580107688904
vt 0.7875829935073853 0.6963260173797607
vt 0.7677819728851318 0.6963260173797607
vt 0.7873749732971191 0.5324879884719849
vt 0.8759809732437134 0.46335601806640625
vt 0.42825600504875183 0.8106639981269836
vt 0.7489950060844421 0.28109002113342285
vt 0.7437589764595032 0.27581900358200073
vt 0.7489950060844421 0.2900320291519165
vt 0.6085230112075806 0.7314209938049316
vt 0.6162599921226501 0.7316700220108032
vt 0.6084799766540527 0.7395730018615723
vt 0.7099789977073669 0.5329369902610779
vt 0.7290930151939392 0.5324839949607849
vt 0.7095239758491516 0.7172560095787048
vt 0.6166719794273376 0.7609459757804871
vt 0.44873300194740295 0.7425410151481628
vt 0.9477030038833618 0.6876800060272217
vt 0.9358699917793274 0.6872249841690063
vt 0.9477030038833618 0.5324839949607849
vt 0.6148920059204102 0.5480080246925354
vt 0.7225019931793213 0.3383660316467285
vt 0.7195180058479309 0.3360689878463745
vt 0.17092199623584747 0.5144749879837036
vt 0.17183199524879456 0.5160409808158875
vt 0.17092199623584747 0.5195760130882263
vt 0.7537369728088379 0.0
vt 0.7168729901313782 0.036409974098205566
vt 0.7168729901313782 0.0
vt 0.19887800514698029 0.8634170293807983
vt 0.19887800514698029 0.9002810120582581
vt 0.9128010272979736 0.06659901142120361
vt 0.8964139819145203 0.06634098291397095
vt 0.7537369728088379 0.0368649959564209
vt 0.21526600420475006 0.8643249869346619
vt 0.2119619995355606 0.6995180249214172
vt 0.19478599727153778 0.8633620142936707
vt 0.19478599727153778 0.6999790072441101
vt 0.2118529975414276 0.8633520007133484
vt 0.8914549946784973 0.3267630338668823
vt 0.6408290266990662 0.634319007396698
vt 0.6407480239868164 0.6455829739570618
vt 0.63578200340271 0.6351410150527954
vt 0.6408290266990662 0.6262949705123901
vt 0.3428969979286194 0.5966870188713074
vt 0.06076899915933609 0.5037940144538879
vt 0.05348699912428856 0.5033400058746338
vt 0.06122500076889992 0.5024279952049255
vt 0.8333920240402222 0.3364030122756958
vt 0.9140250086784363 0.7181739807128906
vt 0.9258580207824707 0.7177190184593201
vt 0.9140250086784363 0.8733699917793274
vt 0.8994609713554382 0.5329390168190002
vt 0.7853019833564758 0.6963260173797607
vt 0.7677819728851318 0.861100971698761
vt 0.7680079936981201 0.696349024772644
vt 0.7853019833564758 0.8601670265197754
vt 0.8259779810905457 0.3477029800415039
vt 0.48496198654174805 0.7170420289039612
vt 0.5883839726448059 0.15323299169540405
vt 0.5883839726448059 0.14427298307418823
vt 0.590703010559082 0.14784401655197144
vt 0.641202986240387 0.08994698524475098
vt 0.6373270153999329 0.09118598699569702
vt 0.6373270153999329 0.0842130184173584
vt 0.4942449927330017 0.840142011642456
vt 0.506076991558075 0.9739069938659668
vt 0.4942449927330017 0.9748579859733582
vt 0.5056269764900208 0.8405569791793823
vt 0.15929199755191803 0.5056480169296265
vt 0.938739001750946 0.06634598970413208
vt 0.9291800260543823 0.06621301174163818
vt 0.9291830062866211 0.020927011966705322
vt 0.938739001750946 0.020830988883972168
vt 0.8829879760742188 0.02856498956680298
vt 0.2170870006084442 0.687175989151001
vt 0.21799199283123016 0.486469030380249
vt 0.24120399355888367 0.6872249841690063
vt 0.61667400598526 0.5480080246925354
vt 0.5920959711074829 0.3472479581832886
vt 0.6162179708480835 0.3473019599914551
vt 0.5920959711074829 0.5479490160942078
vt 0.61667400598526 0.7391420006752014
vt 0.61667400598526 0.7466899752616882
vt 0.6089349985122681 0.7468940019607544
vt 0.053488001227378845 0.5019739866256714
vt 0.053488001227378845 0.5001530051231384
vt 0.06122500076889992 0.5015169978141785
vt 0.8397549986839294 0.05701100826263428
vt 0.8374800086021423 0.050980985164642334
vt 0.7191339731216431 0.3464219570159912
vt 0.4858289957046509 0.7658569812774658
vt 0.7272639870643616 0.33371496200561523
vt 0.36180800199508667 0.8975740075111389
vt 0.36180800199508667 0.9339830279350281
vt 0.3454299867153168 0.897773027420044
vt 0.8903560042381287 0.7181739807128906
vt 0.9021890163421631 0.7177190184593201
vt 0.8899009823799133 0.8729150295257568
vt 0.8276600241661072 0.8615220189094543
vt 0.8062469959259033 0.8442419767379761
vt 0.9155759811401367 0.3267630338668823
vt 0.9269539713859558 0.3267630338668823
vt 0.9155759811401367 0.4819589853286743
vt 0.6247770190238953 0.0
vt 0.4804759919643402 0.7758359909057617
vt 0.4838019907474518 0.7754619717597961
vt 0.48462599515914917 0.7767080068588257
vt 0.4801110029220581 0.7772120237350464
vt 0.5511990189552307 0.33295202255249023
vt 0.5518289804458618 0.3362159729003906
vt 0.4780920147895813 0.7733010053634644
vt 0.7875829935073853 0.5324839949607849
vt 0.6594430208206177 0.9052309989929199
vt 0.643060028553009 0.9052280187606812
vt 0.6790990233421326 0.03868502378463745
vt 0.5534120202064514 0.34032899141311646
vt 0.5888540148735046 0.14427298307418823
vt 0.5547749996185303 0.3402569890022278
vt 0.17092199623584747 0.5056480169296265
vt 0.17221599817276 0.5058119893074036
vt 0.17092199623584747 0.5102769732475281
vt 0.555230975151062 0.3472479581832886
vt 0.2833090126514435 0.9334290027618408
vt 0.5342869758605957 0.90522301197052
vt 0.807437002658844 0.07373601198196411
vt 0.7805910110473633 0.03584200143814087
vt 0.16616100072860718 0.7027850151062012
vt 0.17228099703788757 0.6963350176811218
vt 0.17231899499893188 0.7027050256729126
vt 0.852042019367218 0.03788900375366211
vt 0.8520410060882568 0.04676401615142822
vt 0.8452150225639343 0.03788900375366211
vt 0.166143998503685 0.6959580183029175
vt 0.8352130055427551 0.28338098526000977
vt 0.9128069877624512 0.02856498956680298
vt 0.7173280119895935 0.03777498006820679
vt 0.5520110130310059 0.3397449851036072
vt 0.6658290028572083 0.3472479581832886
vt 0.7203279733657837 0.908918023109436
vt 0.6162530183792114 0.6347299814224243
vt 0.517615020275116 0.6456379890441895
vt 0.8237249851226807 0.34034502506256104
vt 0.5114549994468689 0.6450340151786804
vt 0.8536019921302795 0.888384997844696
vt 0.8536019921302795 0.9152370095252991
vt 0.8276600241661072 0.8888400197029114
vt 0.8333799839019775 0.0
vt 0.7353950142860413 0.2947629690170288
vt 0.7428969740867615 0.29531198740005493
vt 0.6417040228843689 0.31186699867248535
vt 0.6071130037307739 0.3187040090560913
vt 0.611847996711731 0.31506896018981934
vt 0.6119610071182251 0.31716299057006836
vt 0.6561459898948669 0.9356170296669006
vt 0.316305011510849 0.9748799800872803
vt 0.30538201332092285 0.8406190276145935
vt 0.316305011510849 0.8401640057563782
vt 0.8258169889450073 0.9004480242729187
vt 0.8258169889450073 0.9356150031089783
vt 0.8148819804191589 0.9006369709968567
vt 0.30538100004196167 0.9739699959754944
vt 0.48594599962234497 0.7696939706802368
vt 0.7290930151939392 0.7172579765319824
vt 0.15929199755191803 0.35909903049468994
vt 0.06122399866580963 0.4951460361480713
vt 0.05348699912428856 0.4951469898223877
vt 0.5183650255203247 0.17292702198028564
vt 0.6162310242652893 0.6350820064544678
vt 0.6162530183792114 0.6378610134124756
vt 0.6136850118637085 0.6347299814224243
vt 0.512444019317627 0.5968859791755676
vt 0.5179100036621094 0.5197399854660034
vt 0.5179100036621094 0.5991590023040771
vt 0.5128980278968811 0.5204259753227234
vt 0.6353340148925781 0.6280959844589233
vt 0.6256809830665588 0.31721603870391846
vt 0.6224070191383362 0.31721603870391846
vt 0.6926850080490112 0.8547570109367371
vt 0.7095239758491516 0.8911669850349426
vt 0.6931399703025818 0.8925309777259827
vt 0.3454200029373169 0.8975740075111389
vt 0.3454200029373169 0.8602539896965027
vt 0.36226001381874084 0.8975740075111389
vt 0.7095239758491516 0.8547589778900146
vt 0.727724015712738 0.2959420084953308
vt 0.7164220213890076 0.0386810302734375
vt 0.9274089932441711 0.48241400718688965
vt 0.19114400446414948 0.9016469717025757
vt 0.21526600420475006 0.9257689714431763
vt 0.19114400446414948 0.9257689714431763
vt 0.690401017665863 0.11116898059844971
vt 0.21526500582695007 0.9025570154190063
vt 0.5338389873504639 0.8966040015220642
vt 0.5179100036621094 0.8961489796638489
vt 0.9724670052528381 0.3272179961204529
vt 0.9709159731864929 0.7181739807128906
vt 0.8914549946784973 0.46284401416778564
vt 0.3454200029373169 0.3472479581832886
vt 0.17248399555683136 0.00045299530029296875
vt 0.34497401118278503 0.17385601997375488
vt 0.17248399555683136 0.17430901527404785
vt 0.17248399555683136 0.34816300868988037
vt 0.34450599551200867 0.17432701587677002
vt 0.3454200029373169 0.3477209806442261
vt 0.34497499465942383 0.0
vt 0.34449100494384766 0.5639709830284119
vt 0.9021890163421631 0.8733699917793274
vt 0.17248399555683136 0.6995739936828613
vt 0.17271199822425842 0.5138829946517944
vt 0.19478599727153778 0.5138279795646667
vt 0.19478599727153778 0.6995189785957336
vt 0.8406739830970764 0.2836090326309204
vt 0.8347569704055786 0.2900940179824829
vt 0.8406739830970764 0.29020798206329346
vt 0.7537379860877991 0.0382310152053833
vt 0.015929000452160835 0.8993179798126221
vt 0.807778000831604 0.688135027885437
vt 0.5820980072021484 0.13940101861953735
vt 0.5822110176086426 0.13610601425170898
vt 0.5883839726448059 0.13608098030090332
vt 0.5883839726448059 0.1393759846687317
vt 0.5821390151977539 0.14247101545333862
vt 0.23505799472332 0.852433979511261
vt 0.4859740138053894 0.7730799913406372
vt 0.4869529902935028 0.7735720276832581
vt 0.4578390121459961 0.8091959953308105
vt 0.469217985868454 0.8096179962158203
vt 0.45829400420188904 0.9643920063972473
vt 0.469217985868454 0.9648150205612183
vt 0.6091700196266174 0.7723299860954285
vt 0.609233021736145 0.7695959806442261
vt 0.6165019869804382 0.77019202709198
vt 0.6166719794273376 0.7724760174751282
vt 0.832027018070221 0.3425469994544983
vt 0.9258580207824707 0.8733699917793274
vt 0.8074309825897217 0.03811401128768921
vt 0.14699700474739075 0.8916329741477966
vt 0.749737024307251 0.2754579782485962
vt 0.8259680271148682 0.3370230197906494
vt 0.1723950058221817 0.6940590143203735
vt 0.6410580277442932 0.09118598699569702
vt 0.6410580277442932 0.09812301397323608
vt 0.6373270153999329 0.09710001945495605
vt 0.3304010033607483 0.34816300868988037
vt 0.3454200029373169 0.34816300868988037
vt 0.3304010033607483 0.5338529944419861
vt 0.6144649982452393 0.637598991394043
vt 0.6117169857025146 0.6353210210800171
vt 0.5925430059432983 0.7314209938049316
vt 0.6084660291671753 0.731423020362854
vt 0.5920959711074829 0.8684099912643433
vt 0.7095239758491516 0.8547570109367371
vt 0.6422340273857117 0.0
vt 0.6786440014839172 0.00045502185821533203
vt 0.641323983669281 0.0009099841117858887
vt 0.21709400415420532 0.8797460198402405
vt 0.2170870006084442 0.852433979511261
vt 0.24347999691963196 0.8806329965591431
vt 0.6344190239906311 0.31915903091430664
vt 0.6348739862442017 0.3187040090560913
vt 0.2170870006084442 0.8802000284194946
vt 0.42820799350738525 0.6549109816551208
vt 0.41773998737335205 0.8192089796066284
vt 0.41773998737335205 0.6544560194015503
vt 0.5606870055198669 0.8506090044975281
vt 0.42820701003074646 0.8196650147438049
vt 0.7150999903678894 0.33542400598526
vt 0.07816199958324432 0.8465350270271301
vt 0.889398992061615 0.11116898059844971
vt 0.9016870260238647 0.11116898059844971
vt 0.889398992061615 0.266821026802063
vt 0.07265300303697586 0.8466460108757019
vt 0.05945400148630142 0.9022870063781738
vt 0.059450000524520874 0.8465350270271301
vt 0.07265199720859528 0.9022870063781738
vt 0.8941410183906555 0.0854569673538208
vt 0.25440698862075806 0.6849420070648193
vt 0.2544269859790802 0.4842450022697449
vt 0.2789829969406128 0.6849420070648193
vt 0.9392430186271667 0.3267630338668823
vt 0.95107501745224 0.3272169828414917
vt 0.9392430186271667 0.4819589853286743
vt 0.6658290028572083 0.7031509876251221
vt 0.6886990070343018 0.5483949780464172
vt 0.6890389919281006 0.7026799917221069
vt 0.6658290028572083 0.5479549765586853
vt 0.7063379883766174 0.8547059893608093
vt 0.9291830062866211 0.10391998291015625
vt 0.9128010272979736 0.06725400686264038
vt 0.9291830062866211 0.06705403327941895
vt 0.9128010272979736 0.10412001609802246
vt 0.9155740141868591 0.49106401205062866
vt 0.9155740141868591 0.5179160237312317
vt 0.889631986618042 0.5179160237312317
vt 0.6071130037307739 0.31233203411102295
vt 0.889631986618042 0.49106502532958984
vt 0.6171190142631531 0.11116898059844971
vt 0.8630020022392273 0.11116898059844971
vt 0.8776159882545471 0.8915749788284302
vt 0.6216880083084106 0.3174029588699341
vt 0.34496501088142395 0.5338519811630249
vt 0.61667400598526 0.5479580163955688
vt 0.2785469889640808 0.4842450022697449
vt 0.7473070025444031 0.9111049771308899
vt 0.95107501745224 0.4819580316543579
vt 0.844760000705719 0.04653596878051758
vt 0.8061239719390869 0.5033519864082336
vt 0.937641978263855 0.2663639783859253
vt 0.17214900255203247 0.5102769732475281
vt 0.17214900255203247 0.5144749879837036
vt 0.17092199623584747 0.5110269784927368
vt 0.3428969979286194 0.6053190231323242
vt 0.6804649829864502 0.03777498006820679
vt 0.3618040084838867 0.8602550029754639
vt 0.3618040084838867 0.8611649870872498
vt 0.9287350177764893 0.02856600284576416
vt 0.3788749873638153 0.8091980218887329
vt 0.3893429934978485 0.8091980218887329
vt 0.3788760006427765 0.9734969735145569
vt 0.8964149951934814 0.06634098291397095
vt 0.9127990007400513 0.06634098291397095
vt 0.8780210018157959 0.29185301065444946
vt 0.6330779790878296 0.729557991027832
vt 0.5511990189552307 0.31038999557495117
vt 0.5550789833068848 0.3190649747848511
vt 0.5511990189552307 0.321200966835022
vt 0.8333749771118164 0.03777897357940674
vt 0.8709759712219238 0.29809099435806274
vt 0.8709759712219238 0.3267630338668823
vt 0.8450390100479126 0.2985520362854004
vt 0.34369999170303345 0.895700991153717
vt 0.5137770175933838 0.644894003868103
vt 0.14839500188827515 0.6393960118293762
vt 0.25258201360702515 0.4860650300979614
vt 0.6904069781303406 0.2959420084953308
vt 0.690401017665863 0.11116898059844971
vt 0.7099760174751282 0.295894980430603
vt 0.641323983669281 0.03823000192642212
vt 0.7680330276489258 0.5324839949607849
vt 0.38888901472091675 0.9730420112609863
vt 0.24347999691963196 0.8528670072555542
vt 0.5920950174331665 0.31187903881073
vt 0.5552300214767456 0.3117560148239136
vt 0.592091977596283 0.17488700151443481
vt 0.9283930063247681 0.7116209864616394
vt 0.924036979675293 0.7142019867897034
vt 0.612434983253479 0.638031005859375
vt 0.6117169857025146 0.6419649720191956
vt 0.5903609991073608 0.16839700937271118
vt 0.5903609991073608 0.17362499237060547
vt 0.5883839726448059 0.16944897174835205
vt -0.0 0.3399829864501953
vt 0.6112099885940552 0.6313549876213074
vt 0.48014500737190247 0.7094870209693909
vt 0.6658290028572083 0.8856559991836548
vt 0.8605170249938965 0.3267630338668823
vt 0.6084799766540527 0.8684099912643433
vt 0.2942279875278473 0.8692939877510071
vt 0.2937749922275543 0.6863359808921814
vt 0.30515000224113464 0.8692669868469238
vt 0.9016870260238647 0.11116898059844971
vt 0.34471699595451355 0.6053190231323242
vt 0.6417040228843689 0.11116898059844971
vt 0.9358699917793274 0.5324839949607849
vt 0.5552300214767456 0.17430901527404785
vt 0.6330580115318298 0.867002010345459
vt 0.7858150005340576 0.5110920071601868
vt 0.3304010033607483 0.6690250039100647
vt 0.7322610020637512 0.908922016620636
vt 0.8347569704055786 0.34277498722076416
vt 0.8343020081520081 0.33651697635650635
vt 0.8406739830970764 0.34277498722076416
vt 0.2937749922275543 0.8405939936637878
vt 0.2937679886817932 0.868806004524231
vt 0.26692500710487366 0.8405939936637878
vt 0.5174670219421387 0.13652503490447998
vt 0.2992370128631592 0.9334319829940796
vt 0.587090015411377 0.840158998966217
vt 0.567520022392273 0.8401299715042114
vt 0.587090015411377 0.6854180097579956
vt 0.7164180278778076 0.0004559755325317383
vt 0.7168729901313782 0.0018219947814941406
vt 0.3454200029373169 0.9337289929389954
vt 0.7095199823379517 0.8925359845161438
vt 0.7095239758491516 0.5324839949607849
vt 0.5372530221939087 0.6854000091552734
vt 0.5179089903831482 0.8406270146369934
vt 0.5179089903831482 0.6854289770126343
vt 0.5372530221939087 0.8405979871749878
vt 0.8406739830970764 0.3362889885902405
vt 0.9012320041656494 0.26636600494384766
vt 0.5883539915084839 0.14256101846694946
vt 0.9358699917793274 0.6876810193061829
vt 0.15929199755191803 0.4952089786529541
vt 0.813979983329773 0.9352399706840515
vt 0.8709759712219238 0.3267630338668823
vt 0.3674969971179962 0.6535450220108032
vt 0.39798998832702637 0.5197399854660034
vt 0.3977630138397217 0.6535450220108032
vt 0.3674969971179962 0.5197399854660034
vt 0.10997000336647034 0.8006399869918823
vt 0.024122999981045723 0.640854001045227
vt 0.8894460201263428 0.7181739807128906
vt 0.8899009823799133 0.898402988910675
vt 0.8785229921340942 0.8988580107688904
vt 0.8785229921340942 0.7177190184593201
vt 0.5342869758605957 0.8788210153579712
vt 0.5342890024185181 0.8506090044975281
vt 0.5606870055198669 0.8788210153579712
vt 0.6353340148925781 0.5480149984359741
vt 0.6348839998245239 0.7291470170021057
vt 0.61667400598526 0.729557991027832
vt 0.61667400598526 0.5484219789505005
vt 0.439177006483078 0.9749630093574524
vt 0.43872499465942383 0.8106639981269836
vt 0.44919198751449585 0.811119019985199
vt 0.4491899907588959 0.9749630093574524
vt 0.020709000527858734 0.8051519989967346
vt 0.807437002658844 0.07373601198196411
vt 0.8333820104598999 0.07419401407241821
vt 0.8333820104598999 0.10969197750091553
vt 0.8078960180282593 0.10923898220062256
vt 0.8276600241661072 0.9147809743881226
vt 0.7814249992370605 0.2959420084953308
vt 0.7814249992370605 0.3314390182495117
vt 0.7554789781570435 0.2960669994354248
vt 0.34224599599838257 0.5733029842376709
vt 0.8462100028991699 0.7172629833221436
vt 0.8092389702796936 0.26636600494384766
vt 0.949524998664856 0.8729150295257568
vt 0.7545760273933411 0.3311010003089905
vt 0.5171830058097839 0.6450340151786804
vt 0.24120399355888367 0.4860650300979614
vt 0.5821189880371094 0.17000699043273926
vt 0.34228599071502686 0.5722209811210632
vt 0.44873300194740295 0.6997500061988831
vt 0.9904879927635193 0.8833829760551453
vt 0.9813830256462097 0.8834090232849121
vt 0.9909390211105347 0.7177190184593201
vt 0.7696430087089539 0.2750120162963867
vt 0.7168729901313782 0.0382310152053833
vt 0.30515000224113464 0.6849420070648193
vt 0.7099760174751282 0.1115729808807373
vt 0.6640110015869141 0.703652024269104
vt 0.4578390121459961 0.5197399854660034
vt 0.6544319987297058 0.9327639937400818
vt 0.5883839726448059 0.1618490219116211
vt 0.5910090208053589 0.1646510362625122
vt 0.5883839726448059 0.16839700937271118
vt 0.9813830256462097 0.7182000279426575
vt 0.567520022392273 0.68538898229599
vt 0.5606849789619446 0.8510599732398987
vt 0.6686319708824158 0.10467898845672607
vt 0.6686319708824158 0.07691699266433716
vt 0.6959390044212341 0.10467797517776489
vt 0.6357089877128601 0.6446729898452759
vt 0.643060028553009 0.9357230067253113
vt 0.6963940262794495 0.07691597938537598
vt 0.6790990233421326 0.03868502378463745
vt 0.8445799946784973 0.32631003856658936
vt 0.15929199755191803 0.17431902885437012
vt 0.15929199755191803 0.17431902885437012
vt 0.15929199755191803 0.17431902885437012
vt 0.09904800355434418 0.800154983997345
vt 0.10655999928712845 0.6394540071487427
vt 0.11230000108480453 0.800154983997345
vt 0.23256100714206696 0.9074879884719849
vt 0.24302899837493896 0.9074879884719849
vt 0.24302899837493896 0.9277970194816589
vt 0.23256100714206696 0.9273419976234436
vt 0.7086160182952881 0.9294059872627258
vt 0.709069013595581 0.9489750266075134
vt 0.698602020740509 0.9487469792366028
vt 0.698602020740509 0.9294009804725647
vt 0.7996829748153687 0.29549503326416016
vt 0.7855749726295471 0.2954939603805542
vt 0.7855790257453918 0.2759239673614502
vt 0.7996829748153687 0.2759220004081726
vt 0.6025890111923218 0.11082601547241211
vt 0.5907629728317261 0.11116302013397217
vt 0.590408980846405 0.09216099977493286
vt 0.6026999950408936 0.09216099977493286
vt 0.920769989490509 0.020255982875823975
vt 0.9207680225372314 0.0
vt 0.9326040148735046 6.097555160522461e-05
vt 0.9326030015945435 0.020255982875823975
vt 0.16539700329303741 0.4952099919319153
vt 0.17199599742889404 0.4952089786529541
vt 0.17199599742889404 0.5029460191726685
vt 0.16539299488067627 0.5029420256614685
vt 0.9296290278434753 0.06725502014160156
vt 0.940559983253479 0.06705498695373535
vt 0.940559983253479 0.08663296699523926
vt 0.9291830062866211 0.0863640308380127
vt 0.8449339866638184 0.5124670267105103
vt 0.8449339866638184 0.5320360064506531
vt 0.8299149870872498 0.5320370197296143
vt 0.8299109935760498 0.5124639868736267
vt 0.9435269832611084 0.020138025283813477
vt 0.9344239830970764 0.020138025283813477
vt 0.9372379779815674 0.012070000171661377
vt 0.9326040148735046 0.019912004470825195
vt 0.9326040148735046 0.0
vt 0.9430710077285767 0.00016999244689941406
vt 0.9198570251464844 0.0004519820213317871
vt 0.9207680225372314 0.022292017936706543
vt 0.9125760197639465 0.011202991008758545
vt 0.9048389792442322 0.022067010402679443
vt 0.9048389792442322 0.0
vt 0.7864329814910889 0.9270769953727722
vt 0.7869110107421875 0.9279749989509583
vt 0.782069981098175 0.9344729781150818
vt 0.7868880033493042 0.944819986820221
vt 0.7750589847564697 0.9451239705085754
vt 0.7750589847564697 0.9273689985275269
vt 0.9395239949226379 0.9291689991950989
vt 0.9395290017127991 0.9111859798431396
vt 0.9449899792671204 0.9200969934463501
vt 0.9504489898681641 0.9109140038490295
vt 0.9504489898681641 0.9291229844093323
vt 0.1715729981660843 0.4736349582672119
vt 0.17202599346637726 0.4736739993095398
vt 0.1715729981660843 0.480571985244751
vt 0.29423201084136963 0.9334329962730408
vt 0.2937769889831543 0.9507269859313965
vt 0.28977400064468384 0.9403039813041687
vt 0.2833090126514435 0.9505000114440918
vt 0.2833090126514435 0.9334329962730408
vt 0.29423099756240845 0.9334319829940796
vt 0.6803939938545227 0.949970006942749
vt 0.6799389719963074 0.9322199821472168
vt 0.685513973236084 0.9410949945449829
vt 0.6908619999885559 0.932220995426178
vt 0.6908619999885559 0.9499710202217102
vt 0.7696430087089539 0.2759220004081726
vt 0.7705559730529785 0.27592700719833374
vt 0.7761980295181274 0.2838450074195862
vt 0.7855749726295471 0.2763819694519043
vt 0.7855740189552307 0.29549598693847656
vt 0.7696449756622314 0.29549598693847656
vt 0.9387850165367126 0.26718801259994507
vt 0.9492490291595459 0.266821026802063
vt 0.9440140128135681 0.27623796463012695
vt 0.9492459893226624 0.2852579951286316
vt 0.9387850165367126 0.28568601608276367
vt 0.918586015701294 0.9313179850578308
vt 0.9213200211524963 0.9299619793891907
vt 0.9233250021934509 0.9379220008850098
vt 0.9290549755096436 0.9306409955024719
vt 0.9290519952774048 0.9488459825515747
vt 0.918586015701294 0.9488480091094971
vt 0.9492080211639404 0.020830988883972168
vt 0.9492080211639404 0.040403008460998535
vt 0.9439709782600403 0.030672013759613037
vt 0.938739001750946 0.04040098190307617
vt 0.9387400150299072 0.021058976650238037
vt 0.3409619927406311 0.9400990009307861
vt 0.329584002494812 0.9405530095100403
vt 0.3351590037345886 0.9305400252342224
vt 0.329584002494812 0.9207509756088257
vt 0.3405109941959381 0.920756995677948
vt 0.7591320276260376 0.34464097023010254
vt 0.7591320276260376 0.33144301176071167
vt 0.7691450119018555 0.33166998624801636
vt 0.7695969939231873 0.34463202953338623
vt 0.9192389845848083 0.9299619793891907
vt 0.9185770153999329 0.8742129802703857
vt 0.9290549755096436 0.8749989867210388
vt 0.9287970066070557 0.9299619793891907
vt 0.900367021560669 0.9490339756011963
vt 0.8899009823799133 0.9485790133476257
vt 0.8950250148773193 0.9390209913253784
vt 0.8899099826812744 0.9292370080947876
vt 0.8999210000038147 0.9292370080947876
vt 0.9290549755096436 0.9287149906158447
vt 0.9290549755096436 0.8742129802703857
vt 0.9395229816436768 0.8742129802703857
vt 0.9395239949226379 0.9291689991950989
vt 0.34132298827171326 0.6690250039100647
vt 0.34132298827171326 0.6826769709587097
vt 0.33085599541664124 0.6824510097503662
vt 0.3304010033607483 0.6690269708633423
vt 0.5672900080680847 0.7090939879417419
vt 0.5606870055198669 0.7088620066642761
vt 0.5639650225639343 0.7051630020141602
vt 0.5606920123100281 0.7013570070266724
vt 0.5671769976615906 0.7013570070266724
vt 0.5575000047683716 0.9286609888076782
vt 0.5575000047683716 0.9459599852561951
vt 0.5461239814758301 0.9464179873466492
vt 0.5461239814758301 0.9277549982070923
vt 0.5575000047683716 0.9277510046958923
vt 0.7659620046615601 0.3476809859275818
vt 0.42825600504875183 0.6544560194015503
vt 0.39798998832702637 0.6544550061225891
vt 0.4131239950656891 0.587211012840271
vt 0.39798998832702637 0.5197399854660034
vt 0.42825499176979065 0.5201950073242188
vt 0.06738399714231491 0.4951460361480713
vt 0.06735599786043167 0.5039079785346985
vt 0.0643329992890358 0.49955201148986816
vt 0.061381999403238297 0.5040209889411926
vt 0.06122500076889992 0.4951460361480713
vt 0.9296389818191528 0.10620498657226562
vt 0.9291830062866211 0.08663296699523926
vt 0.9405609965324402 0.08663296699523926
vt 0.9405609965324402 0.10620403289794922
vt 0.1702139973640442 0.35958099365234375
vt 0.17202900350093842 0.3099449872970581
vt 0.17248399555683136 0.3099449872970581
vt 0.1723330020904541 0.3713870048522949
vt 0.17248399555683136 0.4942699670791626
vt 0.8299109935760498 0.5320330262184143
vt 0.8148900270462036 0.5324839949607849
vt 0.8224020004272461 0.5223590135574341
vt 0.8148930072784424 0.5124650001525879
vt 0.8299109935760498 0.5124639868736267
vt 0.9353899955749512 0.6890460252761841
vt 0.9463109970092773 0.6892690062522888
vt 0.9409649968147278 0.6990560293197632
vt 0.9463109970092773 0.708952009677887
vt 0.9358450174331665 0.7089570164680481
vt 0.39798998832702637 0.7896280288696289
vt 0.3879770040512085 0.7897419929504395
vt 0.3879770040512085 0.7343310117721558
vt 0.39798998832702637 0.7334200143814087
vt 0.24166899919509888 0.6842700242996216
vt 0.24120399355888367 0.6708449721336365
vt 0.25213000178337097 0.6708449721336365
vt 0.2516840100288391 0.6840440034866333
vt 0.9404330253601074 0.946690022945404
vt 0.9290549755096436 0.9466890096664429
vt 0.9348570108413696 0.9379850029945374
vt 0.9290549755096436 0.9293910264968872
vt 0.9408910274505615 0.9291689991950989
vt 0.727724015712738 0.3448660373687744
vt 0.727724015712738 0.33144301176071167
vt 0.7381929755210876 0.33167099952697754
vt 0.7381939888000488 0.34509503841400146
vt 0.9292290210723877 0.32189100980758667
vt 0.9187610149383545 0.3232560157775879
vt 0.9187610149383545 0.266821026802063
vt 0.9287739992141724 0.2670480012893677
vt 0.16539299488067627 0.5039139986038208
vt 0.1593479961156845 0.5038290023803711
vt 0.16235700249671936 0.49957597255706787
vt 0.15929199755191803 0.49535298347473145
vt 0.16539299488067627 0.4952089786529541
vt 0.7040240168571472 0.3465399742126465
vt 0.7006530165672302 0.3433780074119568
vt 0.7061589956283569 0.34097301959991455
vt 0.7006250023841858 0.3387179970741272
vt 0.7039719820022583 0.33542400598526
vt 0.7085639834403992 0.3356449604034424
vt 0.711575984954834 0.33847296237945557
vt 0.711575984954834 0.3432120084762573
vt 0.708279013633728 0.3463749885559082
vt 0.8616859912872314 0.9473260045051575
vt 0.8616840243339539 0.9293450117111206
vt 0.867376983165741 0.9382799863815308
vt 0.8730639815330505 0.9288939833641052
vt 0.8730639815330505 0.9475529789924622
vt 0.6895530223846436 0.3438839912414551
vt 0.6894919872283936 0.33883899450302124
vt 0.6949350237846375 0.34116899967193604
vt 0.6923679709434509 0.3358299732208252
vt 0.6969379782676697 0.33542400598526
vt 0.7006250023841858 0.33854997158050537
vt 0.7005900144577026 0.34338700771331787
vt 0.6968510150909424 0.34669798612594604
vt 0.6930969953536987 0.34669798612594604
vt 0.5461289882659912 0.9055349826812744
vt 0.5616040229797363 0.90522301197052
vt 0.5538640022277832 0.9165329933166504
vt 0.5616040229797363 0.9277510046958923
vt 0.5461239814758301 0.9276130199432373
vt 0.6179429888725281 0.08577901124954224
vt 0.6103289723396301 0.09216099977493286
vt 0.6043040156364441 0.046088993549346924
vt 0.5987799763679504 0.09194999933242798
vt 0.590578019618988 0.08536303043365479
vt 0.590408980846405 0.0070819854736328125
vt 0.5985910296440125 1.5974044799804688e-05
vt 0.6098560094833374 0.0
vt 0.6179429888725281 0.006359994411468506
vt 0.24302899837493896 0.9281960129737854
vt 0.24302899837493896 0.9480500221252441
vt 0.2377920001745224 0.9380099773406982
vt 0.23256200551986694 0.9479939937591553
vt 0.23256100714206696 0.9277970194816589
vt 0.7350190281867981 0.9111070036888123
vt 0.7473070025444031 0.9111049771308899
vt 0.7412760257720947 0.9224810004234314
vt 0.7473070025444031 0.9339680075645447
vt 0.7354739904403687 0.9337430000305176
vt 0.7532719969749451 0.29422199726104736
vt 0.7489950060844421 0.2883570194244385
vt 0.7583490014076233 0.2852970361709595
vt 0.7489950060844421 0.280925989151001
vt 0.7551249861717224 0.2754579782485962
vt 0.76350998878479 0.2762570381164551
vt 0.7676129937171936 0.2823219895362854
vt 0.7678040266036987 0.2896069884300232
vt 0.7614840269088745 0.29522502422332764
vt 0.7880290150642395 0.9428369998931885
vt 0.7875819802284241 0.9241210222244263
vt 0.7936099767684937 0.933493971824646
vt 0.7994099855422974 0.9241210222244263
vt 0.7994059920310974 0.9428979754447937
vt 0.784965991973877 0.5247250199317932
vt 0.7794409990310669 0.5295349955558777
vt 0.7754780054092407 0.5208060145378113
vt 0.7723910212516785 0.5305370092391968
vt 0.7659620046615601 0.5252360105514526
vt 0.7660359740257263 0.5169240236282349
vt 0.7713959813117981 0.5119450092315674
vt 0.7786650061607361 0.5110920071601868
vt 0.784965991973877 0.5164530277252197
vt 0.6043840050697327 0.9184749722480774
vt 0.6157600283622742 0.9184690117835999
vt 0.6099579930305481 0.9281430244445801
vt 0.6157600283622742 0.937811017036438
vt 0.6039289832115173 0.9378169775009155
vt 0.8394970297813416 0.9152370095252991
vt 0.8390470147132874 0.9348070025444031
vt 0.8334670066833496 0.9250220060348511
vt 0.8276649713516235 0.9348070025444031
vt 0.8276600241661072 0.9152370095252991
vt 0.938739001750946 0.040403008460998535
vt 0.9496639966964722 0.040403008460998535
vt 0.9443920254707336 0.049704015254974365
vt 0.9495940208435059 0.05895501375198364
vt 0.9395809769630432 0.059049010276794434
vt 0.9173920154571533 0.3266630172729492
vt 0.9023730158805847 0.3266630172729492
vt 0.9097700119018555 0.31574100255966187
vt 0.9023749828338623 0.3050459623336792
vt 0.9169380068778992 0.30459100008010864
vt 0.3291429877281189 0.9207550287246704
vt 0.329584002494812 0.9398699998855591
vt 0.32355600595474243 0.9303119778633118
vt 0.31775400042533875 0.9398699998855591
vt 0.3177669942378998 0.9207509756088257
vt 0.7998629808425903 0.9426659941673279
vt 0.7998629808425903 0.9241210222244263
vt 0.8057810068130493 0.9334239959716797
vt 0.8116989731788635 0.9242389798164368
vt 0.8116989731788635 0.9426699876785278
vt 0.8466650247573853 0.5124599933624268
vt 0.8584979772567749 0.5124019980430603
vt 0.8524670004844666 0.5224570035934448
vt 0.8584979772567749 0.5324829816818237
vt 0.8462100028991699 0.5324839949607849
vt 0.5552420020103455 0.0
vt 0.590408980846405 0.0005130171775817871
vt 0.5726889967918396 0.06784099340438843
vt 0.5898680090904236 0.1352279782295227
vt 0.5552420020103455 0.13562500476837158
vt 0.30469799041748047 0.9506080150604248
vt 0.29423201084136963 0.9506120085716248
vt 0.29958200454711914 0.942080020904541
vt 0.29423201084136963 0.933659017086029
vt 0.3051550090312958 0.9334319829940796
vt 0.8536019921302795 0.9348059892654419
vt 0.8417689800262451 0.9348070025444031
vt 0.8476859927177429 0.9250220060348511
vt 0.8417689800262451 0.9152380228042603
vt 0.8536019921302795 0.9152370095252991
vt 0.17248399555683136 0.9476010203361511
vt 0.1729380041360855 0.928941011428833
vt 0.17828600108623505 0.9382699728012085
vt 0.18386200070381165 0.928941011428833
vt 0.18386200070381165 0.9476000070571899
vt 0.9387850165367126 0.3115440011024475
vt 0.9387850165367126 0.2933390140533447
vt 0.9441319704055786 0.3024680018424988
vt 0.9492520093917847 0.2933349609375
vt 0.9497069716453552 0.3116530179977417
vt 0.8707849979400635 0.5324270129203796
vt 0.8584979772567749 0.5324839949607849
vt 0.8644180297851562 0.5225300192832947
vt 0.8584979772567749 0.5125629901885986
vt 0.8698800206184387 0.5126450061798096
vt 0.9072020053863525 0.9347410202026367
vt 0.9067469835281372 0.9119859933853149
vt 0.912775993347168 0.9234169721603394
vt 0.9185770153999329 0.9122080206871033
vt 0.9185770153999329 0.9347350001335144
vt 0.5920959711074829 0.9379010200500488
vt 0.5920959711074829 0.9184690117835999
vt 0.5980089902877808 0.9282270073890686
vt 0.6039289832115173 0.9186409711837769
vt 0.6039270162582397 0.9378970265388489
vt 0.05890300124883652 0.5056840181350708
vt 0.05898899957537651 0.6403999924659729
vt 0.0415319986641407 0.5730239748954773
vt 0.024118000641465187 0.640362024307251
vt 0.024118000641465187 0.5056480169296265
vt 0.19114400446414948 0.9257689714431763
vt 0.2020680010318756 0.9257689714431763
vt 0.19660399854183197 0.9357540011405945
vt 0.20161400735378265 0.9457929730415344
vt 0.1916009932756424 0.9456800222396851
vt 0.506076991558075 0.9364029765129089
vt 0.506076991558075 0.9161509871482849
vt 0.5117620229721069 0.9262030124664307
vt 0.517454981803894 0.9160940051078796
vt 0.5174509882926941 0.9361709952354431
vt 0.9433339834213257 0.49106401205062866
vt 0.9433339834213257 0.5101799964904785
vt 0.9376580119132996 0.5007359981536865
vt 0.9319570064544678 0.5106369853019714
vt 0.931958019733429 0.49106699228286743
vt 0.1574620008468628 0.928954005241394
vt 0.15700699388980865 0.9482979774475098
vt 0.15188999474048615 0.9386249780654907
vt 0.14653900265693665 0.9482979774475098
vt 0.14653900265693665 0.9289550185203552
vt 0.21435900032520294 0.9435210227966309
vt 0.2029780000448227 0.9435179829597473
vt 0.20844100415706635 0.9347019791603088
vt 0.2020680010318756 0.9257689714431763
vt 0.21435900032520294 0.9259989857673645
vt 0.9324139952659607 0.5112630128860474
vt 0.9428820013999939 0.5106369853019714
vt 0.9375360012054443 0.5209169983863831
vt 0.9428820013999939 0.5308319926261902
vt 0.9319570064544678 0.5309420228004456
vt 0.6658290028572083 0.9357219934463501
vt 0.666271984577179 0.9127479791641235
vt 0.6716359853744507 0.9242259860038757
vt 0.6772090196609497 0.912509024143219
vt 0.6772090196609497 0.9359430074691772
vt 0.5338389873504639 0.9334689974784851
vt 0.5338389873504639 0.950534999370575
vt 0.5286080241203308 0.9420620203018188
vt 0.5233709812164307 0.9507629871368408
vt 0.5233719944953918 0.9334729909896851
vt 0.6917709708213806 0.9322199821472168
vt 0.6799389719963074 0.9321640133857727
vt 0.685854971408844 0.9223719835281372
vt 0.6799389719963074 0.912509024143219
vt 0.6917709708213806 0.9125930070877075
vt 0.4578390121459961 0.655010998249054
vt 0.4282580018043518 0.6544569730758667
vt 0.44304800033569336 0.587261974811554
vt 0.42825600504875183 0.5197399854660034
vt 0.4578390121459961 0.5198400020599365
vt 0.2778480052947998 0.9325219988822937
vt 0.2778480052947998 0.9498180150985718
vt 0.27238398790359497 0.941224992275238
vt 0.26692500710487366 0.9498170018196106
vt 0.26692500710487366 0.9327499866485596
vt 0.6026999950408936 0.11104702949523926
vt 0.6026999950408936 0.09227001667022705
vt 0.6085039973258972 0.10166001319885254
vt 0.6145359873771667 0.09216099977493286
vt 0.6140769720077515 0.11116200685501099
vt 0.6285099983215332 0.918927013874054
vt 0.6285099983215332 0.938211977481842
vt 0.6225919723510742 0.9285320043563843
vt 0.61667400598526 0.9380940198898315
vt 0.61667400598526 0.9188950061798096
vt 0.94999098777771 0.9109129905700684
vt 0.9395239949226379 0.9109140038490295
vt 0.9447569847106934 0.9016979932785034
vt 0.9395239949226379 0.8926529884338379
vt 0.94999098777771 0.8923109769821167
vt 0.23256100714206696 0.9297879934310913
vt 0.2325569987297058 0.9477609992027283
vt 0.22686800360679626 0.9388870000839233
vt 0.22118300199508667 0.9477660059928894
vt 0.22118300199508667 0.9302440285682678
vt 0.23256100714206696 0.9074879884719849
vt 0.23256100714206696 0.9297869801521301
vt 0.22493800520896912 0.9186379909515381
vt 0.2170870006084442 0.9297879934310913
vt 0.21754199266433716 0.9074879884719849
vt 0.940559983253479 0.08503299951553345
vt 0.940559983253479 0.06705498695373535
vt 0.9457910060882568 0.07598799467086792
vt 0.951026976108551 0.06728202104568481
vt 0.951026976108551 0.08457702398300171
vt 0.7645900249481201 0.946931004524231
vt 0.764136016368866 0.9270769953727722
vt 0.7697089910507202 0.9370049834251404
vt 0.7750589847564697 0.9270780086517334
vt 0.7750589847564697 0.9469360113143921
vt 0.6398839950561523 0.938634991645813
vt 0.6285099983215332 0.938808023929596
vt 0.6342009902000427 0.9288150072097778
vt 0.6285099983215332 0.9189220070838928
vt 0.6398879885673523 0.9188950061798096
vt 0.951026976108551 0.08845102787017822
vt 0.951026976108551 0.10619997978210449
vt 0.945917010307312 0.0972750186920166
vt 0.9405609965324402 0.10620498657226562
vt 0.9410179853439331 0.08823198080062866
vt 0.7536680102348328 0.9271939992904663
vt 0.764136016368866 0.927079975605011
vt 0.7589020133018494 0.937263011932373
vt 0.764136016368866 0.9473890066146851
vt 0.7536680102348328 0.9473900198936462
vt 0.29332199692726135 0.8724439740180969
vt 0.3051590025424957 0.8724449872970581
vt 0.2992449998855591 0.8840230107307434
vt 0.3051590025424957 0.8955370187759399
vt 0.29333001375198364 0.895658016204834
vn -0.5791127160079701 -0.574212558493392 -0.5787127092317439
vn 0.5674096182801778 -0.5748097731349071 0.5896100828443656
vn -0.5816330271300851 -0.5792329269164033 0.5711324173318744
vn -0.5791127160079701 -0.574212558493392 -0.5787127092317439
vn -0.587291205814393 0.5774913683302796 -0.5670914909228472
vn 0.5819032581435495 -0.577903190574858 -0.5722031985975972
vn -0.5791127160079701 -0.574212558493392 -0.5787127092317439
vn -0.5816330271300851 -0.5792329269164033 0.5711324173318744
vn -0.5755136862044508 0.5800137770120853 0.5765136732702355
vn 0.5819032581435495 -0.577903190574858 -0.5722031985975972
vn -0.587291205814393 0.5774913683302796 -0.5670914909228472
vn 0.5722383106500648 -0.5806389294536551 0.5791387997943787
vn -0.7158139341942793 0.04540088390867175 0.6968135843635794
vn -0.5714348182342756 -0.5804353574275871 0.5801353672699758
vn 0.6796830092122201 -0.10339741097888314 0.7261817832960871
vn 0.5722383106500648 -0.5806389294536551 0.5791387997943787
vn 0.5859176643212087 -0.5718172316204132 -0.5742173319034756
vn 0.6796830092122201 -0.10339741097888314 0.7261817832960871
vn 0.5777829926171544 0.5780829827964215 0.5761830251261812
vn 0.5794687765955028 0.5809686678504337 -0.5715691943474595
vn -0.5571088483649854 0.5875093016864267 0.5869093213652063
vn 0.5777829926171544 0.5780829827964215 0.5761830251261812
vn -0.5571088483649854 0.5875093016864267 0.5869093213652063
vn -0.5794125849417686 -0.5742124372644724 0.578412597807043
vn 0.5769835268521977 -0.5777834808110853 0.5772835170373614
vn 0.5798130732880106 -0.5776130064323842 -0.5746129261028282
vn 0.7323691787418765 0.6698718018371107 0.12209486120411472
vn 0.7285038180145329 -0.6735035132363071 0.12520065813165576
vn 0.5798130732880106 -0.5776130064323842 -0.5746129261028282
vn 0.7285038180145329 -0.6735035132363071 0.12520065813165576
vn -0.17159983327105585 -0.6705993936254909 -0.7216993490993805
vn 0.5798130732880106 -0.5776130064323842 -0.5746129261028282
vn -0.17159983327105585 -0.6705993936254909 -0.7216993490993805
vn 0.569690422995437 0.5795902769094214 -0.5826902546459314
vn 0.569690422995437 0.5795902769094214 -0.5826902546459314
vn -0.5313982267673566 -0.6206979038920357 0.5764980803892953
vn 0.01690102671934926 -0.8336506144669512 0.5520335209882696
vn 0.014499871584948018 -0.014399872688948146 0.9997911768917357
vn -0.5313982267673566 -0.6206979038920357 0.5764980803892953
vn -0.8247216960952667 0.005200136556005942 0.5655148827126881
vn -0.7604544805572017 -0.012999222693828923 -0.6492611209750918
vn -0.5313982267673566 -0.6206979038920357 0.5764980803892953
vn -0.518290186758595 -0.5616893985780745 -0.6448878211245282
vn 0.01690102671934926 -0.8336506144669512 0.5520335209882696
vn -0.8247216960952667 0.005200136556005942 0.5655148827126881
vn -0.518290186758595 -0.5616893985780745 -0.6448878211245282
vn 0.5777059933784475 0.5815059679970448 -0.5728058959180161
vn 0.5829946412671628 -0.5782946958060984 0.5706947459511996
vn 0.5730982236246764 -0.5750982574150001 -0.5837982702924619
vn 0.5823957778073523 0.5660958748119882 0.5833957649083672
vn 0.5777059933784475 0.5815059679970448 -0.5728058959180161
vn -0.5783159158867102 0.5779159091553213 -0.5758158589143701
vn -0.5750143446876681 0.579014471946766 0.5780144848354746
vn 0.5823957778073523 0.5660958748119882 0.5833957649083672
vn 0.5777059933784475 0.5815059679970448 -0.5728058959180161
vn 0.5730982236246764 -0.5750982574150001 -0.5837982702924619
vn -0.5783159158867102 0.5779159091553213 -0.5758158589143701
vn 0.6561134402865411 0.16360334915560912 0.7367150722093498
vn -0.5859121802894295 0.5617116235823986 0.584112120162656
vn -0.5904288876653887 -0.575528203337277 0.5658277262326208
vn 0.605270267587831 0.6772667110475811 0.4182794583540385
vn 0.5787808448847509 -0.5843806418016714 0.5687811521859356
vn -0.9340403385922785 0.35428293525909704 -0.04530174021624485
vn -0.9340403385922785 0.35428293525909704 -0.04530174021624485
vn -0.9340403385922785 0.35428293525909704 -0.04530174021624485
vn -0.590380159891037 -0.577680614865566 0.5636810924765662
vn -0.5657926367845905 -0.5752924243468773 -0.5906922368284798
vn 0.5839853093856252 -0.5785854267705537 0.5693856885719132
vn -0.590380159891037 -0.577680614865566 0.5636810924765662
vn 0.5839853093856252 -0.5785854267705537 0.5693856885719132
vn 0.5788038121526429 0.5720037569442328 0.5812037930702544
vn -0.5697901934345239 0.5830899568457869 0.5790900082814642
vn 0.9403142749889216 -0.2883044013041632 -0.18080275562254797
vn 0.36928942002346077 -0.45398699257206926 -0.8108767692036218
vn 0.3305839368134976 0.7892617034050242 -0.517474853745657
vn 0.9403142749889216 -0.2883044013041632 -0.18080275562254797
vn 0.3305839368134976 0.7892617034050242 -0.517474853745657
vn 0.8946103639412636 -0.37730438767073415 0.23940278981935953
vn 0.5867286573124881 -0.5818283809417315 -0.5632275009434539
vn -0.5603943176149268 0.5851940208788715 -0.5860939913636032
vn 0.5695215564429021 0.5831220849238005 -0.5793218715196019
vn 0.5867286573124881 -0.5818283809417315 -0.5632275009434539
vn -0.5786162922358443 -0.5767162154644363 0.5767162154644363
vn -0.5808092442751138 -0.5735091056922247 -0.5777092066538977
vn -0.5808092442751138 -0.5735091056922247 -0.5777092066538977
vn 0.5686629228430089 -0.5690628699963611 0.5939612194202165
vn -0.47489972950579307 -0.4567997673395321 -0.7521995875257269
vn 0.12140088472528308 -0.5583040941977463 -0.8207060153245818
vn 0.02859892152571462 -0.9072657877000193 -0.41958418959325605
vn -0.6214970155790379 0.02239989232960024 -0.7830962293677396
vn -0.35691698257357757 0.07470354946733412 -0.9311442676876415
vn -0.20391124986644885 -0.3606199114484267 -0.9101502522357677
vn -0.47489972950579307 -0.4567997673395321 -0.7521995875257269
vn -0.6845019135974797 -0.6507017900740576 -0.3287009441358596
vn -0.6214970155790379 0.02239989232960024 -0.7830962293677396
vn -0.47489972950579307 -0.4567997673395321 -0.7521995875257269
vn 0.02859892152571462 -0.9072657877000193 -0.41958418959325605
vn -0.6845019135974797 -0.6507017900740576 -0.3287009441358596
vn 0.5709995435137025 -0.5803995533061344 -0.5805995864872651
vn 0.5966046609407946 0.5792045166909188 -0.5555042811613236
vn 0.5831129521403512 -0.5681125492889184 0.5807128519213353
vn 0.5709995435137025 -0.5803995533061344 -0.5805995864872651
vn -0.5789144874608118 -0.5781145335725623 0.5750144365841301
vn -0.5782831981790292 -0.5766832306787061 -0.5770831778503027
vn 0.5831129521403512 -0.5681125492889184 0.5807128519213353
vn -0.7246013929079467 0.009600019147747657 0.6891013430753321
vn -0.577371124979436 0.5819708750574594 -0.5726713583066954
vn -0.5897917441040557 -0.5645920936952951 -0.5773919520771478
vn -0.5968800728515616 -0.5595813342365636 0.5749807901197583
vn -0.3404022085970304 0.6592042904258437 0.6705043175598675
vn 0.22969094134311016 0.8371669781561933 -0.4963804207961304
vn 0.14409511185101462 0.8839700145512429 -0.44478490544859883
vn -0.3404022085970304 0.6592042904258437 0.6705043175598675
vn 0.04219762202240422 0.688761167987509 0.7237592238915762
vn 0.0392003336622291 -0.629505362506287 0.7760066574563637
vn -0.27248912596835634 -0.6155754225468729 0.7394704695829578
vn -0.6646156834331818 0.6191145709933162 0.41830986280316973
vn 0.04219762202240422 0.688761167987509 0.7237592238915762
vn -0.6646156834331818 0.6191145709933162 0.41830986280316973
vn -0.2843952322576764 0.7237878644904056 0.6286894933792999
vn -0.16769441995067152 -0.7309756889346493 0.6614779842926919
vn 0.5895188487525068 -0.5704182421920616 0.5719183122964655
vn -0.6767993362816845 -0.41739960231044465 0.6063993984163852
vn -0.2843952322576764 0.7237878644904056 0.6286894933792999
vn -0.5801117067791044 0.574111605577283 -0.5778116232815921
vn -0.7174015592093088 0.29780062829204457 0.6298013882430842
vn -0.2843952322576764 0.7237878644904056 0.6286894933792999
vn 0.5775809092652727 0.5793808502673153 0.5750809713386661
vn -0.5801117067791044 0.574111605577283 -0.5778116232815921
vn -0.7174015592093088 0.29780062829204457 0.6298013882430842
vn 0.5775809092652727 0.5793808502673153 0.5750809713386661
vn -0.5784829036144894 -0.5771829859666427 0.576382972455276
vn 0.5670925593782947 0.5776924698789454 0.5870923601469695
vn -0.5739913632529898 0.5849912217276517 0.5729914357235749
vn 0.5863757431148623 -0.5697765060406732 0.575776190069176
vn -0.5784829036144894 -0.5771829859666427 0.576382972455276
vn -0.5739913632529898 0.5849912217276517 0.5729914357235749
vn -0.5633082996495895 -0.5907086145091287 -0.5777084838312432
vn 0.5765831159697625 0.5770830797031893 0.5783831165403103
vn -0.7040132917106345 0.5512103596634065 0.4478084685381631
vn -0.5891877967811477 -0.5725881417453804 0.5700882037516205
vn 0.5951718092599315 -0.46937778597114355 0.6522691250542885
vn 0.5765831159697625 0.5770830797031893 0.5783831165403103
vn 0.7071067811865475 0.7071067811865475 -0.0
vn -0.7040132917106345 0.5512103596634065 0.4478084685381631
vn 0.5765831159697625 0.5770830797031893 0.5783831165403103
vn 0.5951718092599315 -0.46937778597114355 0.6522691250542885
vn 0.7071067811865475 0.7071067811865475 -0.0
vn 0.5668066176071435 -0.5720067056607159 -0.5929068956555696
vn 0.5765929313711832 -0.5609930842834393 0.5939927195504504
vn -0.5839328389383319 -0.5869330388459096 0.5608315678708946
vn -0.5894828647611865 -0.5789831496457917 -0.563283644871022
vn 0.5668066176071435 -0.5720067056607159 -0.5929068956555696
vn 0.5728099995666738 0.5901103074788366 -0.5689099484133319
vn 0.5765929313711832 -0.5609930842834393 0.5939927195504504
vn -0.5858192570048225 -0.5730188625427163 -0.5731188195239877
vn 0.5781687791215471 -0.5649695100415288 -0.5886682559579159
vn 0.6717133819182414 -0.7318145903148837 0.11510229343595867
vn -0.5891877967811477 -0.5725881417453804 0.5700882037516205
vn -0.5858192570048225 -0.5730188625427163 -0.5731188195239877
vn -0.5891877967811477 -0.5725881417453804 0.5700882037516205
vn -0.5683434578016198 0.5846446128128407 -0.5789442034281214
vn -0.5858192570048225 -0.5730188625427163 -0.5731188195239877
vn -0.5683434578016198 0.5846446128128407 -0.5789442034281214
vn 0.5781687791215471 -0.5649695100415288 -0.5886682559579159
vn -0.5838974372650231 -0.5728975199246017 0.5751975438226238
vn -0.5816189481752913 -0.5896192025794179 -0.5604182322811057
vn 0.5770166091377895 -0.5768165759646542 -0.5782166293626807
vn -0.5838974372650231 -0.5728975199246017 0.5751975438226238
vn -0.5717017865451188 0.5817018359462368 0.5786017985781732
vn -0.5816189481752913 -0.5896192025794179 -0.5604182322811057
vn -0.5838974372650231 -0.5728975199246017 0.5751975438226238
vn 0.5863078718483435 -0.5692075976184173 0.5764076597531789
vn -0.5717017865451188 0.5817018359462368 0.5786017985781732
vn 0.5863078718483435 -0.5692075976184173 0.5764076597531789
vn 0.4290992810414562 0.6544989186973783 -0.6224989738414577
vn 0.5745618516796407 0.6689556345049822 -0.47156869876880003
vn 0.4955825282893843 -0.7014752904346019 -0.5121819740717088
vn 0.4290992810414562 0.6544989186973783 -0.6224989738414577
vn -0.4175246225402224 0.7870464075155372 0.45412679065381256
vn 0.5745618516796407 0.6689556345049822 -0.47156869876880003
vn 0.27970108123676596 -0.6630024846878442 -0.6944026284892136
vn 0.18840096942237147 0.6554033851775464 -0.7314037718104299
vn 0.18840096942237147 0.6554033851775464 -0.7314037718104299
vn -0.20509825795019776 0.7385938220920659 0.6421945737494422
vn -0.5506013062608152 -0.5783013729622806 0.60200143153802
vn -0.029200124796449255 -0.7499031843569496 -0.6609028421811929
vn 0.04050149911311363 -0.6839252918324431 0.7284269515617184
vn -0.5506013062608152 -0.5783013729622806 0.60200143153802
vn 0.04050149911311363 -0.6839252918324431 0.7284269515617184
vn 0.05440009835021485 0.7026012754408639 0.7095012875593377
vn -0.5960054182219244 0.5612050688133726 0.5743051559826767
vn -0.5723962087249408 -0.5755962628374462 -0.5839961664641984
vn -0.6816210638261383 -0.722322392886334 -0.11680362187656787
vn -0.5789277416309694 -0.5704273446271388 0.5826279382862589
vn -0.6063354196372338 0.7889461573362588 -0.09960582170581685
vn -0.6816210638261383 -0.722322392886334 -0.11680362187656787
vn 0.5690875630495491 -0.5807872395242485 0.5820872168224694
vn -0.5789277416309694 -0.5704273446271388 0.5826279382862589
vn 0.6089075921049827 -0.788209811135031 -0.08920110933946283
vn 0.7533798611105512 -0.4275885705336145 -0.49958662834594253
vn -0.6062012917971471 -0.4611010103498088 -0.6480014290708436
vn -0.6062012917971471 -0.4611010103498088 -0.6480014290708436
vn 0.20339535748270657 0.6998840254359483 0.6846843648675315
vn -0.5709869556614507 0.5851866290324723 -0.5757868578441852
vn -0.6180077303657916 0.5551070072347535 0.5567069747425465
vn 0.583415262591885 0.5685148168391901 -0.5800151156729829
vn 0.7586116056403124 0.41520633254414224 0.5021076908423833
vn 0.22969094134311016 0.8371669781561933 -0.4963804207961304
vn 0.4985987193838664 0.8374978311688289 0.22359941819306278
vn 0.7577364683104651 0.07590365796620979 -0.648131220741396
vn 0.22969094134311016 0.8371669781561933 -0.4963804207961304
vn 0.7577364683104651 0.07590365796620979 -0.648131220741396
vn 0.14409511185101462 0.8839700145512429 -0.44478490544859883
vn -0.3588876297838732 0.5291817438401005 0.7688734298793682
vn 0.4985987193838664 0.8374978311688289 0.22359941819306278
vn 0.5657943115706464 0.575494192010633 0.5904940575114427
vn 0.5674073693181058 0.5815075632881175 -0.5830075737777536
vn -0.5842976697043198 0.5606978061393451 -0.5866977103829765
vn 0.5657943115706464 0.575494192010633 0.5904940575114427
vn 0.5689985760308895 -0.5715985902443852 0.5911985048234234
vn 0.5674073693181058 0.5815075632881175 -0.5830075737777536
vn -0.581603045927705 0.5863031105520402 0.5639029699554863
vn 0.33470060787960826 -0.4586008700363208 -0.823201521552864
vn -0.6122715711615095 0.4578787417009661 -0.6445700745813109
vn -0.3154967869589875 0.7098927748049869 -0.6296935966787587
vn 0.33470060787960826 -0.4586008700363208 -0.823201521552864
vn 0.3979908372071584 -0.43558998211961064 0.8073813603100968
vn 0.6080287681243648 -0.23371106333573813 -0.758735893448864
vn -0.0641982809307158 0.718380759476103 -0.6926815033910451
vn 0.08119638258104761 -0.7069684857801538 -0.7025686497200604
vn 0.6080287681243648 -0.23371106333573813 -0.758735893448864
vn 0.33470060787960826 -0.4586008700363208 -0.823201521552864
vn 0.08119638258104761 -0.7069684857801538 -0.7025686497200604
vn 0.3979908372071584 -0.43558998211961064 0.8073813603100968
vn -0.5777821067943386 -0.5755822187450196 0.5786820772521436
vn 0.5647822781853173 -0.5823816806952179 0.5846815853423263
vn 0.5661134040553811 0.5776137028631646 0.5881139549556126
vn -0.5763127065560825 0.5804127907597295 0.5753126598507154
vn -0.5777821067943386 -0.5755822187450196 0.5786820772521436
vn -0.5773160475175635 -0.5786160844287148 -0.5761159675960046
vn 0.5647822781853173 -0.5823816806952179 0.5846815853423263
vn 0.5913844730534803 -0.561285200193658 0.5789847399326019
vn -0.5642307012230549 0.5883320164925426 0.5792315203501605
vn -0.589283678522973 -0.5686842546010329 0.5738841039750976
vn 0.5652123685523195 0.5870128865722851 0.5796126719056016
vn 0.5913844730534803 -0.561285200193658 0.5789847399326019
vn 0.5902907521191865 -0.5764909663163461 -0.5649911448139792
vn 0.5652123685523195 0.5870128865722851 0.5796126719056016
vn -0.5849849603511529 -0.5701854250215129 -0.5767852089434997
vn -0.5866951010524425 0.5671952638165717 0.5779951479944393
vn -0.569922338263909 0.5836228819120414 -0.5784227347334144
vn -0.5849849603511529 -0.5701854250215129 -0.5767852089434997
vn 0.5775833141673854 -0.5765833866445922 -0.5778833043451524
vn -0.5663890974555327 -0.5868886828492409 0.5785888559478054
vn -0.5663890974555327 -0.5868886828492409 0.5785888559478054
vn -0.5849849603511529 -0.5701854250215129 -0.5767852089434997
vn -0.569922338263909 0.5836228819120414 -0.5784227347334144
vn 0.5775833141673854 -0.5765833866445922 -0.5778833043451524
vn -0.5783163085606258 -0.5762162581924111 0.5775162950493671
vn 0.576382972455276 -0.5784829036144894 0.5771829859666427
vn 0.5774169449924548 0.5773169284005019 0.5773169284005019
vn -0.5783163085606258 -0.5762162581924111 0.5775162950493671
vn 0.5746955030276343 -0.5729955786311868 -0.5842954267054687
vn 0.576382972455276 -0.5784829036144894 0.5771829859666427
vn -0.5784075401955354 0.5682073981361929 0.5853076713560554
vn -0.5778949548116574 -0.5708950453077307 -0.5831948803327377
vn -0.5777115078359636 0.5802115649926209 0.5741114469880485
vn 0.0023998954860614294 -0.7840658738181712 -0.6206729783190209
vn -0.5809768324998122 -0.5767770297062261 0.5742770917438274
vn -0.5777115078359636 0.5802115649926209 0.5741114469880485
vn -0.5422999630527644 -0.5765999908864066 -0.6110999922948505
vn 0.0023998954860614294 -0.7840658738181712 -0.6206729783190209
vn -0.5777115078359636 0.5802115649926209 0.5741114469880485
vn 0.5801121111014578 0.5743119830038447 0.5776120538316367
vn -0.5594117877007109 0.5751120673553267 -0.5969125243817361
vn -0.5777115078359636 0.5802115649926209 0.5741114469880485
vn -0.5594117877007109 0.5751120673553267 -0.5969125243817361
vn -0.5422999630527644 -0.5765999908864066 -0.6110999922948505
vn 0.570599723552041 0.5955997588227515 0.5653997548395424
vn 0.7508128991844761 -0.011700201020306748 0.6604113079848695
vn 0.9637104556209859 0.005000054364795833 -0.2669028984165232
vn 0.6971240803233067 0.6002207622080494 -0.39211357187398155
vn 0.570599723552041 0.5955997588227515 0.5653997548395424
vn 0.6971240803233067 0.6002207622080494 -0.39211357187398155
vn 0.02410098919843688 0.7810320877437819 0.6240256567115219
vn 0.5782140691174746 -0.5748140415997405 0.5790140826045462
vn -0.5821013447760465 -0.5781013962764262 -0.5718013641406994
vn 0.571501114805336 -0.5789011503913046 -0.5816011810956733
vn 0.5782140691174746 -0.5748140415997405 0.5790140826045462
vn 0.5815021577793369 0.5788021864957457 -0.5717020809877459
vn 0.5813044358886701 0.5785043884673238 0.572204356275101
vn 0.571501114805336 -0.5789011503913046 -0.5816011810956733
vn 0.5782140691174746 -0.5748140415997405 0.5790140826045462
vn 0.5813044358886701 0.5785043884673238 0.572204356275101
vn -0.5746124928832053 -0.5801126306374539 0.5773125832661551
vn -0.5746124928832053 -0.5801126306374539 0.5773125832661551
vn 0.5670925593782947 0.5776924698789454 0.5870923601469695
vn 0.594287109163633 0.5710876123799266 -0.5662877103276452
vn -0.5637979391167961 0.5468979961135968 -0.6188977829129668
vn 0.5670925593782947 0.5776924698789454 0.5870923601469695
vn 0.5863757431148623 -0.5697765060406732 0.575776190069176
vn 0.594287109163633 0.5710876123799266 -0.5662877103276452
vn -0.5739913632529898 0.5849912217276517 0.5729914357235749
vn 0.5864134273331355 0.5804133259280279 -0.5650129762479534
vn -0.5647109225565909 0.5862113292210192 -0.5809112250922767
vn 0.5661968850841607 0.5832967414056587 0.5823967709272898
vn 0.5864134273331355 0.5804133259280279 -0.5650129762479534
vn 0.5661968850841607 0.5832967414056587 0.5823967709272898
vn 0.5715227060954657 -0.5712227159217819 0.5891234210522096
vn 0.5718030961571495 -0.5791031154622317 -0.5811030897242199
vn 0.5864134273331355 0.5804133259280279 -0.5650129762479534
vn 0.5718030961571495 -0.5791031154622317 -0.5811030897242199
vn -0.5647109225565909 0.5862113292210192 -0.5809112250922767
vn 0.7564073342592943 0.6451062765138208 0.10810104847420388
vn -0.6195909093061291 0.6946897780019158 -0.3653946051118614
vn -0.39211417725861253 0.800128965786857 -0.4539164131221253
vn 0.7564073342592943 0.6451062765138208 0.10810104847420388
vn 0.6578042404296989 0.6796044004967841 0.3247020789864364
vn 0.6769296239945213 -0.6796297142883844 0.2826123415828207
vn 0.6708067019520456 -0.7387074127723157 0.0658006605700205
vn 0.6578042404296989 0.6796044004967841 0.3247020789864364
vn 0.6941203022378708 0.7192210107643414 -0.030300886065028912
vn 0.6941203022378708 0.7192210107643414 -0.030300886065028912
vn -0.47491830173749566 0.8500328052559311 -0.22780877213905817
vn -0.5786200556701978 -0.5838202627193043 -0.5695197380377434
vn -0.5939988780356251 -0.5758989749186811 0.5616989439014736
vn -0.581603045927705 0.5863031105520402 0.5639029699554863
vn -0.5786200556701978 -0.5838202627193043 -0.5695197380377434
vn 0.5786200556701978 -0.5838202627193043 -0.5695197380377434
vn -0.5939988780356251 -0.5758989749186811 0.5616989439014736
vn -0.5842976697043198 0.5606978061393451 -0.5866977103829765
vn -0.5779165872431884 0.5777165540674085 0.5764165172387629
vn -0.5770167278019214 0.5770167278019214 -0.5780167745606755
vn -0.5777158663527445 -0.5785158202800761 -0.5758157895108195
vn -0.5779165872431884 0.5777165540674085 0.5764165172387629
vn 0.577614845099888 0.5791148555935635 0.575314761457655
vn 0.5768830823830028 0.5784829902712694 -0.5766830491934856
vn -0.5767830715579895 -0.5767830715579895 0.5784829960580194
vn -0.5770167278019214 0.5770167278019214 -0.5780167745606755
vn -0.5779165872431884 0.5777165540674085 0.5764165172387629
vn -0.5767830715579895 -0.5767830715579895 0.5784829960580194
vn 0.577614845099888 0.5791148555935635 0.575314761457655
vn -0.5938973921448281 0.5613974832988735 -0.5762974521453861
vn -0.5595078351284938 -0.5894082661360323 -0.5827082273662716
vn -0.5595179034010206 0.5932190242072837 0.578818542457206
vn -0.5938973921448281 0.5613974832988735 -0.5762974521453861
vn 0.5876899490326899 0.567290320585132 0.5768901246999921
vn 0.5724142913354393 0.5696142438774073 -0.5898147948694711
vn -0.5595179034010206 0.5932190242072837 0.578818542457206
vn -0.5938973921448281 0.5613974832988735 -0.5762974521453861
vn 0.5808348615324336 -0.5892354208993917 -0.5616337617933197
vn -0.5595078351284938 -0.5894082661360323 -0.5827082273662716
vn 0.5724142913354393 0.5696142438774073 -0.5898147948694711
vn -0.6183936664383034 -0.5879939859640949 0.5213946161776588
vn -0.5800761121128585 0.5678765920141304 0.5839759245024124
vn -0.5688053215568587 -0.5767053805662098 -0.5864054997990571
vn 0.5733184460601787 0.5666182287498688 -0.5918190114008703
vn -0.5960132754543487 0.5732127119170608 -0.5623125130911347
vn 0.5692000077886191 0.5752000494222338 0.5875000036409326
vn 0.5733184460601787 0.5666182287498688 -0.5918190114008703
vn 0.5593963466059543 -0.5806961841201637 0.5914961277575636
vn 0.5672767604367566 -0.5927756863840794 -0.5716765367760535
vn 0.5692000077886191 0.5752000494222338 0.5875000036409326
vn 0.12830457895501562 -0.6391228095733827 0.7583270859610658
vn -0.06560103206712592 -0.6779106453877037 -0.7322114868408954
vn -0.07270007994295781 -0.6868007466158829 0.7232008246843705
vn 0.12830457895501562 -0.6391228095733827 0.7583270859610658
vn -0.07270007994295781 -0.6868007466158829 0.7232008246843705
vn 0.07129794866962329 0.3682893988100873 0.9269733120428053
vn 0.3979908372071584 -0.43558998211961064 0.8073813603100968
vn 0.6949004757978343 0.358100276052604 -0.6236004498290488
vn 0.39689734123093773 -0.6708955091806557 -0.6263958143897843
vn 0.25660304396226935 -0.5655067162169161 -0.7838093082777583
vn 0.6949004757978343 0.358100276052604 -0.6236004498290488
vn 0.2937081924403924 -0.6468179540461662 -0.7038196018987599
vn 0.39689734123093773 -0.6708955091806557 -0.6263958143897843
vn 0.3645049022812507 0.6586088515156522 -0.6583088613395459
vn 0.6949004757978343 0.358100276052604 -0.6236004498290488
vn 0.561809027285677 0.1108017716983674 -0.8198131398366485
vn 0.4249162745919626 0.8927342416761995 -0.1499057481409863
vn 0.3645049022812507 0.6586088515156522 -0.6583088613395459
vn 0.561809027285677 0.1108017716983674 -0.8198131398366485
vn 0.5658071044746867 0.5888074044200547 -0.5772072080510509
vn -0.5674113238120583 0.5894117566133066 -0.5750114527345206
vn -0.5487729257743877 0.6080699504027544 0.5736716930041172
vn 0.5658071044746867 0.5888074044200547 -0.5772072080510509
vn 0.5882027767292702 -0.5647026917641779 -0.5789027235747543
vn -0.5891358633657765 -0.5616342216828211 -0.5809353970373925
vn 0.5658284961253937 0.5997301275948629 0.5658284961253937
vn -0.5674113238120583 0.5894117566133066 -0.5750114527345206
vn 0.5658071044746867 0.5888074044200547 -0.5772072080510509
vn 0.5658284961253937 0.5997301275948629 0.5658284961253937
vn 0.5882027767292702 -0.5647026917641779 -0.5789027235747543
vn 0.5622994363852972 -0.5699994028983285 -0.5990993444632753
vn 0.5865098488872763 -0.5753096599559608 0.5701096318424914
vn -0.5654942634805097 -0.5759940978365516 -0.5902940260819967
vn 0.5622994363852972 -0.5699994028983285 -0.5990993444632753
vn -0.5654942634805097 -0.5759940978365516 -0.5902940260819967
vn -0.5853228352459905 0.5736223247002135 -0.5730223443681038
vn 0.5839188156357235 0.5856189189353787 -0.5622181947709735
vn -0.5866033785481626 0.5686033130209137 -0.5767033454884078
vn 0.571203953117926 0.5908041062949074 -0.5698039592066118
vn 0.5843135849848171 -0.5686132459517873 -0.579013480784656
vn -0.5705070897198543 -0.5970073734883939 -0.5640069650100711
vn -0.5866033785481626 0.5686033130209137 -0.5767033454884078
vn -0.5684093629548094 0.5851095705442478 0.5784095318741158
vn 0.571203953117926 0.5908041062949074 -0.5698039592066118
vn -0.5600894530463619 0.5846889448974968 0.5868889522736641
vn -0.5782831981790292 -0.5766832306787061 -0.5770831778503027
vn -0.5789144874608118 -0.5781145335725623 0.5750144365841301
vn -0.5600894530463619 0.5846889448974968 0.5868889522736641
vn 0.5893259602326772 0.5859258729004464 0.5562245805982353
vn -0.5694186382493536 0.5785188961123235 -0.584019093228321
vn -0.5694186382493536 0.5785188961123235 -0.584019093228321
vn 0.6476138086290575 -0.641613707199723 -0.41100876585103946
vn 0.5115122526351276 -0.5668135583614381 0.645815457744534
vn -0.6195909093061291 0.6946897780019158 -0.3653946051118614
vn -0.6680178363581591 -0.7281194621542982 -0.15360409870670452
vn -0.6792051666787224 -0.7001053561695344 -0.22030168365143812
vn -0.39211417725861253 0.800128965786857 -0.4539164131221253
vn -0.6195909093061291 0.6946897780019158 -0.3653946051118614
vn -0.47491830173749566 0.8500328052559311 -0.22780877213905817
vn -0.6680178363581591 -0.7281194621542982 -0.15360409870670452
vn 0.5820014306735547 0.5832013913471141 -0.5667013956438839
vn -0.2899944990770624 -0.6280880376546076 -0.7220862880987479
vn -0.3781925857631641 0.6554871488618011 -0.6536872078837085
vn 0.5820014306735547 0.5832013913471141 -0.5667013956438839
vn -0.008500280041992577 0.7104234070250491 0.7037231898908327
vn 0.5800130701453658 0.5772130228741725 0.5748129823560069
vn 0.43722108344263055 -0.5431261700629041 -0.7168344910689312
vn 0.5820014306735547 0.5832013913471141 -0.5667013956438839
vn 0.5818714489438829 -0.5727718462602959 0.5773716558989697
vn 0.6228180474096126 -0.7452215488206749 -0.23820689115596977
vn -0.3781925857631641 0.6554871488618011 -0.6536872078837085
vn 0.5800130701453658 0.5772130228741725 0.5748129823560069
vn 0.43722108344263055 -0.5431261700629041 -0.7168344910689312
vn -0.0018999313597734047 -0.733973508048281 0.6791754410637418
vn -0.5319197736249185 -0.6280233815523117 -0.5680211146167147
vn 0.01619990744827346 -0.8179953179247901 -0.574996715513914
vn 0.499509300956579 -0.5737106756373541 0.6491121004245725
vn -0.501599928583615 -0.5772999077408452 0.644299874412004
vn 0.7087242909298603 -0.5976204627551438 0.3749128724681171
vn 0.7174088153355938 0.6832083863989853 0.1362016609035095
vn 0.23140405221292684 -0.6426112680380179 0.7304128440888807
vn 0.7087242909298603 -0.5976204627551438 0.3749128724681171
vn 0.5734092039697718 -0.578009252069093 -0.5806093259027796
vn 0.576906878735295 0.5817069596493408 -0.5734068942412707
vn 0.7174088153355938 0.6832083863989853 0.1362016609035095
vn 0.7087242909298603 -0.5976204627551438 0.3749128724681171
vn 0.23140405221292684 -0.6426112680380179 0.7304128440888807
vn 0.5734092039697718 -0.578009252069093 -0.5806093259027796
vn -0.5851113300706379 0.5781111816540232 -0.5687109925696514
vn -0.6015270916478779 -0.5722258060597064 0.5574251383755174
vn -0.5796999630283396 0.5851999813393597 0.5669999424209448
vn -0.5590753611212056 -0.5785745440173315 -0.5938739239959356
vn -0.5851113300706379 0.5781111816540232 -0.5687109925696514
vn 0.5668213381072376 0.5775217427769432 0.5875220908920811
vn 0.5786017985781732 0.5817018359462368 -0.5717017865451188
vn -0.5796999630283396 0.5851999813393597 0.5669999424209448
vn 0.5696918168170567 -0.5812916551431537 -0.580991605371897
vn -0.5922790762505241 0.5729798075386031 -0.5664800402387107
vn 0.572970205482942 0.5764700113734293 -0.5825697122370449
vn 0.5696918168170567 -0.5812916551431537 -0.580991605371897
vn 0.572970205482942 0.5764700113734293 -0.5825697122370449
vn 0.5786802496388372 -0.5787802662280637 0.5745803443408979
vn -0.5848916309090502 -0.5726918127804167 -0.574391737115735
vn 0.5696918168170567 -0.5812916551431537 -0.580991605371897
vn 0.5786802496388372 -0.5787802662280637 0.5745803443408979
vn -0.5795260839399051 -0.5824262073236898 0.5700256407003288
vn -0.5848916309090502 -0.5726918127804167 -0.574391737115735
vn 0.5996891051635078 0.5692896645014418 -0.5623897714575072
vn -0.5687957222667517 0.5751957707931753 -0.5878956128367426
vn 0.5841225044676699 0.5893227113975299 0.558121529423011
vn 0.5996891051635078 0.5692896645014418 -0.5623897714575072
vn 0.5810078006407137 -0.5731077419289075 0.5779078228712512
vn 0.5645780019763849 -0.5813773328438347 -0.5858771855429618
vn 0.5841225044676699 0.5893227113975299 0.558121529423011
vn 0.5797030436001268 0.5849031317196175 -0.5673030122829715
vn 0.5797030436001268 0.5849031317196175 -0.5673030122829715
vn -0.6223975694539471 0.7693969946736369 -0.14369944371845955
vn 0.5797030436001268 0.5849031317196175 -0.5673030122829715
vn 0.5781687791215471 -0.5649695100415288 -0.5886682559579159
vn -0.5683434578016198 0.5846446128128407 -0.5789442034281214
vn 0.6050074582232517 -0.7887096256012839 -0.10910133811334666
vn -0.6680178363581591 -0.7281194621542982 -0.15360409870670452
vn -0.7188752213371257 -0.6873763126920233 0.10359643284117658
vn 0.6050074582232517 -0.7887096256012839 -0.10910133811334666
vn 0.6646048263384636 -0.6848050187706108 -0.29890217642935246
vn 0.7489804764830122 0.6121840699727003 -0.25349341277228443
vn 0.6708067019520456 -0.7387074127723157 0.0658006605700205
vn 0.6646048263384636 -0.6848050187706108 -0.29890217642935246
vn -0.13090723680996708 0.9157506773187595 0.3798210003949392
vn -0.011699960194647138 0.8989969801854126 0.437798515928221
vn -0.13090723680996708 0.9157506773187595 0.3798210003949392
vn -0.40809661701562194 0.8357930878109615 0.36729697187401816
vn -0.4252828666026432 0.0710971282336593 0.9022636431393903
vn -0.026200265260233304 0.02220022540232771 0.9994101740988928
vn -0.011699960194647138 0.8989969801854126 0.437798515928221
vn -0.40809661701562194 0.8357930878109615 0.36729697187401816
vn 0.5752056909352437 -0.5824058129052857 -0.5744056773830167
vn -0.5779154242380341 0.5755153836357236 -0.5786154211792136
vn 0.5794441816755831 0.5735436799587328 -0.5790441153329411
vn 0.5752056909352437 -0.5824058129052857 -0.5744056773830167
vn 0.5660245220466382 -0.5854253564049309 0.5804251825343509
vn -0.5870014056584404 -0.5762014023383707 -0.5687014099668737
vn 0.5752056909352437 -0.5824058129052857 -0.5744056773830167
vn 0.5794441816755831 0.5735436799587328 -0.5790441153329411
vn 0.5660245220466382 -0.5854253564049309 0.5804251825343509
vn -0.5870014056584404 -0.5762014023383707 -0.5687014099668737
vn 0.5407875534005865 -0.5966863364873204 -0.5928863617392023
vn 0.5512010711140419 0.5416010284094575 -0.6347012724333796
vn 0.5717011975765348 -0.5783012195341476 0.5820012372623221
vn -0.3167884225565971 -0.7168737964777617 -0.6210773343615619
vn -0.26011031995441575 0.19130760526438054 -0.9464375423773189
vn -0.02199992407230204 -0.4740983563075288 -0.8801969960681032
vn -0.3167884225565971 -0.7168737964777617 -0.6210773343615619
vn 0.5650888503325325 -0.7617849467528726 0.3167937596143266
vn 0.31459859339595914 -0.8130964125022565 0.4897978654600734
vn -0.23779855307008527 -0.6522959967623743 -0.719695616747493
vn -0.3278011969669765 0.6545023902173087 -0.681302426582239
vn -0.3167884225565971 -0.7168737964777617 -0.6210773343615619
vn -0.23779855307008527 -0.6522959967623743 -0.719695616747493
vn -0.6114972841933919 0.6547970742556889 -0.4441979997369373
vn -0.6114972841933919 0.6547970742556889 -0.4441979997369373
vn -0.02199992407230204 -0.4740983563075288 -0.8801969960681032
vn -0.6625976504849289 -0.5845978805222555 0.46819832513662274
vn -0.5721050212388143 0.5800050800636322 0.5799051230793841
vn -0.7169162925873599 -0.6301143500711094 -0.29830678044130743
vn -0.6625976504849289 -0.5845978805222555 0.46819832513662274
vn -0.2899944990770624 -0.6280880376546076 -0.7220862880987479
vn -0.1219992652489504 -0.6647960218585731 0.7369955417773786
vn -0.6625976504849289 -0.5845978805222555 0.46819832513662274
vn -0.008500280041992577 0.7104234070250491 0.7037231898908327
vn -0.5721050212388143 0.5800050800636322 0.5799051230793841
vn -0.1219992652489504 -0.6647960218585731 0.7369955417773786
vn -0.7169162925873599 -0.6301143500711094 -0.29830678044130743
vn -0.5732687582622092 0.5756686200207586 0.5830682384797685
vn -0.5702870830004403 -0.57698700240241 -0.5846867896759171
vn -0.5739114338717829 -0.5783115079383251 0.579811577891762
vn -0.5687957222667517 0.5751957707931753 -0.5878956128367426
vn -0.5732687582622092 0.5756686200207586 0.5830682384797685
vn -0.3399875308286634 -0.4534833524166988 -0.8238697275430995
vn -0.06560103206712592 -0.6779106453877037 -0.7322114868408954
vn 0.04170147593457817 0.7016248520216648 -0.7113252096829235
vn -0.3399875308286634 -0.4534833524166988 -0.8238697275430995
vn 0.5784159780511144 0.5844161390994114 -0.5691157463076473
vn -0.5859121802894295 0.5617116235823986 0.584112120162656
vn 0.605270267587831 0.6772667110475811 0.4182794583540385
vn 0.5784159780511144 0.5844161390994114 -0.5691157463076473
vn 0.5759177683935891 -0.5706176042813604 -0.585418033317004
vn -0.5833801930247644 0.5838801567600336 -0.5645808294020151
vn -0.5833801930247644 0.5838801567600336 -0.5645808294020151
vn -0.4889855239808765 0.8675743680196801 0.09059731393589956
vn 0.4595005321690082 0.7489008592946298 0.4775005380982972
vn 0.5209923064329639 0.814987881099153 0.2536962165645624
vn -0.4889855239808765 0.8675743680196801 0.09059731393589956
vn -0.7658152772246439 0.2758054885778457 -0.5809116057023457
vn -0.7753774290696945 0.31749074696956875 0.5458841159788184
vn -0.19110186510200494 0.9035088472947554 -0.38360375391103435
vn -0.4889855239808765 0.8675743680196801 0.09059731393589956
vn -0.7753774290696945 0.31749074696956875 0.5458841159788184
vn 0.4595005321690082 0.7489008592946298 0.4775005380982972
vn -0.4889855239808765 0.8675743680196801 0.09059731393589956
vn -0.4489948575078627 0.07369915854664165 -0.8904897820643486
vn -0.7658152772246439 0.2758054885778457 -0.5809116057023457
vn -0.4889855239808765 0.8675743680196801 0.09059731393589956
vn -0.19110186510200494 0.9035088472947554 -0.38360375391103435
vn -0.4489948575078627 0.07369915854664165 -0.8904897820643486
vn 0.5899789011251773 -0.5722796008486205 -0.5695796297969864
vn -0.5922790762505241 0.5729798075386031 -0.5664800402387107
vn -0.5848916309090502 -0.5726918127804167 -0.574391737115735
vn -0.578676121893697 0.5732762990992253 0.5800760560833095
vn -0.5922790762505241 0.5729798075386031 -0.5664800402387107
vn -0.578676121893697 0.5732762990992253 0.5800760560833095
vn 0.572970205482942 0.5764700113734293 -0.5825697122370449
vn -0.5921136755515478 -0.5810133237061375 -0.5584128516615493
vn 0.5768834583291674 -0.5778834453912509 -0.577283465074929
vn 0.5769835268521977 -0.5777834808110853 0.5772835170373614
vn -0.5921136755515478 -0.5810133237061375 -0.5584128516615493
vn -0.5882959400565497 0.56999606230496 -0.5735960040567059
vn 0.5768834583291674 -0.5778834453912509 -0.577283465074929
vn -0.5650070939260228 -0.5790072713926399 0.5878074204088618
vn 0.6717133819182414 -0.7318145903148837 0.11510229343595867
vn 0.7489804764830122 0.6121840699727003 -0.25349341277228443
vn 0.5745618516796407 0.6689556345049822 -0.47156869876880003
vn 0.4955825282893843 -0.7014752904346019 -0.5121819740717088
vn 0.01470014169153311 0.8166078979465411 0.5770055864942557
vn -0.5341933114996035 0.618392199602538 0.5763927423379153
vn 0.01470014169153311 0.8166078979465411 0.5770055864942557
vn -0.011999192903845874 0.7588489224727529 -0.6511561504213855
vn -0.5341933114996035 0.618392199602538 0.5763927423379153
vn 0.5703042998730914 0.598804557082039 0.5623042841416435
vn 0.5072907898207575 0.5757895217328313 -0.6411883352227407
vn 0.5703042998730914 0.598804557082039 0.5623042841416435
vn -0.5721023734623089 0.582102423627822 -0.5778024253024631
vn -0.5697901934345239 0.5830899568457869 0.5790900082814642
vn 0.5783822108315011 0.5780822206765536 -0.5755822828504447
vn -0.5721023734623089 0.582102423627822 -0.5778024253024631
vn 0.5783822108315011 0.5780822206765536 -0.5755822828504447
vn 0.5570736258278695 -0.5850722507071922 -0.5893720699688875
vn -0.5657926367845905 -0.5752924243468773 -0.5906922368284798
vn -0.4878897215794726 -0.5976873813767178 -0.6361866186270712
vn -0.7216895371640212 -0.6866899899432775 -0.08729873801884319
vn -0.5755805475698806 0.5764805181173722 -0.5799803837116237
vn -0.4878897215794726 -0.5976873813767178 -0.6361866186270712
vn 0.16739654122737058 -0.6533865169339881 0.7382848078309511
vn -0.7216895371640212 -0.6866899899432775 -0.08729873801884319
vn -0.4878897215794726 -0.5976873813767178 -0.6361866186270712
vn -0.5755805475698806 0.5764805181173722 -0.5799803837116237
vn 0.2989023951284992 -0.6347050725015234 -0.7126056617283378
vn 0.2989023951284992 -0.6347050725015234 -0.7126056617283378
vn -0.5900824803567566 -0.5835826539536905 0.5578834577045508
vn 0.5649818816670394 -0.575381521344626 -0.5913810770417964
vn 0.5754766535767468 -0.5751766633958633 0.5813763213899502
vn -0.5822641317445263 -0.5861638844818867 -0.5633652291479289
vn -0.5900824803567566 -0.5835826539536905 0.5578834577045508
vn -0.6057037744639308 0.5748035939532375 0.5502033860115633
vn -0.5822641317445263 -0.5861638844818867 -0.5633652291479289
vn -0.5733278896873536 -0.5650274661997459 0.5933288239640317
vn -0.5705070897198543 -0.5970073734883939 -0.5640069650100711
vn 0.5843135849848171 -0.5686132459517873 -0.579013480784656
vn -0.5733278896873536 -0.5650274661997459 0.5933288239640317
vn 0.579193817497171 -0.5665939323161072 0.5860937106262311
vn 0.5752048039413692 0.5826048392167139 0.574204697685449
vn -0.5684093629548094 0.5851095705442478 0.5784095318741158
vn 0.579193817497171 -0.5665939323161072 0.5860937106262311
vn -0.5603943176149268 0.5851940208788715 -0.5860939913636032
vn -0.5829267558928379 0.5787265957777794 0.5703261563383836
vn 0.5695215564429021 0.5831220849238005 -0.5793218715196019
vn 0.673517295224449 -0.0660016933615224 -0.7362188733705172
vn 0.5855081291360986 -0.5821080420037282 0.5642078146836779
vn 0.5769947883066596 0.5649948841960161 0.5897947058928926
vn -0.5788974045253854 -0.582197415614591 0.5708975076889576
vn 0.5855081291360986 -0.5821080420037282 0.5642078146836779
vn -0.5798143526949386 -0.5761142753000263 -0.5761142753000263
vn 0.5563965293446193 -0.588396354934195 -0.586696370905271
vn -0.5788974045253854 -0.582197415614591 0.5708975076889576
vn -0.7327938871152664 0.03789968581345649 -0.6793943868047038
vn 0.6951061051669165 -0.08380073528937222 -0.7140062600038184
vn -0.5814422196627846 -0.5739416905959012 -0.576641900133465
vn -0.7327938871152664 0.03789968581345649 -0.6793943868047038
vn -0.7158139341942793 0.04540088390867175 0.6968135843635794
vn -0.715916135841522 0.18650419464910806 -0.6728151839993141
vn -0.715916135841522 0.18650419464910806 -0.6728151839993141
vn -0.5814422196627846 -0.5739416905959012 -0.576641900133465
vn -0.5714348182342756 -0.5804353574275871 0.5801353672699758
vn -0.029899478988568175 0.892884408401007 -0.4492921704087396
vn 0.3953000400263388 0.6274001150202673 0.6709001222445339
vn 0.3953000400263388 0.6274001150202673 0.6709001222445339
vn 0.263404924774679 -0.6392119860247971 0.7225135863959101
vn 0.909551772755808 0.294216773269124 0.2935167167366653
vn 0.0019000143228314107 0.7066053046872839 -0.707605351402435
vn 0.3843885395444546 0.6533804681931525 0.6521805075671752
vn 0.909551772755808 0.294216773269124 0.2935167167366653
vn 0.3843885395444546 0.6533804681931525 0.6521805075671752
vn 0.5693888615421541 -0.5799886534548944 0.5825886080377027
vn 0.5852170398973532 0.5700165446647503 -0.5767167025691542
vn 0.5852170398973532 0.5700165446647503 -0.5767167025691542
vn 0.5769835268521977 -0.5777834808110853 0.5772835170373614
vn -0.5785163250782009 -0.5770163146889552 -0.5765162913576597
vn 0.5757261763627523 -0.5718260062716453 -0.5844265466268155
vn -0.5794125849417686 -0.5742124372644724 0.578412597807043
vn 0.5973066020777906 0.5688062838881962 0.5654062561765518
vn 0.5649275727664498 0.568627769475363 -0.5979291741583455
vn -0.5573120663023428 0.5866127557356265 0.587612742852014
vn 0.5973066020777906 0.5688062838881962 0.5654062561765518
vn 0.5812058175856906 -0.564205620019763 0.5864058457609915
vn 0.5844107793804707 -0.5793107080135188 -0.5682104755500256
vn 0.5649275727664498 0.568627769475363 -0.5979291741583455
vn 0.585078584010396 -0.5779788365110796 -0.5688791744102508
vn 0.5871827558807237 0.5657834368676385 -0.5788829879712837
vn 0.5907896700306471 -0.5794899407920936 0.5613902157197388
vn 0.585078584010396 -0.5779788365110796 -0.5688791744102508
vn 0.5907896700306471 -0.5794899407920936 0.5613902157197388
vn -0.5696766814628526 -0.5718766292358853 0.5902758673122878
vn -0.564940750199497 -0.5674409266274779 -0.5990431900557578
vn -0.5827022654208074 0.5727022751921482 0.5766022666129538
vn 0.5744857146519797 0.5683858349586438 0.5889853192390871
vn -0.5757191212862622 0.5853195222637725 -0.5709190400067974
vn -0.5827022654208074 0.5727022751921482 0.5766022666129538
vn -0.5702141074368653 -0.5759142779818328 -0.5858144894901827
vn -0.5793817310137744 -0.5762818724290791 0.5763818294126878
vn -0.5827022654208074 0.5727022751921482 0.5766022666129538
vn -0.5793817310137744 -0.5762818724290791 0.5763818294126878
vn 0.5744857146519797 0.5683858349586438 0.5889853192390871
vn -0.5757191212862622 0.5853195222637725 -0.5709190400067974
vn 0.5805784752651394 -0.5766785435638937 -0.5747786456122324
vn -0.5645897119918468 -0.5734895791031737 -0.5935892180397384
vn -0.5754084515397211 0.5866085813859689 -0.569908313802318
vn 0.5805784752651394 -0.5766785435638937 -0.5747786456122324
vn 0.5809093069851631 0.5775092196566097 -0.5736091685717997
vn 0.5801797964535307 -0.5752799371439558 0.5765799144149801
vn 0.5809093069851631 0.5775092196566097 -0.5736091685717997
vn 0.5805784752651394 -0.5766785435638937 -0.5747786456122324
vn 0.5801797964535307 -0.5752799371439558 0.5765799144149801
vn -0.5645897119918468 -0.5734895791031737 -0.5935892180397384
vn -0.5332752795558616 -0.5398750035185662 -0.6512698801498852
vn -0.005499826177020479 -0.9129711221023357 0.4079871102366159
vn -0.6467976185126303 -0.6748975709682599 0.3551986900138183
vn 0.04919982142642749 -0.8510969554848742 -0.5226981441864756
vn -0.5332752795558616 -0.5398750035185662 -0.6512698801498852
vn -0.6467976185126303 -0.6748975709682599 0.3551986900138183
vn -0.7959853361219639 -0.012399772102186601 -0.605188888142056
vn -0.5766923568176056 -0.5875922573468438 0.5675925164184213
vn 0.5899702873985491 0.5749710766469858 0.566871520722535
vn -0.5565988681145007 0.5857988241976009 0.5890988351561773
vn -0.5766923568176056 -0.5875922573468438 0.5675925164184213
vn -0.5787057357197607 -0.5589055513396038 -0.5939059320522265
vn 0.5890130616625195 -0.5758127794637715 0.5670125714630592
vn 0.5890130616625195 -0.5758127794637715 0.5670125714630592
vn -0.58298775500981 0.5652880970599259 0.5835877353329056
vn -0.5806856454939495 -0.582385629480786 0.568885893384204
vn 0.5675040778129278 0.5794042041149835 0.5850041794035157
vn -0.58298775500981 0.5652880970599259 0.5835877353329056
vn 0.5675040778129278 0.5794042041149835 0.5850041794035157
vn -0.5923125389780975 0.5614118836483702 -0.577912236475149
vn -0.58298775500981 0.5652880970599259 0.5835877353329056
vn -0.6193308803380893 -0.5985298130760757 -0.5081253029704045
vn -0.5806856454939495 -0.582385629480786 0.568885893384204
vn -0.5923125389780975 0.5614118836483702 -0.577912236475149
vn -0.26011031995441575 0.19130760526438054 -0.9464375423773189
vn -0.3278011969669765 0.6545023902173087 -0.681302426582239
vn 0.936009342341166 0.3221032396820233 -0.14190142365883127
vn 0.8799307070207324 -0.28110980105380223 -0.3830133556333065
vn -0.02199992407230204 -0.4740983563075288 -0.8801969960681032
vn -0.5721050212388143 0.5800050800636322 0.5799051230793841
vn -0.3781925857631641 0.6554871488618011 -0.6536872078837085
vn -0.9054048756827834 0.30020160816511604 -0.30020160816511604
vn -0.5603940697114486 0.5848938420037887 0.5863937927862874
vn 0.5354179473294114 0.8238277025006018 0.18610625532243605
vn 0.6451912760785045 0.5923919945465815 -0.48249346323998427
vn 0.5819933611912986 0.5658935516936535 0.5839933353051189
vn -0.5830915349942757 0.5787915964780039 -0.5700917028553062
vn -0.5603940697114486 0.5848938420037887 0.5863937927862874
vn -0.5796119546943788 -0.5740118604980236 0.5784119345094455
vn 0.5792818820400031 -0.576282039792889 0.5764820133814575
vn 0.5819933611912986 0.5658935516936535 0.5839933353051189
vn 0.4975199103475632 0.01430057182961338 0.8673346715386736
vn 0.6603825242236181 -0.6684823776688891 0.3420909710094541
vn 0.9349062456201013 0.008100054238444102 0.35480234077844136
vn 0.3418915339996168 0.36519098807635536 0.8658785834094779
vn 0.37520156301642876 -0.406401704555157 0.8331034999594539
vn 0.4975199103475632 0.01430057182961338 0.8673346715386736
vn 0.02779955161253335 -0.016099741280489636 0.9994838584293612
vn 0.37520156301642876 -0.406401704555157 0.8331034999594539
vn 0.3418915339996168 0.36519098807635536 0.8658785834094779
vn -0.5938241291995329 0.5725232179769267 0.5653229771181787
vn -0.5960132754543487 0.5732127119170608 -0.5623125130911347
vn -0.5760017095165155 -0.5830017386737931 -0.5730017481102355
vn -0.5938241291995329 0.5725232179769267 0.5653229771181787
vn -0.25130763650334037 0.8006243109828441 0.5439165234650912
vn 0.25519728672406844 0.7913916114658968 0.5554940703104623
vn 0.3305839368134976 0.7892617034050242 -0.517474853745657
vn -0.2676067007954443 0.7763194307430309 -0.5707142850325321
vn -0.5191117264497006 0.8390189584099371 -0.163003689808284
vn -0.25130763650334037 0.8006243109828441 0.5439165234650912
vn -0.4339911917903215 -0.4127916376821503 0.8007838093443852
vn 0.25519728672406844 0.7913916114658968 0.5554940703104623
vn -0.48908154075276117 0.8520678515236986 0.18649295668923735
vn -0.25130763650334037 0.8006243109828441 0.5439165234650912
vn -0.48908154075276117 0.8520678515236986 0.18649295668923735
vn -0.4339911917903215 -0.4127916376821503 0.8007838093443852
vn 0.39689734123093773 -0.6708955091806557 -0.6263958143897843
vn 0.2937081924403924 -0.6468179540461662 -0.7038196018987599
vn -0.5495122250691358 -0.7651169544591758 0.33560745000473846
vn 0.25660304396226935 -0.5655067162169161 -0.7838093082777583
vn 0.5689834846616644 0.5789832365205103 0.5839830528452897
vn 0.5945029570487326 0.5741028511173605 -0.5630027978609259
vn -0.5892058469221776 0.5766057233428963 0.5660055739663122
vn 0.5689834846616644 0.5789832365205103 0.5839830528452897
vn 0.5762810872568398 -0.5797809525272676 0.5759810374974588
vn 0.5945029570487326 0.5741028511173605 -0.5630027978609259
vn 0.5689834846616644 0.5789832365205103 0.5839830528452897
vn -0.5720993333211947 -0.5767993384190466 0.5830993706160165
vn 0.5762810872568398 -0.5797809525272676 0.5759810374974588
vn -0.5892058469221776 0.5766057233428963 0.5660055739663122
vn -0.5821013447760465 -0.5781013962764262 -0.5718013641406994
vn -0.5732016237069888 0.5757016211804685 -0.5831016566173105
vn 0.571501114805336 -0.5789011503913046 -0.5816011810956733
vn -0.5821013447760465 -0.5781013962764262 -0.5718013641406994
vn -0.5746124928832053 -0.5801126306374539 0.5773125832661551
vn -0.5730982236246764 0.5750982574150001 0.5837982702924619
vn -0.5732016237069888 0.5757016211804685 -0.5831016566173105
vn -0.585480507507813 0.5767807924250231 -0.5696810448118806
vn 0.5854834372131148 -0.5704839282171216 -0.5759837084458889
vn -0.5591290799541692 -0.5816302514199907 -0.5908307055178519
vn -0.585480507507813 0.5767807924250231 -0.5696810448118806
vn -0.5584973351512128 0.5848972439874983 0.5881971953391333
vn 0.5695790914867708 0.5765788817501514 -0.585778500510944
vn 0.5695790914867708 0.5765788817501514 -0.585778500510944
vn 0.5677044055705447 -0.5789044156843285 0.5853045236430184
vn 0.5681915406120059 -0.5718914990164795 -0.5916912087648752
vn 0.573995852497855 0.5908957351928178 -0.5668959264681658
vn 0.5677044055705447 -0.5789044156843285 0.5853045236430184
vn -0.5815121917134407 -0.5934124374262157 0.5565116800180462
vn 0.5681915406120059 -0.5718914990164795 -0.5916912087648752
vn 0.5819002161940146 0.5714002027770899 0.5787002217553225
vn 0.6254779193097441 0.7204744832055193 -0.29948938462939434
vn 0.5876651303373418 0.5692661900963509 0.5749658245485382
vn 0.6089075921049827 -0.788209811135031 -0.08920110933946283
vn 0.6254779193097441 0.7204744832055193 -0.29948938462939434
vn 0.6142105767467935 0.30880533197175997 -0.7262125269906754
vn -0.6063354196372338 0.7889461573362588 -0.09960582170581685
vn 0.7533798611105512 -0.4275885705336145 -0.49958662834594253
vn 0.6142105767467935 0.30880533197175997 -0.7262125269906754
vn 0.6254779193097441 0.7204744832055193 -0.29948938462939434
vn -0.6063354196372338 0.7889461573362588 -0.09960582170581685
vn -0.5827018487250001 0.5878019200402572 0.5612017981880083
vn 0.5876651303373418 0.5692661900963509 0.5749658245485382
vn 0.5651848416134229 0.5753845663460161 0.5911841469637164
vn 0.02449985034130268 0.7341955340108346 0.6784958917869724
vn 0.5591864244593593 0.5986854664669873 -0.5734860547053982
vn 0.015099198975466145 0.8243562298917455 -0.5658699677743702
vn -0.5175869413624072 0.564285749570051 0.6431837614269141
vn 0.5313198631914285 0.5870218945365977 0.6108228043491052
vn 0.6096027280510194 -0.5659025709816596 -0.5551025077488865
vn 0.5904030489313712 0.5675029456132116 0.5739029940093265
vn 0.5878098522003865 -0.578709653586344 0.5653093971464948
vn 0.6096027280510194 -0.5659025709816596 -0.5551025077488865
vn 0.5878098522003865 -0.578709653586344 0.5653093971464948
vn -0.5458024070613545 -0.5854026000281718 -0.5995027342108521
vn 0.6084067251605593 0.5889065887013203 -0.5320059083916058
vn 0.56189834156717 0.5794982815806069 -0.5902982258055565
vn 0.564613754801473 -0.5839142154556867 -0.5833142351063892
vn -0.6131738961862782 0.5805752818045173 -0.535677249090667
vn 0.56189834156717 0.5794982815806069 -0.5902982258055565
vn -0.5632946789551051 0.560694664882785 0.6068942226062515
vn 0.5908028520527989 0.5689027941224741 0.5721027887066453
vn -0.6131738961862782 0.5805752818045173 -0.535677249090667
vn -0.5352005091614966 -0.5938005742877569 0.6008005434158702
vn 0.059799264665714294 -0.7058913654526365 -0.7057913488594574
vn -0.10850234413270375 -0.7503162165019003 0.6521141131519711
vn -0.5352005091614966 -0.5938005742877569 0.6008005434158702
vn 0.008099992727559714 0.7684992521475297 0.6397994135402919
vn -0.5785017937326472 0.5676018332434803 0.5858018722629266
vn -0.10850234413270375 -0.7503162165019003 0.6521141131519711
vn -0.5865777969107934 -0.5803780201627392 -0.5648786080949243
vn -0.41439350774245437 -0.6048905156306582 0.6799893270051972
vn -0.7383206806326349 -0.653318261482302 0.1675046917668435
vn 0.4730983594462829 -0.5969979065953404 0.647897709372411
vn -0.41439350774245437 -0.6048905156306582 0.6799893270051972
vn -0.5821829294487755 0.4774859727762724 0.6580806808137881
vn -0.7383206806326349 -0.653318261482302 0.1675046917668435
vn -0.41439350774245437 -0.6048905156306582 0.6799893270051972
vn 0.4730983594462829 -0.5969979065953404 0.647897709372411
vn -0.5821829294487755 0.4774859727762724 0.6580806808137881
vn -0.5653407559634861 0.5922427162694816 -0.574141441347322
vn -0.560300228061285 0.5924003093378606 0.5789002745990705
vn 0.5833215616452084 0.5582206156364286 0.5900217792575815
vn -0.5653407559634861 0.5922427162694816 -0.574141441347322
vn -0.564940750199497 -0.5674409266274779 -0.5990431900557578
vn -0.560300228061285 0.5924003093378606 0.5789002745990705
vn 0.5871827558807237 0.5657834368676385 -0.5788829879712837
vn -0.3409096020452639 -0.43971237770786425 0.8309233828240943
vn -0.3409096020452639 -0.43971237770786425 0.8309233828240943
vn 0.34168419661489485 0.6512699207172464 0.6775687420126356
vn 0.08370113786698274 0.7500101627201969 0.6561088898469493
vn -0.3409096020452639 -0.43971237770786425 0.8309233828240943
vn -0.3399875308286634 -0.4534833524166988 -0.8238697275430995
vn -0.6407338971743929 -0.18580983564322281 0.7449394458544623
vn 0.6285020914845131 0.4122014087801292 0.6596022434765286
vn -0.6407338971743929 -0.18580983564322281 0.7449394458544623
vn 0.5774169449924548 0.5773169284005019 -0.5773169284005019
vn 0.5774169449924548 0.5773169284005019 -0.5773169284005019
vn 0.5749135224584576 0.5797136629914849 0.5774136391144598
vn 0.5799785047671466 -0.5741787346206358 0.5778786332072768
vn 0.5775833141673854 -0.5765833866445922 -0.5778833043451524
vn 0.5774169449924548 0.5773169284005019 -0.5773169284005019
vn -0.569922338263909 0.5836228819120414 -0.5784227347334144
vn 0.5749135224584576 0.5797136629914849 0.5774136391144598
vn 0.5239882136742601 0.7363834509965083 -0.4279903795985735
vn 0.5239882136742601 0.7363834509965083 -0.4279903795985735
vn 0.561809027285677 0.1108017716983674 -0.8198131398366485
vn -0.4346931315084728 0.8327867458420558 -0.34279457021539406
vn -0.4346931315084728 0.8327867458420558 -0.34279457021539406
vn 0.5239882136742601 0.7363834509965083 -0.4279903795985735
vn 0.4249162745919626 0.8927342416761995 -0.1499057481409863
vn 0.561809027285677 0.1108017716983674 -0.8198131398366485
vn 0.00960012047858911 -0.7448092607503707 -0.6672083653457013
vn 0.5414984426519738 -0.6333982582727504 0.5527984108357523
vn 0.5414984426519738 -0.6333982582727504 0.5527984108357523
vn 0.6768319286203941 -0.6057285975612775 0.41831974193963833
vn 0.7172764057050279 -0.6302792601844073 -0.2970902421828632
vn 0.580110886421016 0.583810963819943 0.568010667135268
vn 0.6768319286203941 -0.6057285975612775 0.41831974193963833
vn 0.6768319286203941 -0.6057285975612775 0.41831974193963833
vn 0.580110886421016 0.583810963819943 0.568010667135268
vn 0.16739654122737058 -0.6533865169339881 0.7382848078309511
vn 0.7172764057050279 -0.6302792601844073 -0.2970902421828632
vn 0.7521907898129849 0.09409883882243417 0.6521920148643247
vn 0.5650888503325325 -0.7617849467528726 0.3167937596143266
vn 0.8799307070207324 -0.28110980105380223 -0.3830133556333065
vn 0.7521907898129849 0.09409883882243417 0.6521920148643247
vn 0.25700332182291624 0.8667112072169547 0.4275055272818301
vn 0.14269937568130847 0.8538962598586656 0.5004978177570281
vn 0.3895879860344872 0.005699824797057937 0.9209716136422855
vn 0.5650888503325325 -0.7617849467528726 0.3167937596143266
vn 0.936009342341166 0.3221032396820233 -0.14190142365883127
vn 0.25700332182291624 0.8667112072169547 0.4275055272818301
vn -0.6122715711615095 0.4578787417009661 -0.6445700745813109
vn -0.6897454390269059 0.1890124401474436 0.6989460113707567
vn -0.6139901995978475 0.4336930772839375 0.6594894612605907
vn -0.6122715711615095 0.4578787417009661 -0.6445700745813109
vn -0.6139901995978475 0.4336930772839375 0.6594894612605907
vn -0.3154967869589875 0.7098927748049869 -0.6296935966787587
vn -0.5786162922358443 -0.5767162154644363 0.5767162154644363
vn 0.5686629228430089 -0.5690628699963611 0.5939612194202165
vn 0.5717031403217064 0.5800032063791877 0.5803031965586272
vn -0.5829267558928379 0.5787265957777794 0.5703261563383836
vn 0.5717011975765348 -0.5783012195341476 0.5820012372623221
vn 0.5876011601239511 0.5745011326370586 0.5698011277803191
vn -0.5773836061273234 0.5773836061273234 -0.5772835895388123
vn -0.5785910637274618 0.5832910092992182 0.5700912027434063
vn 0.5876011601239511 0.5745011326370586 0.5698011277803191
vn 0.5824157549844257 -0.5846157624057886 0.5648152783810119
vn 0.5773169284005019 0.5773169284005019 -0.5774169449924548
vn 0.5773169284005019 0.5773169284005019 -0.5774169449924548
vn -0.6507757092856294 0.6228767429337249 -0.4341837621515343
vn 0.003299999726376211 0.9466999035540145 -0.3220999885324826
vn -0.042998979998009064 0.668484139971465 -0.7424823515247627
vn -0.6507757092856294 0.6228767429337249 -0.4341837621515343
vn -0.7695367077313198 -0.009600458343613229 0.6385304116904957
vn -0.5527931888971406 0.534293457411305 0.6394921357424221
vn -0.9253097275900657 -0.00250002628082571 -0.37920397927209787
vn -0.3160004387886534 0.30440042098362113 -0.8986011942960974
vn -0.6507757092856294 0.6228767429337249 -0.4341837621515343
vn -0.5527931888971406 0.534293457411305 0.6394921357424221
vn 0.003299999726376211 0.9466999035540145 -0.3220999885324826
vn -0.9253097275900657 -0.00250002628082571 -0.37920397927209787
vn -0.5631182367027677 0.5798188626362629 0.5888191046696397
vn 0.5891967380281081 0.5778967703304387 -0.5646968449873658
vn -0.5877687099007866 0.5727694400639035 -0.5713695058282754
vn -0.5631182367027677 0.5798188626362629 0.5888191046696397
vn -0.5852068352880874 -0.5680066046464086 0.5787067107008175
vn 0.5659995254771867 0.5757995416294662 0.5899995127276767
vn 0.5659995254771867 0.5757995416294662 0.5899995127276767
vn 0.5815021577793369 0.5788021864957457 -0.5717020809877459
vn -0.5732016237069888 0.5757016211804685 -0.5831016566173105
vn 0.5813044358886701 0.5785043884673238 0.572204356275101
vn 0.5815021577793369 0.5788021864957457 -0.5717020809877459
vn -0.5730982236246764 0.5750982574150001 0.5837982702924619
vn 0.27659086866859284 -0.8604714997883112 -0.42788583690186305
vn -0.27248912596835634 -0.6155754225468729 0.7394704695829578
vn -0.00459986436199532 -0.8957735443063547 -0.4444868935848192
vn 0.5869010194697567 -0.758701278285726 -0.2827004840338367
vn -0.33118859796078676 -0.7013758568534654 0.6311782790969882
vn 0.27659086866859284 -0.8604714997883112 -0.42788583690186305
vn -0.04779880329363319 0.012799678861134223 -0.998774970964305
vn 0.3758229441288938 0.03690225089566959 -0.9259564452743572
vn 0.5869010194697567 -0.758701278285726 -0.2827004840338367
vn -0.00459986436199532 -0.8957735443063547 -0.4444868935848192
vn -0.16769441995067152 -0.7309756889346493 0.6614779842926919
vn -0.6767993362816845 -0.41739960231044465 0.6063993984163852
vn -0.5773836061273234 -0.5773836061273234 -0.5772835895388123
vn 0.5763163902804196 -0.5775164105395798 -0.5782164074562627
vn 0.5895188487525068 -0.5704182421920616 0.5719183122964655
vn -0.5702870830004403 -0.57698700240241 -0.5846867896759171
vn 0.5645780019763849 -0.5813773328438347 -0.5858771855429618
vn -0.5739114338717829 -0.5783115079383251 0.579811577891762
vn 0.7020082518641089 0.6045071008048182 0.3765044214763637
vn 0.47881790666416285 0.4240158767159843 0.768728787382471
vn 0.9349062456201013 0.008100054238444102 0.35480234077844136
vn 0.7020082518641089 0.6045071008048182 0.3765044214763637
vn 0.7572192832935764 -0.10530268710947795 -0.6446163984075227
vn 0.7020082518641089 0.6045071008048182 0.3765044214763637
vn 0.5893839296067344 0.5421852788011348 -0.5988837174048564
vn -0.006799917843574174 0.935788710713056 0.35249574468256645
vn 0.5893839296067344 0.5421852788011348 -0.5988837174048564
vn 0.044001139281874664 0.7284188201281774 0.6837177211576215
vn 0.044001139281874664 0.7284188201281774 0.6837177211576215
vn 0.5751118201533566 -0.5807119150825769 -0.5762118238990062
vn -0.5898050139955091 -0.5753048726792586 -0.56670481640556
vn -0.590078249895506 0.569879010120404 -0.5718789844227932
vn 0.5751118201533566 -0.5807119150825769 -0.5762118238990062
vn 0.5787834746806589 -0.5840833405373653 0.5690837730451422
vn -0.5898050139955091 -0.5753048726792586 -0.56670481640556
vn 0.5992288566657036 0.5617270448273209 -0.570427475187406
vn 0.565215964691776 0.5806164329007554 -0.586016613333741
vn 0.5851712690387452 -0.597470687209596 0.5482730741308364
vn 0.5680069740512569 -0.5851071884588509 -0.5788070969182335
vn 0.565215964691776 0.5806164329007554 -0.586016613333741
vn -0.598699560961518 0.5610995806793074 -0.5715995943542915
vn 0.6109054183788873 0.5732050664167984 0.5461048632171576
vn 0.565215964691776 0.5806164329007554 -0.586016613333741
vn 0.5680069740512569 -0.5851071884588509 -0.5788070969182335
vn -0.598699560961518 0.5610995806793074 -0.5715995943542915
vn 0.6109054183788873 0.5732050664167984 0.5461048632171576
vn -0.3020975982484052 -0.8513932847185395 0.42879659031844114
vn 0.022499087350200026 0.6538734785707625 -0.7562693072511792
vn -0.014500431945045784 -0.6103182139263728 -0.7920236203694492
vn -0.014500431945045784 -0.6103182139263728 -0.7920236203694492
vn 0.5512010711140419 0.5416010284094575 -0.6347012724333796
vn 0.5675040778129278 0.5794042041149835 0.5850041794035157
vn -0.5846930237626462 -0.5743931621704995 0.5728931516566312
vn -0.5726066965748026 0.5806068313565628 -0.5788067712283467
vn -0.5848902601515372 -0.5717904715588686 -0.5752903964211065
vn -0.5877018455659563 0.5798017864976908 0.5643017181370753
vn -0.5846930237626462 -0.5743931621704995 0.5728931516566312
vn 0.5631887271873409 -0.5928881121170991 -0.575588519759841
vn 0.5729655065153723 -0.5909644404261176 0.5678657926794223
vn -0.5848902601515372 -0.5717904715588686 -0.5752903964211065
vn -0.5770167278019214 0.5770167278019214 -0.5780167745606755
vn 0.5768830823830028 0.5784829902712694 -0.5766830491934856
vn 0.5786804666988214 -0.5746806373303944 -0.5786804666988214
vn -0.5777158663527445 -0.5785158202800761 -0.5758157895108195
vn -0.596203563416559 -0.5613033154935381 0.5740033963186618
vn -0.5595078351284938 -0.5894082661360323 -0.5827082273662716
vn 0.5808348615324336 -0.5892354208993917 -0.5616337617933197
vn -0.596203563416559 -0.5613033154935381 0.5740033963186618
vn 0.5665850917736596 -0.5878844527621387 0.5773847971503877
vn -0.596203563416559 -0.5613033154935381 0.5740033963186618
vn 0.5665850917736596 -0.5878844527621387 0.5773847971503877
vn -0.5595179034010206 0.5932190242072837 0.578818542457206
vn 0.5864087994020497 0.569608574464135 0.5759086662664337
vn -0.5820042189539936 0.5726041497272294 0.5774041711270439
vn -0.5879823755860065 -0.5812825748777474 0.5624831500976117
vn 0.5865098488872763 -0.5753096599559608 0.5701096318424914
vn 0.5864087994020497 0.569608574464135 0.5759086662664337
vn 0.5839188156357235 0.5856189189353787 -0.5622181947709735
vn -0.5820042189539936 0.5726041497272294 0.5774041711270439
vn 0.6951061051669165 -0.08380073528937222 -0.7140062600038184
vn 0.630792758177139 -0.23379729753740297 0.7398914243965018
vn 0.5859176643212087 -0.5718172316204132 -0.5742173319034756
vn -0.5778162351067265 -0.7408208682509091 -0.3425096197350627
vn 0.3695163570336352 -0.72113189027846 0.5860259880824451
vn 0.22560481895385934 -0.5513117354503452 0.8032171786133093
vn -0.5778162351067265 -0.7408208682509091 -0.3425096197350627
vn -0.7821045104327957 -0.4058023487821593 0.47290272623823976
vn -0.5778162351067265 -0.7408208682509091 -0.3425096197350627
vn -0.7658152772246439 0.2758054885778457 -0.5809116057023457
vn -0.3407851802645769 -0.8451632830886 -0.41178208536911703
vn -0.7821045104327957 -0.4058023487821593 0.47290272623823976
vn 0.263404924774679 -0.6392119860247971 0.7225135863959101
vn -0.3407851802645769 -0.8451632830886 -0.41178208536911703
vn 0.5705880848299165 0.5920877175998343 0.5690881936198877
vn 0.587101663567654 -0.5689015651643967 -0.5759015938418586
vn 0.5609010753810643 0.5861011429828565 -0.5847011491613083
vn 0.5705880848299165 0.5920877175998343 0.5690881936198877
vn 0.5609010753810643 0.5861011429828565 -0.5847011491613083
vn -0.5565084218461264 0.6055091618928382 0.56890863174869
vn 0.5705880848299165 0.5920877175998343 0.5690881936198877
vn -0.5565084218461264 0.6055091618928382 0.56890863174869
vn 0.5939191735715932 -0.5601180972801799 0.5775185991492106
vn 0.5939191735715932 -0.5601180972801799 0.5775185991492106
vn -0.5979147434756151 0.5720141416490511 -0.5615138300059838
vn 0.5401190750162166 0.5829205714888296 0.6070214099508869
vn 0.5655181294079046 0.5749183777461868 -0.5913189530538298
vn -0.5979147434756151 0.5720141416490511 -0.5615138300059838
vn -0.6057037744639308 0.5748035939532375 0.5502033860115633
vn -0.5704964505478805 -0.5799963572256813 0.5814963675872876
vn -0.5573120663023428 0.5866127557356265 0.587612742852014
vn -0.5771151097650518 0.5852153212627313 -0.5696149382172404
vn -0.5729164794381753 -0.5627161582673805 -0.5959171358611589
vn -0.5704964505478805 -0.5799963572256813 0.5814963675872876
vn -0.5729164794381753 -0.5627161582673805 -0.5959171358611589
vn 0.5812058175856906 -0.564205620019763 0.5864058457609915
vn -0.5709869556614507 0.5851866290324723 -0.5757868578441852
vn -0.5532388710488284 -0.5817408586264224 -0.5962418342964627
vn -0.6180077303657916 0.5551070072347535 0.5567069747425465
vn 0.8137154699146836 -0.007800147878008453 0.5812110560842825
vn 0.8137154699146836 -0.007800147878008453 0.5812110560842825
vn 0.7671974928366271 0.0040999866796237495 -0.6413978461878558
vn 0.5703042998730914 0.598804557082039 0.5623042841416435
vn 0.5414984426519738 -0.6333982582727504 0.5527984108357523
vn 0.5065757328780733 -0.5720725312843673 -0.6450690240655952
vn -0.4175246225402224 0.7870464075155372 0.45412679065381256
vn -0.41831117558416603 -0.8056215562092497 0.41951122577635475
vn -0.6258971328633266 0.7664965543276777 0.14399934471123346
vn -0.4175246225402224 0.7870464075155372 0.45412679065381256
vn -0.41831117558416603 -0.8056215562092497 0.41951122577635475
vn -0.20509825795019776 0.7385938220920659 0.6421945737494422
vn -0.6258971328633266 0.7664965543276777 0.14399934471123346
vn -0.7040132917106345 0.5512103596634065 0.4478084685381631
vn -0.6223975694539471 0.7693969946736369 -0.14369944371845955
vn 0.5065757328780733 -0.5720725312843673 -0.6450690240655952
vn 0.7172764057050279 -0.6302792601844073 -0.2970902421828632
vn 0.2882815779597583 0.6233600719215162 -0.7268534601575712
vn 0.7172764057050279 0.6302792601844073 -0.2970902421828632
vn 0.7172764057050279 0.6302792601844073 -0.2970902421828632
vn -0.6015270916478779 -0.5722258060597064 0.5574251383755174
vn -0.0 -1.0 -0.0
vn 0.5559827057112093 -0.5667823520262308 0.6079810822563942
vn 0.567675967773324 -0.5806753836204898 0.5835752688983805
vn 0.5744127908736665 0.5796128786094743 0.5780128516138411
vn -0.5712632366466908 -0.5832624261423951 0.5774627751694772
vn 0.567675967773324 -0.5806753836204898 0.5835752688983805
vn -0.5712632366466908 -0.5832624261423951 0.5774627751694772
vn -0.5751808840063741 -0.5772808152312331 -0.579580720037864
vn 0.5765035894404212 -0.5825036309336183 -0.573003604972483
vn 0.567675967773324 -0.5806753836204898 0.5835752688983805
vn 0.5765035894404212 -0.5825036309336183 -0.573003604972483
vn 0.5876950327481542 0.5682951523561438 -0.5758951018125206
vn 0.5744127908736665 0.5796128786094743 0.5780128516138411
vn 0.5819002161940146 0.5714002027770899 0.5787002217553225
vn -0.5843945541400792 0.5748945873673755 -0.5726946992133882
vn -0.5813094407774986 0.5742092758502527 0.5765093594994622
vn 0.573995852497855 0.5908957351928178 -0.5668959264681658
vn 0.5876651303373418 0.5692661900963509 0.5749658245485382
vn -0.5789277416309694 -0.5704273446271388 0.5826279382862589
vn 0.5690875630495491 -0.5807872395242485 0.5820872168224694
vn 0.5690875630495491 -0.5807872395242485 0.5820872168224694
vn -0.5827018487250001 0.5878019200402572 0.5612017981880083
vn -0.6792051666787224 -0.7001053561695344 -0.22030168365143812
vn -0.6680178363581591 -0.7281194621542982 -0.15360409870670452
vn -0.47491830173749566 0.8500328052559311 -0.22780877213905817
vn -0.7188752213371257 -0.6873763126920233 0.10359643284117658
vn -0.029899478988568175 0.892884408401007 -0.4492921704087396
vn -0.19110186510200494 0.9035088472947554 -0.38360375391103435
vn -0.5669115857835856 -0.592512079081273 0.5723117070680344
vn -0.5669115857835856 -0.592512079081273 0.5723117070680344
vn 0.5691970946707886 0.5747971296290694 0.5878970379143921
vn -0.561169640779536 0.5716690577539648 0.5985675589890087
vn 0.5787834746806589 -0.5840833405373653 0.5690837730451422
vn -0.5968800728515616 -0.5595813342365636 0.5749807901197583
vn -0.5897917441040557 -0.5645920936952951 -0.5773919520771478
vn 0.56190258283122 -0.5938026907023335 -0.5759026410099826
vn 0.5549750301147944 -0.5808738441905414 0.5954731673924405
vn 0.0392003336622291 -0.629505362506287 0.7760066574563637
vn -0.33118859796078676 -0.7013758568534654 0.6311782790969882
vn -0.6767993362816845 -0.41739960231044465 0.6063993984163852
vn -0.5773836061273234 -0.5773836061273234 -0.5772835895388123
vn -0.5818024102476792 -0.571902377071851 0.5783023660072276
vn 0.5660245220466382 -0.5854253564049309 0.5804251825343509
vn 0.5758889961158218 0.5848888207141343 0.571189050627146
vn -0.5818024102476792 -0.571902377071851 0.5783023660072276
vn -0.5818024102476792 -0.571902377071851 0.5783023660072276
vn -0.580113438842693 0.5753132982473941 0.5766133946881656
vn -0.5870014056584404 -0.5762014023383707 -0.5687014099668737
vn -0.580113438842693 0.5753132982473941 0.5766133946881656
vn 0.5688178649186992 -0.6094191788173917 -0.5523173915774049
vn 0.7244909508903649 0.030899612673171872 -0.6885913708540231
vn 0.7088052542920517 0.08870065102746331 0.699805191460655
vn 0.5688178649186992 -0.6094191788173917 -0.5523173915774049
vn -0.5811081722531767 -0.5733080697590645 -0.5776081277905531
vn 0.7244909508903649 0.030899612673171872 -0.6885913708540231
vn 0.6009844796867237 -0.5471859264090195 0.582584944120238
vn 0.5563965293446193 -0.588396354934195 -0.586696370905271
vn -0.558701257959518 0.5853013199106416 -0.5876012842611161
vn 0.5775122417811858 0.5801123154944111 -0.5744121447223951
vn -0.5798143526949386 -0.5761142753000263 -0.5761142753000263
vn -0.5827018487250001 0.5878019200402572 0.5612017981880083
vn 0.0023999944149835106 -0.7379982129910703 0.6747983977817338
vn -0.5840990658014856 -0.5332991041298079 0.6118989678567665
vn 0.5115122526351276 -0.5668135583614381 0.645815457744534
vn 0.7174088153355938 0.6832083863989853 0.1362016609035095
vn 0.45801632883442217 0.589321008091565 0.665523697506693
vn 0.23140405221292684 -0.6426112680380179 0.7304128440888807
vn 0.7174088153355938 0.6832083863989853 0.1362016609035095
vn 0.576906878735295 0.5817069596493408 -0.5734068942412707
vn 0.45801632883442217 0.589321008091565 0.665523697506693
vn 0.5777168427636913 0.5769168292827699 -0.5774168526095058
vn -0.5723056809984463 -0.5792057531164454 -0.5805057304228063
vn -0.5729083485975404 0.5798084207761688 -0.5793083974052892
vn 0.5646105407769053 0.5812108515767205 -0.5860109924336523
vn 0.5902907521191865 -0.5764909663163461 -0.5649911448139792
vn -0.5723056809984463 -0.5792057531164454 -0.5805057304228063
vn -0.589283678522973 -0.5686842546010329 0.5738841039750976
vn -0.5729083485975404 0.5798084207761688 -0.5793083974052892
vn -0.5785163250782009 -0.5770163146889552 -0.5765162913576597
vn -0.5842852770068766 0.578085500324572 -0.5695856997743948
vn 0.5757261763627523 -0.5718260062716453 -0.5844265466268155
vn 0.4269219076292174 -0.42132160456221096 0.8001411065026932
vn 0.8946103639412636 -0.37730438767073415 0.23940278981935953
vn 0.482086381868273 0.867475494548931 0.12279652590462535
vn 0.4269219076292174 -0.42132160456221096 0.8001411065026932
vn 0.25519728672406844 0.7913916114658968 0.5554940703104623
vn 0.5829946412671628 -0.5782946958060984 0.5706947459511996
vn 0.5823957778073523 0.5660958748119882 0.5833957649083672
vn -0.571900410915059 -0.5775003863401513 0.5826003980192278
vn 0.5829946412671628 -0.5782946958060984 0.5706947459511996
vn -0.571900410915059 -0.5775003863401513 0.5826003980192278
vn 0.5730982236246764 -0.5750982574150001 -0.5837982702924619
vn -0.34470897819880936 0.6647172552276049 -0.6628172379712314
vn 0.25700332182291624 0.8667112072169547 0.4275055272818301
vn -0.6114972841933919 0.6547970742556889 -0.4441979997369373
vn 0.14269937568130847 0.8538962598586656 0.5004978177570281
vn -0.34470897819880936 0.6647172552276049 -0.6628172379712314
vn 0.022499087350200026 0.6538734785707625 -0.7562693072511792
vn -0.5632979829297439 -0.5827978807462355 -0.5856978851122637
vn 0.5759177683935891 -0.5706176042813604 -0.585418033317004
vn 0.5787808448847509 -0.5843806418016714 0.5687811521859356
vn -0.5904288876653887 -0.575528203337277 0.5658277262326208
vn -0.5632979829297439 -0.5827978807462355 -0.5856978851122637
vn 0.31459859339595914 -0.8130964125022565 0.4897978654600734
vn 0.8799307070207324 -0.28110980105380223 -0.3830133556333065
vn -0.5674113238120583 0.5894117566133066 -0.5750114527345206
vn -0.5958844186349747 -0.5517855663235566 0.5834847456661146
vn -0.5487729257743877 0.6080699504027544 0.5736716930041172
vn -0.5891358633657765 -0.5616342216828211 -0.5809353970373925
vn -0.5753135342831044 -0.5800136582704704 -0.5767135280972602
vn -0.5753135342831044 -0.5800136582704704 -0.5767135280972602
vn -0.565300765218497 0.5649007584455943 0.6011008051491646
vn -0.598699560961518 0.5610995806793074 -0.5715995943542915
vn -0.5469930469484477 -0.5743927046098753 0.608992304944
vn 0.6142105767467935 0.30880533197175997 -0.7262125269906754
vn 0.7533798611105512 -0.4275885705336145 -0.49958662834594253
vn -0.7488140378116299 0.43250807624704984 -0.5022094192240114
vn 0.6142105767467935 0.30880533197175997 -0.7262125269906754
vn -0.7488140378116299 0.43250807624704984 -0.5022094192240114
vn -0.6063354196372338 0.7889461573362588 -0.09960582170581685
vn 0.5401190750162166 0.5829205714888296 0.6070214099508869
vn 0.5754766535767468 -0.5751766633958633 0.5813763213899502
vn 0.5655181294079046 0.5749183777461868 -0.5913189530538298
vn -0.8204119130288385 -0.008600125010472102 -0.5717082567272976
vn 0.01120042332726188 -0.014100533637276915 -0.9998378495878391
vn -0.5319197736249185 -0.6280233815523117 -0.5680211146167147
vn -0.5528002209533891 0.5962002688142629 -0.582200270679845
vn -0.8204119130288385 -0.008600125010472102 -0.5717082567272976
vn -0.5319197736249185 -0.6280233815523117 -0.5680211146167147
vn -0.501599928583615 -0.5772999077408452 0.644299874412004
vn -0.7694182937541553 0.006200147268520245 0.6387151535780977
vn -0.5528002209533891 0.5962002688142629 -0.582200270679845
vn -0.5776970892700035 0.5625972064253292 -0.591397037844612
vn -0.5816189481752913 -0.5896192025794179 -0.5604182322811057
vn -0.5776970892700035 0.5625972064253292 -0.591397037844612
vn 0.5770166091377895 -0.5768165759646542 -0.5782166293626807
vn 0.5070959892425271 0.633695002218406 0.5841954312193456
vn 0.5070959892425271 0.633695002218406 0.5841954312193456
vn 0.4986945644561089 -0.6912924586111711 0.5228943182415106
vn 0.27970108123676596 -0.6630024846878442 -0.6944026284892136
vn 0.059799264665714294 -0.7058913654526365 -0.7057913488594574
vn -0.5782043983910182 0.5815044095775683 -0.5723043729722186
vn 0.03800058297111078 0.6683102130935872 -0.7429114447689307
vn -0.5865777969107934 -0.5803780201627392 -0.5648786080949243
vn 0.7787948523821543 0.587696110670133 0.21929856225305536
vn 0.7787948523821543 0.587696110670133 0.21929856225305536
vn -0.5795260839399051 -0.5824262073236898 0.5700256407003288
vn 0.5786802496388372 -0.5787802662280637 0.5745803443408979
vn 0.7787948523821543 0.587696110670133 0.21929856225305536
vn 0.7628816792456417 0.32659214008172954 0.5579866642745019
vn -0.5795260839399051 -0.5824262073236898 0.5700256407003288
vn 0.0023998954860614294 -0.7840658738181712 -0.6206729783190209
vn 0.5847867309999121 -0.5703870247100655 -0.5767868941722196
vn -0.5809768324998122 -0.5767770297062261 0.5742770917438274
vn 0.5547132036402068 0.8066191606736379 -0.2041048537918052
vn 0.5547132036402068 0.8066191606736379 -0.2041048537918052
vn 0.24929897999157363 0.8036966604569328 -0.5402977850644352
vn 0.5669057106509708 0.5718057486662272 0.5930059873420952
vn 0.5729655065153723 -0.5909644404261176 0.5678657926794223
vn 0.24929897999157363 0.8036966604569328 -0.5402977850644352
vn -0.2087052934629687 0.963124395920762 -0.16980429459469898
vn 0.5669057106509708 0.5718057486662272 0.5930059873420952
vn 0.5631887271873409 -0.5928881121170991 -0.575588519759841
vn -0.09159729559543078 0.7359782400936851 0.6707801171383997
vn -0.09159729559543078 0.7359782400936851 0.6707801171383997
vn -0.0641982809307158 0.718380759476103 -0.6926815033910451
vn -0.3432831276553532 0.6589675777696723 0.6692670810039364
vn -0.3432831276553532 0.6589675777696723 0.6692670810039364
vn 0.04170147593457817 0.7016248520216648 -0.7113252096829235
vn 0.04170147593457817 0.7016248520216648 -0.7113252096829235
vn 0.5788038121526429 0.5720037569442328 0.5812037930702544
vn 0.5683079972560986 0.5853082552686723 0.5783081069543337
vn 0.5754148070286939 0.5792149009623336 -0.5774148407820197
vn -0.5776970892700035 0.5625972064253292 -0.591397037844612
vn 0.5683079972560986 0.5853082552686723 0.5783081069543337
vn 0.5683079972560986 0.5853082552686723 0.5783081069543337
vn 0.5863078718483435 -0.5692075976184173 0.5764076597531789
vn 0.5754148070286939 0.5792149009623336 -0.5774148407820197
vn -0.5717017865451188 0.5817018359462368 0.5786017985781732
vn -0.5779154242380341 0.5755153836357236 -0.5786154211792136
vn -0.5779154242380341 0.5755153836357236 -0.5786154211792136
vn -0.580113438842693 0.5753132982473941 0.5766133946881656
vn 0.5794441816755831 0.5735436799587328 -0.5790441153329411
vn 0.010799820858666312 0.010799820858666312 -0.9998833570666338
vn -0.08439806715837257 0.41109057613449 -0.907679185876455
vn 0.4183871784064928 0.36528880114083623 -0.8315745671352295
vn 0.32459243008137606 0.011999719360721764 -0.9457778603187594
vn 0.43597055591568423 -0.5280643475031124 -0.7287507936672737
vn -0.5811079180669386 -0.5777078902938406 -0.5732077991899167
vn 0.564613754801473 -0.5839142154556867 -0.5833142351063892
vn 0.5899702873985491 -0.5749710766469858 0.566871520722535
vn -0.5811079180669386 -0.5777078902938406 -0.5732077991899167
vn -0.5651035345094736 0.5886036170585777 -0.5781036042704277
vn -0.5862725767829849 -0.5569739146696148 0.5882724913591012
vn -0.5652894074914427 0.5982888020480069 0.5678894215619218
vn -0.5902041915129018 -0.5673040292238647 -0.5743040577490034
vn -0.5651035345094736 0.5886036170585777 -0.5781036042704277
vn 0.5469804005102743 0.5970786372124319 -0.5867789553504497
vn -0.5902041915129018 -0.5673040292238647 -0.5743040577490034
vn -0.5651035345094736 0.5886036170585777 -0.5781036042704277
vn -0.5652894074914427 0.5982888020480069 0.5678894215619218
vn 0.5469804005102743 0.5970786372124319 -0.5867789553504497
vn 0.3695163570336352 -0.72113189027846 0.5860259880824451
vn 0.6630092703912247 0.4750066586294223 0.5786081416926374
vn 0.3695163570336352 -0.72113189027846 0.5860259880824451
vn 0.6630092703912247 0.4750066586294223 0.5786081416926374
vn 0.22560481895385934 -0.5513117354503452 0.8032171786133093
vn -0.5773275831817981 -0.587128076459656 0.5674270733144907
vn -0.5773275831817981 -0.587128076459656 0.5674270733144907
vn 0.5825997600399905 0.5664997705998507 0.5827997336235339
vn -0.5766808329541903 0.5755809484557987 0.579780810891482
vn 0.5801797964535307 -0.5752799371439558 0.5765799144149801
vn -0.5773275831817981 -0.587128076459656 0.5674270733144907
vn -0.5766808329541903 0.5755809484557987 0.579780810891482
vn -0.5645897119918468 -0.5734895791031737 -0.5935892180397384
vn -0.5632946789551051 0.560694664882785 0.6068942226062515
vn -0.558123460635302 -0.5849246291353 0.5885247496235027
vn 0.5908028520527989 0.5689027941224741 0.5721027887066453
vn -0.5872408179881891 -0.5799403225926796 -0.5646392157118219
vn 0.5951718092599315 -0.46937778597114355 0.6522691250542885
vn -0.5846283628133512 0.5533268665618937 -0.5933287926057331
vn -0.9076171500925448 0.03980075299370753 0.4179078952580589
vn -0.7001308582754613 0.6295277282060968 0.33691485676671584
vn -0.7001308582754613 0.6295277282060968 0.33691485676671584
vn -0.0031998915803078034 0.819772284547797 -0.5726806808171199
vn 0.5714937090915676 -0.5763936278180283 -0.5840935937669023
vn -0.5798786830269242 -0.5741788101038355 0.5779787253858947
vn -0.57758346099707 -0.5776834775856687 -0.576783447497563
vn 0.5714937090915676 -0.5763936278180283 -0.5840935937669023
vn 0.571064934104895 0.5725648253468075 -0.5882638539051604
vn 0.5815017224518978 -0.5789017082416315 0.5716017485805979
vn 0.5714937090915676 -0.5763936278180283 -0.5840935937669023
vn -0.5800884182184279 0.5922881773151104 -0.5591888250507037
vn 0.571064934104895 0.5725648253468075 -0.5882638539051604
vn 0.5815017224518978 -0.5789017082416315 0.5716017485805979
vn -0.57758346099707 -0.5776834775856687 -0.576783447497563
vn -0.5726066965748026 0.5806068313565628 -0.5788067712283467
vn 0.5669057106509708 0.5718057486662272 0.5930059873420952
vn -0.2087052934629687 0.963124395920762 -0.16980429459469898
vn -0.5877018455659563 0.5798017864976908 0.5643017181370753
vn -0.5785910637274618 0.5832910092992182 0.5700912027434063
vn -0.5885899146135907 -0.5634903387562455 -0.5796900469591812
vn -0.5669045212172233 -0.5717045426656966 0.593104695411255
vn -0.5773836061273234 0.5773836061273234 -0.5772835895388123
vn 0.43722108344263055 -0.5431261700629041 -0.7168344910689312
vn -0.7169162925873599 -0.6301143500711094 -0.29830678044130743
vn -0.9054048756827834 0.30020160816511604 -0.30020160816511604
vn -0.5853228352459905 0.5736223247002135 -0.5730223443681038
vn 0.7148033050114563 0.18060082852538678 -0.6756031200939222
vn -0.7253967926773657 -0.0473997878347958 -0.6866969879696629
vn -0.6457277603023325 -0.18170783111198416 -0.7416319327587721
vn 0.7148033050114563 0.18060082852538678 -0.6756031200939222
vn 0.5725066622693482 -0.5801067908680528 -0.5794067939245964
vn 0.5806929217377571 0.5813928590510121 -0.5698930374097906
vn 0.5749996349497152 -0.5692996427252506 0.5875996397212955
vn 0.5725066622693482 -0.5801067908680528 -0.5794067939245964
vn -0.5833001290216262 0.5759001533296292 -0.572800115990093
vn 0.5806929217377571 0.5813928590510121 -0.5698930374097906
vn 0.5725066622693482 -0.5801067908680528 -0.5794067939245964
vn 0.5749996349497152 -0.5692996427252506 0.5875996397212955
vn -0.5861807468078198 -0.5710812213496557 0.5746811034770608
vn -0.5835946649375914 -0.582294687668219 -0.5659948442960868
vn -0.5835946649375914 -0.582294687668219 -0.5659948442960868
vn 0.5367034321949143 0.12470079886239907 0.8345053245086449
vn 0.4595005321690082 0.7489008592946298 0.4775005380982972
vn 0.5367034321949143 0.12470079886239907 0.8345053245086449
vn 0.5209923064329639 0.814987881099153 0.2536962165645624
vn 0.5770166091377895 -0.5768165759646542 -0.5782166293626807
vn 0.5754148070286939 0.5792149009623336 -0.5774148407820197
vn 0.5720040108066682 -0.5790040397786095 -0.5810040736011544
vn -0.5702141074368653 -0.5759142779818328 -0.5858144894901827
vn -0.5757191212862622 0.5853195222637725 -0.5709190400067974
vn 0.5720040108066682 -0.5790040397786095 -0.5810040736011544
vn 0.5811935921945854 -0.5807935854467141 0.5699937012773951
vn -0.5702141074368653 -0.5759142779818328 -0.5858144894901827
vn 0.5720040108066682 -0.5790040397786095 -0.5810040736011544
vn 0.5783770151233869 0.58007693961203 -0.5735771722334344
vn 0.5811935921945854 -0.5807935854467141 0.5699937012773951
vn 0.5783770151233869 0.58007693961203 -0.5735771722334344
vn 0.5891967380281081 0.5778967703304387 -0.5646968449873658
vn 0.5896430779771058 -0.5749419510379398 -0.5672413891196341
vn -0.5877687099007866 0.5727694400639035 -0.5713695058282754
vn -0.6897454390269059 0.1890124401474436 0.6989460113707567
vn 0.630792758177139 -0.23379729753740297 0.7398914243965018
vn -0.6139901995978475 0.4336930772839375 0.6594894612605907
vn -0.5786157849209106 -0.5776157977950371 -0.5758157375219622
vn -0.5830915349942757 0.5787915964780039 -0.5700917028553062
vn 0.5764162952499913 -0.5784163886462347 -0.5772163683712743
vn -0.5786157849209106 -0.5776157977950371 -0.5758157375219622
vn 0.5764162952499913 -0.5784163886462347 -0.5772163683712743
vn -0.5796119546943788 -0.5740118604980236 0.5784119345094455
vn -0.5890909025578361 0.5606913149726992 -0.5818910188667459
vn -0.5800761121128585 0.5678765920141304 0.5839759245024124
vn 0.5687117784760033 0.5849121410070867 0.578311940327335
vn -0.5890909025578361 0.5606913149726992 -0.5818910188667459
vn 0.5886004835675734 0.5785004770723816 -0.5647005124586355
vn 0.5638040043029479 -0.5917042219742306 -0.5762040944230022
vn -0.5688053215568587 -0.5767053805662098 -0.5864054997990571
vn -0.5890909025578361 0.5606913149726992 -0.5818910188667459
vn 0.5886004835675734 0.5785004770723816 -0.5647005124586355
vn -0.41831117558416603 -0.8056215562092497 0.41951122577635475
vn 0.4955825282893843 -0.7014752904346019 -0.5121819740717088
vn -0.49067783902885764 0.5858735747698619 -0.6449708618785454
vn -0.5341933114996035 0.618392199602538 0.5763927423379153
vn -0.49067783902885764 0.5858735747698619 -0.6449708618785454
vn -0.764697131377032 0.24279908334504488 -0.5968977319361704
vn -0.7334394939711433 -0.5295285502192507 -0.4262229735549834
vn -0.8468023879039045 0.127900367156894 0.5163014738710097
vn -0.764697131377032 0.24279908334504488 -0.5968977319361704
vn 0.25660304396226935 -0.5655067162169161 -0.7838093082777583
vn -0.4346931315084728 0.8327867458420558 -0.34279457021539406
vn -0.7334394939711433 -0.5295285502192507 -0.4262229735549834
vn -0.5637966567021521 0.5753966137738796 -0.5924964698198872
vn 0.0019000143228314107 0.7066053046872839 -0.707605351402435
vn -0.5861144152589092 -0.5750141240176777 -0.57081402348391
vn -0.5637966567021521 0.5753966137738796 -0.5924964698198872
vn -0.582837449298013 0.5743369330748274 0.5748370160332296
vn -0.5637966567021521 0.5753966137738796 -0.5924964698198872
vn -0.5861144152589092 -0.5750141240176777 -0.57081402348391
vn -0.582837449298013 0.5743369330748274 0.5748370160332296
vn -0.016399893019663964 -0.8870942111191248 0.4612969803801898
vn -0.016399893019663964 -0.8870942111191248 0.4612969803801898
vn -0.5773836061273234 -0.5773836061273234 -0.5772835895388123
vn -0.5801117067791044 0.574111605577283 -0.5778116232815921
vn 0.5729033605753272 0.582503403300335 -0.5766034378886619
vn 0.5763163902804196 -0.5775164105395798 -0.5782164074562627
vn -0.5885899146135907 -0.5634903387562455 -0.5796900469591812
vn 0.565823380020863 -0.5909243862223431 -0.5750237146322863
vn -0.5669045212172233 -0.5717045426656966 0.593104695411255
vn 0.5652870568486624 -0.5818867120958655 -0.5846865806957094
vn -0.5636858227902263 0.5896851298868261 -0.5783854603771283
vn 0.5945029570487326 0.5741028511173605 -0.5630027978609259
vn 0.5652870568486624 -0.5818867120958655 -0.5846865806957094
vn 0.5652870568486624 -0.5818867120958655 -0.5846865806957094
vn 0.5762810872568398 -0.5797809525272676 0.5759810374974588
vn -0.5720993333211947 -0.5767993384190466 0.5830993706160165
vn -0.568612043491826 -0.589812521732911 -0.573412184386689
vn -0.568612043491826 -0.589812521732911 -0.573412184386689
vn 0.5689985760308895 -0.5715985902443852 0.5911985048234234
vn 0.572299505675893 0.5764994871131344 0.5831994660160633
vn 0.5674096182801778 -0.5748097731349071 0.5896100828443656
vn 0.5722965750191186 0.5757964998841765 -0.583896412852929
vn 0.572299505675893 0.5764994871131344 0.5831994660160633
vn -0.587291205814393 0.5774913683302796 -0.5670914909228472
vn -0.5755136862044508 0.5800137770120853 0.5765136732702355
vn 0.572299505675893 0.5764994871131344 0.5831994660160633
vn -0.5816330271300851 -0.5792329269164033 0.5711324173318744
vn 0.5674096182801778 -0.5748097731349071 0.5896100828443656
vn 0.5722965750191186 0.5757964998841765 -0.583896412852929
vn -0.5755136862044508 0.5800137770120853 0.5765136732702355
vn 0.5726056861508797 -0.5781057639396027 0.5813058178682619
vn 0.5979155912826152 -0.5576145662695301 -0.5758150234104739
vn 0.5748809630609498 0.5781808550409765 0.5789808089861012
vn 0.5726056861508797 -0.5781057639396027 0.5813058178682619
vn 0.5748809630609498 0.5781808550409765 0.5789808089861012
vn -0.5652894074914427 0.5982888020480069 0.5678894215619218
vn -0.5862725767829849 -0.5569739146696148 0.5882724913591012
vn 0.6769296239945213 -0.6796297142883844 0.2826123415828207
vn -0.499105884693926 -0.7732090704742822 -0.3912046129587301
vn 0.4986945644561089 -0.6912924586111711 0.5228943182415106
vn 0.4183871784064928 0.36528880114083623 -0.8315745671352295
vn -0.042998979998009064 0.668484139971465 -0.7424823515247627
vn 0.5773169284005019 -0.5773169284005019 0.5774169449924548
vn 0.5847867309999121 -0.5703870247100655 -0.5767868941722196
vn 0.5845260353132706 0.5756256913480016 -0.5718254781846331
vn 0.5773169284005019 -0.5773169284005019 0.5774169449924548
vn 0.5811935921945854 -0.5807935854467141 0.5699937012773951
vn 0.5744857146519797 0.5683858349586438 0.5889853192390871
vn 0.5783770151233869 0.58007693961203 -0.5735771722334344
vn -0.5838024823075649 -0.5812024680057022 0.5669024191477808
vn 0.5661968850841607 0.5832967414056587 0.5823967709272898
vn -0.5792198937676737 0.5594191726576417 0.5929203183622607
vn 0.5715227060954657 -0.5712227159217819 0.5891234210522096
vn -0.5838024823075649 -0.5812024680057022 0.5669024191477808
vn -0.5792198937676737 0.5594191726576417 0.5929203183622607
vn -0.5733734708753789 -0.571273599333906 -0.5872727965778809
vn -0.5838024823075649 -0.5812024680057022 0.5669024191477808
vn -0.5733734708753789 -0.571273599333906 -0.5872727965778809
vn 0.5718030961571495 -0.5791031154622317 -0.5811030897242199
vn 0.5715227060954657 -0.5712227159217819 0.5891234210522096
vn -0.3278011969669765 0.6545023902173087 -0.681302426582239
vn 0.5547132036402068 0.8066191606736379 -0.2041048537918052
vn 0.5899789011251773 -0.5722796008486205 -0.5695796297969864
vn -0.5773160475175635 -0.5786160844287148 -0.5761159675960046
vn -0.5771153016466563 0.5758153243343535 -0.5791153951217427
vn 0.5900032506717144 0.5751032220004051 -0.5667031394315395
vn 0.590114387386847 -0.5538134914682526 0.5874143567080992
vn -0.5839328389383319 -0.5869330388459096 0.5608315678708946
vn -0.5816705494570287 0.5861702826510308 0.5639714280273149
vn -0.5894828647611865 -0.5789831496457917 -0.563283644871022
vn 0.5841920668585965 -0.5950918484735184 -0.5518924903455855
vn 0.5810078006407137 -0.5731077419289075 0.5779078228712512
vn 0.5591864244593593 0.5986854664669873 -0.5734860547053982
vn 0.015099198975466145 0.8243562298917455 -0.5658699677743702
vn 0.8128378800001764 -0.029801388515731646 -0.5817271336970222
vn 0.5591864244593593 0.5986854664669873 -0.5734860547053982
vn 0.5313198631914285 0.5870218945365977 0.6108228043491052
vn 0.8128378800001764 -0.029801388515731646 -0.5817271336970222
vn 0.5668213381072376 0.5775217427769432 0.5875220908920811
vn 0.5559827057112093 -0.5667823520262308 0.6079810822563942
vn 0.5786017985781732 0.5817018359462368 -0.5717017865451188
vn -0.5528002209533891 0.5962002688142629 -0.582200270679845
vn -0.5175869413624072 0.564285749570051 0.6431837614269141
vn -0.5882959400565497 0.56999606230496 -0.5735960040567059
vn -0.5645051967906342 0.5800053244373893 0.5873054626177475
vn 0.5777168427636913 0.5769168292827699 -0.5774168526095058
vn 0.3305839368134976 0.7892617034050242 -0.517474853745657
vn 0.6476138086290575 -0.641613707199723 -0.41100876585103946
vn 0.673517295224449 -0.0660016933615224 -0.7362188733705172
vn 0.12140088472528308 -0.5583040941977463 -0.8207060153245818
vn 0.43597055591568423 -0.5280643475031124 -0.7287507936672737
vn 0.673517295224449 -0.0660016933615224 -0.7362188733705172
vn -0.5641023512543499 0.5806024666369161 -0.5871024723542244
vn 0.7323691787418765 0.6698718018371107 0.12209486120411472
vn 0.569690422995437 0.5795902769094214 -0.5826902546459314
vn -0.5641023512543499 0.5806024666369161 -0.5871024723542244
vn -0.6601739540657163 0.7417707459936433 0.11809534606101696
vn -0.5641023512543499 0.5806024666369161 -0.5871024723542244
vn -0.6843093118201478 -0.6073082824067153 -0.40360552012632495
vn -0.6601739540657163 0.7417707459936433 0.11809534606101696
vn -0.6843093118201478 -0.6073082824067153 -0.40360552012632495
vn -0.5813094407774986 0.5742092758502527 0.5765093594994622
vn -0.5872408179881891 -0.5799403225926796 -0.5646392157118219
vn -0.5815121917134407 -0.5934124374262157 0.5565116800180462
vn -0.5843945541400792 0.5748945873673755 -0.5726946992133882
vn -0.5879823755860065 -0.5812825748777474 0.5624831500976117
vn -0.87899572531903 -0.37719816344831464 -0.29169857792264037
vn -0.877574386163719 -0.35648959954369774 0.32059064578765517
vn -0.5191117264497006 0.8390189584099371 -0.163003689808284
vn -0.45410389638234466 -0.432903717285744 -0.7787066346516881
vn -0.499105884693926 -0.7732090704742822 -0.3912046129587301
vn -0.39211417725861253 0.800128965786857 -0.4539164131221253
vn -0.499105884693926 -0.7732090704742822 -0.3912046129587301
vn -0.07060121762178855 0.7614130396435325 -0.6444110886158908
vn -0.07060121762178855 0.7614130396435325 -0.6444110886158908
vn 0.5661134040553811 0.5776137028631646 0.5881139549556126
vn 0.5900032506717144 0.5751032220004051 -0.5667031394315395
vn -0.5763127065560825 0.5804127907597295 0.5753126598507154
vn -0.5771151097650518 0.5852153212627313 -0.5696149382172404
vn 0.583415262591885 0.5685148168391901 -0.5800151156729829
vn 0.569908313802318 -0.5754084515397211 0.5866085813859689
vn 0.5977202925609837 -0.5619190626424347 -0.5718193936024377
vn 0.7586116056403124 0.41520633254414224 0.5021076908423833
vn 0.5786200556701978 -0.5838202627193043 -0.5695197380377434
vn -0.3020975982484052 -0.8513932847185395 0.42879659031844114
vn -0.3020975982484052 -0.8513932847185395 0.42879659031844114
vn -0.8468023879039045 0.127900367156894 0.5163014738710097
vn -0.5495122250691358 -0.7651169544591758 0.33560745000473846
vn -0.3020975982484052 -0.8513932847185395 0.42879659031844114
vn -0.4252828666026432 0.0710971282336593 0.9022636431393903
vn -0.8468023879039045 0.127900367156894 0.5163014738710097
vn 0.590114387386847 -0.5538134914682526 0.5874143567080992
vn -0.5487729257743877 0.6080699504027544 0.5736716930041172
vn -0.5958844186349747 -0.5517855663235566 0.5834847456661146
vn 0.5658284961253937 0.5997301275948629 0.5658284961253937
vn -0.5866951010524425 0.5671952638165717 0.5779951479944393
vn -0.5866951010524425 0.5671952638165717 0.5779951479944393
vn -0.5663890974555327 -0.5868886828492409 0.5785888559478054
vn 0.5799785047671466 -0.5741787346206358 0.5778786332072768
vn 0.5749135224584576 0.5797136629914849 0.5774136391144598
vn -0.5637979391167961 0.5468979961135968 -0.6188977829129668
vn -0.5798786830269242 -0.5741788101038355 0.5779787253858947
vn -0.575880641708183 0.5761806318827343 0.5799804875588354
vn -0.57758346099707 -0.5776834775856687 -0.576783447497563
vn -0.5798786830269242 -0.5741788101038355 0.5779787253858947
vn 0.5781831905427202 0.5772832200784921 0.576583282787186
vn -0.575880641708183 0.5761806318827343 0.5799804875588354
vn 0.5815017224518978 -0.5789017082416315 0.5716017485805979
vn 0.7715961160246863 0.022999884033568212 0.6356968137957444
vn 0.499509300956579 -0.5737106756373541 0.6491121004245725
vn 0.5629929675081731 -0.6247921932287822 -0.5409931920243631
vn -0.19989228601470438 -0.7309717716149216 -0.6524747834927865
vn -0.029200124796449255 -0.7499031843569496 -0.6609028421811929
vn -0.039700669350054195 0.7264122472513694 -0.6861115826863536
vn -0.19989228601470438 -0.7309717716149216 -0.6524747834927865
vn 0.2287008909959322 -0.6520025897337601 0.7229028464725651
vn -0.6845019135974797 -0.6507017900740576 -0.3287009441358596
vn 0.5629929675081731 -0.6247921932287822 -0.5409931920243631
vn -0.584790373985655 0.5715905672084536 0.575590515880896
vn 0.45801632883442217 0.589321008091565 0.665523697506693
vn -0.584790373985655 0.5715905672084536 0.575590515880896
vn 0.23140405221292684 -0.6426112680380179 0.7304128440888807
vn 0.5691970946707886 0.5747971296290694 0.5878970379143921
vn 0.5992288566657036 0.5617270448273209 -0.570427475187406
vn -0.561169640779536 0.5716690577539648 0.5985675589890087
vn 0.7628816792456417 0.32659214008172954 0.5579866642745019
vn 0.5655129502886371 -0.5789132068062838 0.5874134847286929
vn -0.5852068352880874 -0.5680066046464086 0.5787067107008175
vn -0.5842062718000216 -0.5837062484446661 -0.5639060626701694
vn 0.5655129502886371 -0.5789132068062838 0.5874134847286929
vn 0.482086381868273 0.867475494548931 0.12279652590462535
vn -0.2987027939178995 -0.38530360063645747 0.8731081125738223
vn -0.4683148968518454 0.007700244582990146 0.883528077437275
vn -0.9076171500925448 0.03980075299370753 0.4179078952580589
vn -0.6467976185126303 -0.6748975709682599 0.3551986900138183
vn -0.2987027939178995 -0.38530360063645747 0.8731081125738223
vn 0.07500220618084158 -0.5307156289958419 0.8442248457653649
vn 0.07500220618084158 -0.5307156289958419 0.8442248457653649
vn 0.5801121111014578 0.5743119830038447 0.5776120538316367
vn -0.5792815380309977 -0.5755816991106325 0.5771816069014666
vn -0.5780829044942909 0.5760829302941002 0.5778828713114859
vn -0.5792815380309977 -0.5755816991106325 0.5771816069014666
vn 0.6603825242236181 -0.6684823776688891 0.3420909710094541
vn 0.5675845051369643 -0.571984400731498 -0.5921838184620183
vn 0.5675845051369643 -0.571984400731498 -0.5921838184620183
vn 0.6603825242236181 -0.6684823776688891 0.3420909710094541
vn 0.37520156301642876 -0.406401704555157 0.8331034999594539
vn -0.005499826177020479 -0.9129711221023357 0.4079871102366159
vn 0.5729033605753272 0.582503403300335 -0.5766034378886619
vn 0.5800130701453658 0.5772130228741725 0.5748129823560069
vn -0.5792198937676737 0.5594191726576417 0.5929203183622607
vn -0.5647109225565909 0.5862113292210192 -0.5809112250922767
vn -0.5733734708753789 -0.571273599333906 -0.5872727965778809
vn -0.571883391463599 -0.5653835644298908 0.5943827147895904
vn -0.7253967926773657 -0.0473997878347958 -0.6866969879696629
vn -0.5811081722531767 -0.5733080697590645 -0.5776081277905531
vn -0.571883391463599 -0.5653835644298908 0.5943827147895904
vn 0.6009844796867237 -0.5471859264090195 0.582584944120238
vn -0.6774983199670958 -0.036899904527673576 0.7345981374109325
vn -0.6774983199670958 -0.036899904527673576 0.7345981374109325
vn 0.03800058297111078 0.6683102130935872 -0.7429114447689307
vn 0.47680357841859017 0.5925044509745626 0.649304876912656
vn 0.47680357841859017 0.5925044509745626 0.649304876912656
vn 0.37520156301642876 -0.406401704555157 0.8331034999594539
vn -0.5750143446876681 0.579014471946766 0.5780144848354746
vn -0.7334394939711433 -0.5295285502192507 -0.4262229735549834
vn -0.5495122250691358 -0.7651169544591758 0.33560745000473846
vn 0.6285020914845131 0.4122014087801292 0.6596022434765286
vn 0.6097239790608767 0.4739186418060413 -0.635324948594724
vn 0.6097239790608767 0.4739186418060413 -0.635324948594724
vn 0.5806929217377571 0.5813928590510121 -0.5698930374097906
vn -0.5833001290216262 0.5759001533296292 -0.572800115990093
vn 0.5692827698676491 0.5779824850007111 0.5846822854886404
vn 0.5692827698676491 0.5779824850007111 0.5846822854886404
vn 0.01619990744827346 -0.8179953179247901 -0.574996715513914
vn 0.5629929675081731 -0.6247921932287822 -0.5409931920243631
vn 0.5819032581435495 -0.577903190574858 -0.5722031985975972
vn 0.5869010194697567 -0.758701278285726 -0.2827004840338367
vn 0.9485591228196782 0.25301577515808316 0.1903118704566707
vn 0.8847226929717835 -0.3603092662098695 0.2957076076533384
vn 0.8847226929717835 -0.3603092662098695 0.2957076076533384
vn -0.5973622917158639 -0.5449655759914015 -0.5883628246416757
vn 0.5609010753810643 0.5861011429828565 -0.5847011491613083
vn 0.587101663567654 -0.5689015651643967 -0.5759015938418586
vn -0.5973622917158639 -0.5449655759914015 -0.5883628246416757
vn -0.6024971126911256 -0.5560972800058256 0.5724972003154072
vn -0.5491965816717783 0.6030962255886532 -0.5784963762727942
vn -0.5491965816717783 0.6030962255886532 -0.5784963762727942
vn 0.0456995655273454 0.4307959276394591 0.9012915279973898
vn 0.5873080958014577 -0.5797079673190871 -0.5648078197341445
vn 0.5873080958014577 -0.5797079673190871 -0.5648078197341445
vn -0.5778979857690758 0.5674980488546081 -0.586497981744403
vn -0.5723962087249408 -0.5755962628374462 -0.5839961664641984
vn 0.6228180474096126 -0.7452215488206749 -0.23820689115596977
vn 0.4985987193838664 0.8374978311688289 0.22359941819306278
vn -0.3588876297838732 0.5291817438401005 0.7688734298793682
vn 0.9485591228196782 0.25301577515808316 0.1903118704566707
vn -0.2676067007954443 0.7763194307430309 -0.5707142850325321
vn 0.36928942002346077 -0.45398699257206926 -0.8108767692036218
vn -0.45410389638234466 -0.432903717285744 -0.7787066346516881
vn 0.3305839368134976 0.7892617034050242 -0.517474853745657
vn -0.2676067007954443 0.7763194307430309 -0.5707142850325321
vn -0.7821045104327957 -0.4058023487821593 0.47290272623823976
vn 0.22560481895385934 -0.5513117354503452 0.8032171786133093
vn -0.5735095910081293 0.5805097387853361 -0.5780096817502879
vn -0.7239244146745335 -0.6809228846950619 0.11080373160092458
vn -0.584790373985655 0.5715905672084536 0.575590515880896
vn -0.5735095910081293 0.5805097387853361 -0.5780096817502879
vn 0.576906878735295 0.5817069596493408 -0.5734068942412707
vn -0.5708316071558068 -0.5806321606545615 -0.5805321440588229
vn -0.5708316071558068 -0.5806321606545615 -0.5805321440588229
vn -0.5735095910081293 0.5805097387853361 -0.5780096817502879
vn -0.6843093118201478 -0.6073082824067153 -0.40360552012632495
vn 0.5896430779771058 -0.5749419510379398 -0.5672413891196341
vn 0.571064934104895 0.5725648253468075 -0.5882638539051604
vn -0.575880641708183 0.5761806318827343 0.5799804875588354
vn 0.5781831905427202 0.5772832200784921 0.576583282787186
vn 0.5781831905427202 0.5772832200784921 0.576583282787186
vn -0.5800884182184279 0.5922881773151104 -0.5591888250507037
vn 0.56750667305484 -0.5840069077198664 -0.5804068467667369
vn 0.5852170398973532 0.5700165446647503 -0.5767167025691542
vn 0.5824157549844257 -0.5846157624057886 0.5648152783810119
vn 0.5845260353132706 0.5756256913480016 -0.5718254781846331
vn -0.6062012917971471 -0.4611010103498088 -0.6480014290708436
vn 0.5786823479171003 -0.5775823442265045 0.5757824032105948
vn 0.5786823479171003 -0.5775823442265045 0.5757824032105948
vn -0.5777158663527445 -0.5785158202800761 -0.5758157895108195
vn 0.5786804666988214 -0.5746806373303944 -0.5786804666988214
vn 0.5786823479171003 -0.5775823442265045 0.5757824032105948
vn 0.5768830823830028 0.5784829902712694 -0.5766830491934856
vn 0.577614845099888 0.5791148555935635 0.575314761457655
vn -0.5767830715579895 -0.5767830715579895 0.5784829960580194
vn 0.6476138086290575 -0.641613707199723 -0.41100876585103946
vn -0.590078249895506 0.569879010120404 -0.5718789844227932
vn 0.5746955030276343 -0.5729955786311868 -0.5842954267054687
vn -0.5778949548116574 -0.5708950453077307 -0.5831948803327377
vn -0.5767718349862644 0.593270996123891 -0.5615725915006391
vn 0.5778996426296252 0.5824996311521853 -0.5715996700105063
vn -0.5782043983910182 0.5815044095775683 -0.5723043729722186
vn 0.008099992727559714 0.7684992521475297 0.6397994135402919
vn -0.5785017937326472 0.5676018332434803 0.5858018722629266
vn -0.5821829294487755 0.4774859727762724 0.6580806808137881
vn 0.47680357841859017 0.5925044509745626 0.649304876912656
vn -0.5842062718000216 -0.5837062484446661 -0.5639060626701694
vn 0.34168419661489485 0.6512699207172464 0.6775687420126356
vn 0.6285020914845131 0.4122014087801292 0.6596022434765286
vn 0.6097239790608767 0.4739186418060413 -0.635324948594724
vn 0.2819029261618918 0.6882071775704839 -0.6685070089100275
vn 0.08370113786698274 0.7500101627201969 0.6561088898469493
vn 0.5649818816670394 -0.575381521344626 -0.5913810770417964
vn -0.31329703479808557 0.32229691896940527 0.8932914776317726
vn -0.5146074864912168 0.5106074188006887 0.6888099873788781
vn 0.5899702873985491 0.5749710766469858 0.566871520722535
vn 0.5654201157939239 0.5851208205808217 -0.5813206670835055
vn -0.5565988681145007 0.5857988241976009 0.5890988351561773
vn -0.5863223352136042 0.5853223481427463 -0.5600213103037489
vn 0.5070959892425271 0.633695002218406 0.5841954312193456
vn 0.20380481476321644 0.6477153706192671 0.7341174266715622
vn 0.2287008909959322 -0.6520025897337601 0.7229028464725651
vn 0.4986945644561089 -0.6912924586111711 0.5228943182415106
vn 0.20380481476321644 0.6477153706192671 0.7341174266715622
vn -0.5771153016466563 0.5758153243343535 -0.5791153951217427
vn -0.5754084515397211 0.5866085813859689 -0.569908313802318
vn -0.5795260839399051 -0.5824262073236898 0.5700256407003288
vn -0.5696766814628526 -0.5718766292358853 0.5902758673122878
vn 0.2819029261618918 0.6882071775704839 -0.6685070089100275
vn -0.6457277603023325 -0.18170783111198416 -0.7416319327587721
vn -0.7658152772246439 0.2758054885778457 -0.5809116057023457
vn -0.4489948575078627 0.07369915854664165 -0.8904897820643486
vn -0.3407851802645769 -0.8451632830886 -0.41178208536911703
vn 0.5774169449924548 0.5773169284005019 0.5773169284005019
vn 0.5778996426296252 0.5824996311521853 -0.5715996700105063
vn -0.5784075401955354 0.5682073981361929 0.5853076713560554
vn -0.07040308890940324 0.12350540879562064 0.9898433305681467
vn 0.8847226929717835 -0.3603092662098695 0.2957076076533384
vn 0.5775809092652727 0.5793808502673153 0.5750809713386661
vn 0.5895188487525068 -0.5704182421920616 0.5719183122964655
vn 0.5729033605753272 0.582503403300335 -0.5766034378886619
vn -0.5793817310137744 -0.5762818724290791 0.5763818294126878
vn 0.2882815779597583 0.6233600719215162 -0.7268534601575712
vn -0.5755805475698806 0.5764805181173722 -0.5799803837116237
vn 0.7172764057050279 0.6302792601844073 -0.2970902421828632
vn 0.2149045812684832 0.5544118022744108 0.8040171481060946
vn 0.5744127908736665 0.5796128786094743 0.5780128516138411
vn -0.574563278627716 0.5732634206381231 -0.5841627251124877
vn 0.2149045812684832 0.5544118022744108 0.8040171481060946
vn -0.32138800617647506 0.7756710051673213 0.5431797503852913
vn -0.32138800617647506 0.7756710051673213 0.5431797503852913
vn -0.5905945913105997 -0.5842946187593486 0.5565948501410457
vn 0.5977202925609837 -0.5619190626424347 -0.5718193936024377
vn 0.569908313802318 -0.5754084515397211 0.5866085813859689
vn -0.5905945913105997 -0.5842946187593486 0.5565948501410457
vn -0.5532388710488284 -0.5817408586264224 -0.5962418342964627
vn 0.6971240803233067 0.6002207622080494 -0.39211357187398155
vn -0.5829988089421271 0.5717988578328127 0.5771988002007211
vn 0.5769947883066596 0.5649948841960161 0.5897947058928926
vn 0.5775122417811858 0.5801123154944111 -0.5744121447223951
vn -0.5829988089421271 0.5717988578328127 0.5771988002007211
vn 0.5886004835675734 0.5785004770723816 -0.5647005124586355
vn 0.5584857053931488 -0.5816851452151448 0.5913849074059575
vn 0.5638040043029479 -0.5917042219742306 -0.5762040944230022
vn 0.5687117784760033 0.5849121410070867 0.578311940327335
vn -0.5814045974345289 -0.5783045600140414 -0.5723045779556193
vn -0.571900410915059 -0.5775003863401513 0.5826003980192278
vn -0.5750143446876681 0.579014471946766 0.5780144848354746
vn -0.5814045974345289 -0.5783045600140414 -0.5723045779556193
vn -0.5850685623915444 -0.5795688420164329 0.5672695432198196
vn -0.5591290799541692 -0.5816302514199907 -0.5908307055178519
vn 0.5828977785565924 -0.5776978097753667 0.5713977776772797
vn -0.5850685623915444 -0.5795688420164329 0.5672695432198196
vn 0.571399830286554 0.5820998170005485 0.5784998159000792
vn -0.5584973351512128 0.5848972439874983 0.5881971953391333
vn 0.5828977785565924 -0.5776978097753667 0.5713977776772797
vn -0.5763055556623038 -0.5822055809014972 0.5735055083256947
vn -0.582837449298013 0.5743369330748274 0.5748370160332296
vn 0.5693888615421541 -0.5799886534548944 0.5825886080377027
vn 0.3843885395444546 0.6533804681931525 0.6521805075671752
vn -0.5763055556623038 -0.5822055809014972 0.5735055083256947
vn 0.5809093069851631 0.5775092196566097 -0.5736091685717997
vn -0.5754084515397211 0.5866085813859689 -0.569908313802318
vn -0.5766808329541903 0.5755809484557987 0.579780810891482
vn 0.5825997600399905 0.5664997705998507 0.5827997336235339
vn 0.5825997600399905 0.5664997705998507 0.5827997336235339
vn 0.5722965750191186 0.5757964998841765 -0.583896412852929
vn 0.5717031403217064 0.5800032063791877 0.5803031965586272
vn -0.7488140378116299 0.43250807624704984 -0.5022094192240114
vn 0.5367034321949143 0.12470079886239907 0.8345053245086449
vn -0.5767718349862644 0.593270996123891 -0.5615725915006391
vn -0.5814045974345289 -0.5783045600140414 -0.5723045779556193
vn -0.5783159158867102 0.5779159091553213 -0.5758158589143701
vn -0.565300765218497 0.5649007584455943 0.6011008051491646
vn 0.5854834372131148 -0.5704839282171216 -0.5759837084458889
vn 0.7088052542920517 0.08870065102746331 0.699805191460655
vn 0.565823380020863 -0.5909243862223431 -0.5750237146322863
vn 0.5570736258278695 -0.5850722507071922 -0.5893720699688875
vn 0.6971240803233067 0.6002207622080494 -0.39211357187398155
vn 0.32459243008137606 0.011999719360721764 -0.9457778603187594
vn 0.4183871784064928 0.36528880114083623 -0.8315745671352295
vn -0.5840990658014856 -0.5332991041298079 0.6118989678567665
vn 0.009000358114992255 -0.7072281196809287 -0.7069281295056663
vn 0.5734092039697718 -0.578009252069093 -0.5806093259027796
vn 0.009000358114992255 -0.7072281196809287 -0.7069281295056663
vn 0.4730983594462829 -0.5969979065953404 0.647897709372411
vn 0.5728099995666738 0.5901103074788366 -0.5689099484133319
vn -0.5860828630035673 0.5738832229943981 -0.5719833249834332
vn 0.5651848416134229 0.5753845663460161 0.5911841469637164
vn -0.5792815380309977 -0.5755816991106325 0.5771816069014666
vn -0.5780829044942909 0.5760829302941002 0.5778828713114859
vn 0.5844107793804707 -0.5793107080135188 -0.5682104755500256
vn 0.5072907898207575 0.5757895217328313 -0.6411883352227407
vn -0.4339911917903215 -0.4127916376821503 0.8007838093443852
vn -0.48908154075276117 0.8520678515236986 0.18649295668923735
vn -0.877574386163719 -0.35648959954369774 0.32059064578765517
vn 0.5758889961158218 0.5848888207141343 0.571189050627146
vn -0.5636858227902263 0.5896851298868261 -0.5783854603771283
vn -0.568612043491826 -0.589812521732911 -0.573412184386689
vn -0.5892058469221776 0.5766057233428963 0.5660055739663122
vn -0.5636858227902263 0.5896851298868261 -0.5783854603771283
vn -0.4489948575078627 0.07369915854664165 -0.8904897820643486
vn -0.5491965816717783 0.6030962255886532 -0.5784963762727942
vn -0.5742830293518509 -0.5657832883016976 0.5916825778041629
vn -0.5458024070613545 -0.5854026000281718 -0.5995027342108521
vn -0.5742830293518509 -0.5657832883016976 0.5916825778041629
vn -0.5472993939377139 0.5741993877931735 -0.6088993647995996
vn 0.580110886421016 0.583810963819943 0.568010667135268
vn -0.5860828630035673 0.5738832229943981 -0.5719833249834332
vn -0.5816705494570287 0.5861702826510308 0.5639714280273149
vn 0.5876950327481542 0.5682951523561438 -0.5758951018125206
vn -0.5861144152589092 -0.5750141240176777 -0.57081402348391
vn 0.56750667305484 -0.5840069077198664 -0.5804068467667369
vn -0.5763055556623038 -0.5822055809014972 0.5735055083256947
vn 0.6630092703912247 0.4750066586294223 0.5786081416926374
vn 0.5367034321949143 0.12470079886239907 0.8345053245086449
vn -0.05020291151612288 -0.30801786704740586 0.9500550832740547
vn -0.33118859796078676 -0.7013758568534654 0.6311782790969882
vn -0.07040308890940324 0.12350540879562064 0.9898433305681467
vn -0.33118859796078676 -0.7013758568534654 0.6311782790969882
vn -0.05020291151612288 -0.30801786704740586 0.9500550832740547
vn 0.5799785047671466 -0.5741787346206358 0.5778786332072768
vn -0.40809661701562194 0.8357930878109615 0.36729697187401816
vn -0.8468023879039045 0.127900367156894 0.5163014738710097
vn 0.5758889961158218 0.5848888207141343 0.571189050627146
vn 0.5752048039413692 0.5826048392167139 0.574204697685449
vn 0.5763163902804196 -0.5775164105395798 -0.5782164074562627
vn 0.5904030489313712 0.5675029456132116 0.5739029940093265
vn 0.6084067251605593 0.5889065887013203 -0.5320059083916058
vn -0.5590209951595697 0.6024226536220448 0.5697213997857007
vn 0.571399830286554 0.5820998170005485 0.5784998159000792
vn -0.6845019135974797 -0.6507017900740576 -0.3287009441358596
vn -0.5730982236246764 0.5750982574150001 0.5837982702924619
vn 0.5777168427636913 0.5769168292827699 0.5774168526095058
vn 0.5693888615421541 -0.5799886534548944 0.5825886080377027
vn 0.56750667305484 -0.5840069077198664 -0.5804068467667369
vn 0.5833215616452084 0.5582206156364286 0.5900217792575815
vn 0.5979155912826152 -0.5576145662695301 -0.5758150234104739
vn 0.5469804005102743 0.5970786372124319 -0.5867789553504497
vn 0.05440009835021485 0.7026012754408639 0.7095012875593377
vn -0.039700669350054195 0.7264122472513694 -0.6861115826863536
vn -0.5960054182219244 0.5612050688133726 0.5743051559826767
vn -0.578676121893697 0.5732762990992253 0.5800760560833095
vn -0.5795260839399051 -0.5824262073236898 0.5700256407003288
vn 0.7628816792456417 0.32659214008172954 0.5579866642745019
vn 0.5818714489438829 -0.5727718462602959 0.5773716558989697
vn 0.5818714489438829 -0.5727718462602959 0.5773716558989697
vn 0.5769835268521977 -0.5777834808110853 0.5772835170373614
vn 0.5777168427636913 0.5769168292827699 0.5774168526095058
vn -0.5650070939260228 -0.5790072713926399 0.5878074204088618
vn -0.461595573763613 -0.6067942103278994 0.647093743281746
vn -0.7239244146745335 -0.6809228846950619 0.11080373160092458
vn -0.461595573763613 -0.6067942103278994 0.647093743281746
vn -0.461595573763613 -0.6067942103278994 0.647093743281746
vn 0.6451912760785045 0.5923919945465815 -0.48249346323998427
vn -0.5863223352136042 0.5853223481427463 -0.5600213103037489
vn 0.5625883920349304 -0.5734881741836855 -0.5954877120638294
vn -0.5787057357197607 -0.5589055513396038 -0.5939059320522265
vn 0.5654201157939239 0.5851208205808217 -0.5813206670835055
vn -0.5778979857690758 0.5674980488546081 -0.586497981744403
vn -0.558701257959518 0.5853013199106416 -0.5876012842611161
vn 0.04170147593457817 0.7016248520216648 -0.7113252096829235
vn 0.5625883920349304 -0.5734881741836855 -0.5954877120638294
vn -0.6024971126911256 -0.5560972800058256 0.5724972003154072
vn -0.5565084218461264 0.6055091618928382 0.56890863174869
vn -0.5642307012230549 0.5883320164925426 0.5792315203501605
vn -0.5642307012230549 0.5883320164925426 0.5792315203501605
vn 0.5646105407769053 0.5812108515767205 -0.5860109924336523
vn -0.5729083485975404 0.5798084207761688 -0.5793083974052892
vn 0.5652123685523195 0.5870128865722851 0.5796126719056016
vn 0.5966046609407946 0.5792045166909188 -0.5555042811613236
vn 0.5893259602326772 0.5859258729004464 0.5562245805982353
vn -0.577371124979436 0.5819708750574594 -0.5726713583066954
vn -0.5883235960445642 0.5801232494113198 0.5633226090169329
vn 0.5675084813870628 0.5824087475316754 0.5820087407868847
vn 0.5720462747001834 0.5614453503047959 -0.5979483073165834
vn -0.5712632366466908 -0.5832624261423951 0.5774627751694772
vn -0.32138800617647506 0.7756710051673213 0.5431797503852913
vn -0.5751808840063741 -0.5772808152312331 -0.579580720037864
vn 0.5549750301147944 -0.5808738441905414 0.5954731673924405
vn 0.56190258283122 -0.5938026907023335 -0.5759026410099826
vn 0.5720462747001834 0.5614453503047959 -0.5979483073165834
vn 0.5675084813870628 0.5824087475316754 0.5820087407868847
vn 0.5672767604367566 -0.5927756863840794 -0.5716765367760535
vn 0.5593963466059543 -0.5806961841201637 0.5914961277575636
vn -0.5885917610012673 -0.5794919207034239 0.5636921613087089
vn -0.5760017095165155 -0.5830017386737931 -0.5730017481102355
vn -0.558123460635302 -0.5849246291353 0.5885247496235027
vn -0.564402624229797 0.587702734878089 0.579702659282613
vn -0.5833001290216262 0.5759001533296292 -0.572800115990093
vn -0.5835946649375914 -0.582294687668219 -0.5659948442960868
vn -0.5861807468078198 -0.5710812213496557 0.5746811034770608
vn -0.564402624229797 0.587702734878089 0.579702659282613
vn -0.564402624229797 0.587702734878089 0.579702659282613
vn -0.5861807468078198 -0.5710812213496557 0.5746811034770608
vn 0.5692827698676491 0.5779824850007111 0.5846822854886404
vn -0.5146074864912168 0.5106074188006887 0.6888099873788781
vn 0.5792818820400031 -0.576282039792889 0.5764820133814575
vn 0.5794687765955028 0.5809686678504337 -0.5715691943474595
vn -0.5842852770068766 0.578085500324572 -0.5695856997743948
vn 0.5749996349497152 -0.5692996427252506 0.5875996397212955
vn -0.3407851802645769 -0.8451632830886 -0.41178208536911703
vn -0.5800884182184279 0.5922881773151104 -0.5591888250507037
vn 0.07129794866962329 0.3682893988100873 0.9269733120428053
vn -0.5146074864912168 0.5106074188006887 0.6888099873788781
vn 0.5876899490326899 0.567290320585132 0.5768901246999921
vn 0.5876899490326899 0.567290320585132 0.5768901246999921
vn 0.5665850917736596 -0.5878844527621387 0.5773847971503877
vn 0.5724142913354393 0.5696142438774073 -0.5898147948694711
vn -0.5885917610012673 -0.5794919207034239 0.5636921613087089
vn -0.5708316071558068 -0.5806321606545615 -0.5805321440588229
vn -0.5472993939377139 0.5741993877931735 -0.6088993647995996
vn -0.5590209951595697 0.6024226536220448 0.5697213997857007
vn 0.5899702873985491 -0.5749710766469858 0.566871520722535
vn 0.5748809630609498 0.5781808550409765 0.5789808089861012
vn -0.05020291151612288 -0.30801786704740586 0.9500550832740547
vn -0.3588876297838732 0.5291817438401005 0.7688734298793682
vn -0.6646156834331818 0.6191145709933162 0.41830986280316973
vn -0.33118859796078676 -0.7013758568534654 0.6311782790969882
vn 0.5808348615324336 -0.5892354208993917 -0.5616337617933197
vn -0.5645051967906342 0.5800053244373893 0.5873054626177475
vn -0.574563278627716 0.5732634206381231 -0.5841627251124877
vn -0.5751808840063741 -0.5772808152312331 -0.579580720037864
vn -0.574563278627716 0.5732634206381231 -0.5841627251124877
vn 0.5765035894404212 -0.5825036309336183 -0.573003604972483
vn -0.48908154075276117 0.8520678515236986 0.18649295668923735
vn 0.5646105407769053 0.5812108515767205 -0.5860109924336523
vn 0.5876950327481542 0.5682951523561438 -0.5758951018125206
vn -0.5780829044942909 0.5760829302941002 0.5778828713114859
vn -0.5720993333211947 -0.5767993384190466 0.5830993706160165
vn 0.7787948523821543 0.587696110670133 0.21929856225305536
vn 0.572970205482942 0.5764700113734293 -0.5825697122370449
vn 0.7628816792456417 0.32659214008172954 0.5579866642745019
vn 0.9340403385922785 -0.35428293525909704 0.04530174021624485
vn 0.9340403385922785 -0.35428293525909704 0.04530174021624485
vn 0.9340403385922785 -0.35428293525909704 0.04530174021624485
vn -0.5773836061273234 0.5773836061273234 -0.5772835895388123
vn 0.5773169284005019 0.5773169284005019 -0.5774169449924548
vn 0.565823380020863 -0.5909243862223431 -0.5750237146322863
vn -0.5885899146135907 -0.5634903387562455 -0.5796900469591812
vn -0.5600894530463619 0.5846889448974968 0.5868889522736641
vn -0.5789144874608118 -0.5781145335725623 0.5750144365841301
vn 0.5831129521403512 -0.5681125492889184 0.5807128519213353
vn 0.5893259602326772 0.5859258729004464 0.5562245805982353
vn -0.5808092442751138 -0.5735091056922247 -0.5777092066538977
vn -0.5786162922358443 -0.5767162154644363 0.5767162154644363
vn -0.5829267558928379 0.5787265957777794 0.5703261563383836
vn -0.5603943176149268 0.5851940208788715 -0.5860939913636032
vn 0.5855081291360986 -0.5821080420037282 0.5642078146836779
vn 0.5563965293446193 -0.588396354934195 -0.586696370905271
vn 0.5775122417811858 0.5801123154944111 -0.5744121447223951
vn 0.5769947883066596 0.5649948841960161 0.5897947058928926
vn -0.5794125849417686 -0.5742124372644724 0.578412597807043
vn -0.5571088483649854 0.5875093016864267 0.5869093213652063
vn -0.5842852770068766 0.578085500324572 -0.5695856997743948
vn -0.5785163250782009 -0.5770163146889552 -0.5765162913576597
vn -0.5785017937326472 0.5676018332434803 0.5858018722629266
vn -0.5782043983910182 0.5815044095775683 -0.5723043729722186
vn -0.5865777969107934 -0.5803780201627392 -0.5648786080949243
vn -0.5352005091614966 -0.5938005742877569 0.6008005434158702
vn 0.5904030489313712 0.5675029456132116 0.5739029940093265
vn -0.5590209951595697 0.6024226536220448 0.5697213997857007
vn -0.5742830293518509 -0.5657832883016976 0.5916825778041629
vn 0.5878098522003865 -0.578709653586344 0.5653093971464948
vn -0.5830915349942757 0.5787915964780039 -0.5700917028553062
vn -0.5786157849209106 -0.5776157977950371 -0.5758157375219622
vn -0.5796119546943788 -0.5740118604980236 0.5784119345094455
vn -0.5603940697114486 0.5848938420037887 0.5863937927862874
vn 0.5847867309999121 -0.5703870247100655 -0.5767868941722196
vn 0.0023998954860614294 -0.7840658738181712 -0.6206729783190209
vn 0.04929864423721961 -0.0047998680998221 -0.9987725491535079
vn -0.5422999630527644 -0.5765999908864066 -0.6110999922948505
vn -0.5594117877007109 0.5751120673553267 -0.5969125243817361
vn 0.5845260353132706 0.5756256913480016 -0.5718254781846331
vn 0.5752048039413692 0.5826048392167139 0.574204697685449
vn 0.579193817497171 -0.5665939323161072 0.5860937106262311
vn 0.9997856131823356 0.020699702432874265 0.000499992811544678
vn 0.5843135849848171 -0.5686132459517873 -0.579013480784656
vn 0.571203953117926 0.5908041062949074 -0.5698039592066118
vn 0.605270267587831 0.6772667110475811 0.4182794583540385
vn 0.6561134402865411 0.16360334915560912 0.7367150722093498
vn 1.0 -0.0 -0.0
vn 0.5787808448847509 -0.5843806418016714 0.5687811521859356
vn 0.5759177683935891 -0.5706176042813604 -0.585418033317004
vn 0.5784159780511144 0.5844161390994114 -0.5691157463076473
vn -0.5897917441040557 -0.5645920936952951 -0.5773919520771478
vn -0.577371124979436 0.5819708750574594 -0.5726713583066954
vn -0.020900199204692663 -0.012000114665545871 -0.9997095472792176
vn 0.5720462747001834 0.5614453503047959 -0.5979483073165834
vn 0.56190258283122 -0.5938026907023335 -0.5759026410099826
vn -0.2087052934629687 0.963124395920762 -0.16980429459469898
vn 0.24929897999157363 0.8036966604569328 -0.5402977850644352
vn 0.005299890629801173 0.014599699770383454 -0.9998793726874892
vn 0.24929897999157363 0.8036966604569328 -0.5402977850644352
vn 0.5631887271873409 -0.5928881121170991 -0.575588519759841
vn 0.005299890629801173 0.014599699770383454 -0.9998793726874892
vn -0.5848902601515372 -0.5717904715588686 -0.5752903964211065
vn -0.5726066965748026 0.5806068313565628 -0.5788067712283467
vn -0.2087052934629687 0.963124395920762 -0.16980429459469898
vn -0.5822641317445263 -0.5861638844818867 -0.5633652291479289
vn -0.5979147434756151 0.5720141416490511 -0.5615138300059838
vn -0.04249984459449636 -0.0004999981682759771 -0.9990963483124514
vn 0.5655181294079046 0.5749183777461868 -0.5913189530538298
vn 0.5649818816670394 -0.575381521344626 -0.5913810770417964
vn 0.6451912760785045 0.5923919945465815 -0.48249346323998427
vn 0.5354179473294114 0.8238277025006018 0.18610625532243605
vn 0.9997783400430258 -0.004799895966510078 0.020499555593290687
vn 0.5819933611912986 0.5658935516936535 0.5839933353051189
vn 0.5792818820400031 -0.576282039792889 0.5764820133814575
vn 0.5764162952499913 -0.5784163886462347 -0.5772163683712743
vn 0.5841225044676699 0.5893227113975299 0.558121529423011
vn -0.5732687582622092 0.5756686200207586 0.5830682384797685
vn 0.02189949418512778 0.012899702704903334 0.9996769527325118
vn -0.5739114338717829 -0.5783115079383251 0.579811577891762
vn 0.5810078006407137 -0.5731077419289075 0.5779078228712512
vn 0.7586116056403124 0.41520633254414224 0.5021076908423833
vn 0.20339535748270657 0.6998840254359483 0.6846843648675315
vn 0.01870068590046325 0.013300486836882943 0.999736656023352
vn -0.6180077303657916 0.5551070072347535 0.5567069747425465
vn -0.5905945913105997 -0.5842946187593486 0.5565948501410457
vn 0.569908313802318 -0.5754084515397211 0.5866085813859689
vn 0.5728099995666738 0.5901103074788366 -0.5689099484133319
vn 0.5668066176071435 -0.5720067056607159 -0.5929068956555696
vn -0.02189981899737704 0.011699902623802863 -0.99969170758113
vn -0.5894828647611865 -0.5789831496457917 -0.563283644871022
vn -0.5860828630035673 0.5738832229943981 -0.5719833249834332
vn -0.5787057357197607 -0.5589055513396038 -0.5939059320522265
vn -0.5766923568176056 -0.5875922573468438 0.5675925164184213
vn -0.9997227889134306 0.011400260398209195 0.020600470625827365
vn -0.5565988681145007 0.5857988241976009 0.5890988351561773
vn -0.5863223352136042 0.5853223481427463 -0.5600213103037489
vn 0.5584857053931488 -0.5816851452151448 0.5913849074059575
vn 0.5687117784760033 0.5849121410070867 0.578311940327335
vn -0.5800761121128585 0.5678765920141304 0.5839759245024124
vn -0.6183936664383034 -0.5879939859640949 0.5213946161776588
vn 0.5638040043029479 -0.5917042219742306 -0.5762040944230022
vn 0.5584857053931488 -0.5816851452151448 0.5913849074059575
vn -0.6183936664383034 -0.5879939859640949 0.5213946161776588
vn -0.5688053215568587 -0.5767053805662098 -0.5864054997990571
vn -0.5839328389383319 -0.5869330388459096 0.5608315678708946
vn 0.5765929313711832 -0.5609930842834393 0.5939927195504504
vn -0.04440060451778677 0.0005000068721331123 0.9990136817439405
vn 0.5651848416134229 0.5753845663460161 0.5911841469637164
vn -0.5816705494570287 0.5861702826510308 0.5639714280273149
vn 0.5841920668585965 -0.5950918484735184 -0.5518924903455855
vn 0.5863757431148623 -0.5697765060406732 0.575776190069176
vn -0.5784829036144894 -0.5771829859666427 0.576382972455276
vn -0.5633082996495895 -0.5907086145091287 -0.5777084838312432
vn 0.594287109163633 0.5710876123799266 -0.5662877103276452
vn 0.5841920668585965 -0.5950918484735184 -0.5518924903455855
vn -0.5633082996495895 -0.5907086145091287 -0.5777084838312432
vn -0.5637979391167961 0.5468979961135968 -0.6188977829129668
vn -0.5723962087249408 -0.5755962628374462 -0.5839961664641984
vn -0.5506013062608152 -0.5783013729622806 0.60200143153802
vn -0.9989238297097413 -0.030200719578542777 0.035200837702560446
vn -0.5960054182219244 0.5612050688133726 0.5743051559826767
vn -0.5778979857690758 0.5674980488546081 -0.586497981744403
vn -0.7246013929079467 0.009600019147747657 0.6891013430753321
vn -0.5968800728515616 -0.5595813342365636 0.5749807901197583
vn 0.5549750301147944 -0.5808738441905414 0.5954731673924405
vn 0.5675084813870628 0.5824087475316754 0.5820087407868847
vn -0.5883235960445642 0.5801232494113198 0.5633226090169329
vn -0.5883235960445642 0.5801232494113198 0.5633226090169329
vn 0.5902907521191865 -0.5764909663163461 -0.5649911448139792
vn 0.5913844730534803 -0.561285200193658 0.5789847399326019
vn 0.0016999497229862404 -0.9999704313122286 0.007499778141709458
vn -0.589283678522973 -0.5686842546010329 0.5738841039750976
vn -0.5723056809984463 -0.5792057531164454 -0.5805057304228063
vn -0.5811081722531767 -0.5733080697590645 -0.5776081277905531
vn 0.5688178649186992 -0.6094191788173917 -0.5523173915774049
vn -0.025399142219367822 -0.9989663104139768 0.03769872985137325
vn 0.6009844796867237 -0.5471859264090195 0.582584944120238
vn -0.571883391463599 -0.5653835644298908 0.5943827147895904
vn -0.5590753611212056 -0.5785745440173315 -0.5938739239959356
vn -0.5851113300706379 0.5781111816540232 -0.5687109925696514
vn 0.5786017985781732 0.5817018359462368 -0.5717017865451188
vn 0.5873080958014577 -0.5797079673190871 -0.5648078197341445
vn -0.5590753611212056 -0.5785745440173315 -0.5938739239959356
vn -0.5590753611212056 -0.5785745440173315 -0.5938739239959356
vn -0.0 -1.0 -0.0
vn -0.0 1.0 -0.0
vn -0.6015270916478779 -0.5722258060597064 0.5574251383755174
vn 0.5686629228430089 -0.5690628699963611 0.5939612194202165
vn 0.5867286573124881 -0.5818283809417315 -0.5632275009434539
vn 0.9998213514294315 0.011500244805480904 0.015000319837896538
vn 0.5695215564429021 0.5831220849238005 -0.5793218715196019
vn 0.5717031403217064 0.5800032063791877 0.5803031965586272
vn 0.5692000077886191 0.5752000494222338 0.5875000036409326
vn -0.5938241291995329 0.5725232179769267 0.5653229771181787
vn -0.04249984459449636 0.0004999981682759771 0.9990963483124514
vn -0.5885917610012673 -0.5794919207034239 0.5636921613087089
vn 0.5593963466059543 -0.5806961841201637 0.5914961277575636
vn -0.5753135342831044 -0.5800136582704704 -0.5767135280972602
vn 0.5680069740512569 -0.5851071884588509 -0.5788070969182335
vn 0.5851712690387452 -0.597470687209596 0.5482730741308364
vn -0.5469930469484477 -0.5743927046098753 0.608992304944
vn 0.5851712690387452 -0.597470687209596 0.5482730741308364
vn 0.6109054183788873 0.5732050664167984 0.5461048632171576
vn -0.565300765218497 0.5649007584455943 0.6011008051491646
vn -0.5469930469484477 -0.5743927046098753 0.608992304944
vn 0.5787834746806589 -0.5840833405373653 0.5690837730451422
vn 0.5751118201533566 -0.5807119150825769 -0.5762118238990062
vn 0.9997174602439279 -0.013300231613470555 0.019700343206617666
vn 0.5992288566657036 0.5617270448273209 -0.570427475187406
vn 0.5691970946707886 0.5747971296290694 0.5878970379143921
vn -0.6193308803380893 -0.5985298130760757 -0.5081253029704045
vn -0.5923125389780975 0.5614118836483702 -0.577912236475149
vn 0.5512010711140419 0.5416010284094575 -0.6347012724333796
vn 0.5407875534005865 -0.5966863364873204 -0.5928863617392023
vn -0.6193308803380893 -0.5985298130760757 -0.5081253029704045
vn 0.5407875534005865 -0.5966863364873204 -0.5928863617392023
vn 0.5717011975765348 -0.5783012195341476 0.5820012372623221
vn -0.5806856454939495 -0.582385629480786 0.568885893384204
vn 0.5859176643212087 -0.5718172316204132 -0.5742173319034756
vn 0.5722383106500648 -0.5806389294536551 0.5791387997943787
vn -0.0 -1.0 -0.0
vn -0.5714348182342756 -0.5804353574275871 0.5801353672699758
vn -0.5814422196627846 -0.5739416905959012 -0.576641900133465
vn 0.7508128991844761 -0.011700201020306748 0.6604113079848695
vn 0.570599723552041 0.5955997588227515 0.5653997548395424
vn -0.018400453356381075 0.020300500261462844 0.9996245860348844
vn 0.02410098919843688 0.7810320877437819 0.6240256567115219
vn -0.5527931888971406 0.534293457411305 0.6394921357424221
vn -0.7695367077313198 -0.009600458343613229 0.6385304116904957
vn -0.5840990658014856 -0.5332991041298079 0.6118989678567665
vn 0.0023999944149835106 -0.7379982129910703 0.6747983977817338
vn 0.5115122526351276 -0.5668135583614381 0.645815457744534
vn 0.5812058175856906 -0.564205620019763 0.5864058457609915
vn 0.5973066020777906 0.5688062838881962 0.5654062561765518
vn 0.020100399076787383 0.012500248367419524 0.9997198196233317
vn -0.5573120663023428 0.5866127557356265 0.587612742852014
vn -0.5704964505478805 -0.5799963572256813 0.5814963675872876
vn 0.04919982142642749 -0.8510969554848742 -0.5226981441864756
vn -0.5332752795558616 -0.5398750035185662 -0.6512698801498852
vn 0.012599779913742972 -0.03279942938317723 -0.9993825308550591
vn -0.7959853361219639 -0.012399772102186601 -0.605188888142056
vn -0.5846283628133512 0.5533268665618937 -0.5933287926057331
vn -0.0031998915803078034 0.819772284547797 -0.5726806808171199
vn 0.5893839296067344 0.5421852788011348 -0.5988837174048564
vn 0.7572192832935764 -0.10530268710947795 -0.6446163984075227
vn 0.5675845051369643 -0.571984400731498 -0.5921838184620183
vn -0.5684093629548094 0.5851095705442478 0.5784095318741158
vn -0.5866033785481626 0.5686033130209137 -0.5767033454884078
vn -0.99983996440635 -0.00990039612806222 0.014900595035642429
vn -0.5705070897198543 -0.5970073734883939 -0.5640069650100711
vn -0.5733278896873536 -0.5650274661997459 0.5933288239640317
vn 0.36928942002346077 -0.45398699257206926 -0.8108767692036218
vn 0.9403142749889216 -0.2883044013041632 -0.18080275562254797
vn -0.0 -1.0 -0.0
vn 0.8946103639412636 -0.37730438767073415 0.23940278981935953
vn 0.4269219076292174 -0.42132160456221096 0.8001411065026932
vn -0.4339911917903215 -0.4127916376821503 0.8007838093443852
vn -0.877574386163719 -0.35648959954369774 0.32059064578765517
vn -0.87899572531903 -0.37719816344831464 -0.29169857792264037
vn -0.45410389638234466 -0.432903717285744 -0.7787066346516881
vn 0.5871827558807237 0.5657834368676385 -0.5788829879712837
vn 0.585078584010396 -0.5779788365110796 -0.5688791744102508
vn 0.02199987010954359 0.01129993359680133 -0.9996941118241475
vn -0.564940750199497 -0.5674409266274779 -0.5990431900557578
vn -0.5653407559634861 0.5922427162694816 -0.574141441347322
vn 0.5695790914867708 0.5765788817501514 -0.585778500510944
vn 0.571399830286554 0.5820998170005485 0.5784998159000792
vn 0.99979996002751 0.01999999822491425 0.0001999999816670659
vn 0.5828977785565924 -0.5776978097753667 0.5713977776772797
vn 0.5854834372131148 -0.5704839282171216 -0.5759837084458889
vn 0.5065757328780733 -0.5720725312843673 -0.6450690240655952
vn 0.00960012047858911 -0.7448092607503707 -0.6672083653457013
vn -0.0 0.011000434125505302 -0.9999394933940006
vn -0.518290186758595 -0.5616893985780745 -0.6448878211245282
vn -0.7604544805572017 -0.012999222693828923 -0.6492611209750918
vn -0.49067783902885764 0.5858735747698619 -0.6449708618785454
vn -0.011999192903845874 0.7588489224727529 -0.6511561504213855
vn 0.5072907898207575 0.5757895217328313 -0.6411883352227407
vn 0.7671974928366271 0.0040999866796237495 -0.6413978461878558
vn -0.5788974045253854 -0.582197415614591 0.5708975076889576
vn -0.5829988089421271 0.5717988578328127 0.5771988002007211
vn -0.9997322218936857 0.012300396117228623 -0.01960063169578414
vn -0.558701257959518 0.5853013199106416 -0.5876012842611161
vn -0.5798143526949386 -0.5761142753000263 -0.5761142753000263
vn -0.501599928583615 -0.5772999077408452 0.644299874412004
vn -0.0018999313597734047 -0.733973508048281 0.6791754410637418
vn 0.007800292995151116 0.008000301486929927 0.9999375733541108
vn 0.499509300956579 -0.5737106756373541 0.6491121004245725
vn 0.7715961160246863 0.022999884033568212 0.6356968137957444
vn 0.5313198631914285 0.5870218945365977 0.6108228043491052
vn 0.02449985034130268 0.7341955340108346 0.6784958917869724
vn -0.5175869413624072 0.564285749570051 0.6431837614269141
vn -0.7694182937541553 0.006200147268520245 0.6387151535780977
vn 0.5654201157939239 0.5851208205808217 -0.5813206670835055
vn 0.5899702873985491 0.5749710766469858 0.566871520722535
vn 0.9992312114230532 0.0005000156194643836 -0.03920122577672701
vn 0.5890130616625195 -0.5758127794637715 0.5670125714630592
vn 0.5625883920349304 -0.5734881741836855 -0.5954877120638294
vn -0.5882959400565497 0.56999606230496 -0.5735960040567059
vn -0.5921136755515478 -0.5810133237061375 -0.5584128516615493
vn -0.9992312114230532 0.0005000156194643836 0.03920122577672701
vn -0.5650070939260228 -0.5790072713926399 0.5878074204088618
vn -0.5645051967906342 0.5800053244373893 0.5873054626177475
vn -0.5687957222667517 0.5751957707931753 -0.5878956128367426
vn 0.5996891051635078 0.5692896645014418 -0.5623897714575072
vn 0.021899633984280516 0.012399793043147917 -0.9996832754246926
vn 0.5645780019763849 -0.5813773328438347 -0.5858771855429618
vn -0.5702870830004403 -0.57698700240241 -0.5846867896759171
vn -0.5778949548116574 -0.5708950453077307 -0.5831948803327377
vn -0.5783163085606258 -0.5762162581924111 0.5775162950493671
vn -1.0 -0.0 -0.0
vn -0.5784075401955354 0.5682073981361929 0.5853076713560554
vn -0.5767718349862644 0.593270996123891 -0.5615725915006391
vn -0.5796999630283396 0.5851999813393597 0.5669999424209448
vn -0.6015270916478779 -0.5722258060597064 0.5574251383755174
vn -0.05869984849755794 0.012499967133493743 0.9981974146470353
vn 0.5559827057112093 -0.5667823520262308 0.6079810822563942
vn 0.5668213381072376 0.5775217427769432 0.5875220908920811
vn 0.5896430779771058 -0.5749419510379398 -0.5672413891196341
vn 0.5891967380281081 0.5778967703304387 -0.5646968449873658
vn 0.9992625032084892 -0.0 0.03839856353438419
vn 0.5659995254771867 0.5757995416294662 0.5899995127276767
vn 0.5655129502886371 -0.5789132068062838 0.5874134847286929
vn 0.5794687765955028 0.5809686678504337 -0.5715691943474595
vn 0.5777829926171544 0.5780829827964215 0.5761830251261812
vn 1.0 -0.0 -0.0
vn 0.5769835268521977 -0.5777834808110853 0.5772835170373614
vn 0.5757261763627523 -0.5718260062716453 -0.5844265466268155
vn -0.6024971126911256 -0.5560972800058256 0.5724972003154072
vn -0.5973622917158639 -0.5449655759914015 -0.5883628246416757
vn 0.0016999616561366876 -0.9999774307616651 -0.006499853665029258
vn 0.587101663567654 -0.5689015651643967 -0.5759015938418586
vn 0.5939191735715932 -0.5601180972801799 0.5775185991492106
vn -0.5815121917134407 -0.5934124374262157 0.5565116800180462
vn 0.5677044055705447 -0.5789044156843285 0.5853045236430184
vn -0.021399511366729258 -0.013699686373906105 0.999677137633207
vn 0.5819002161940146 0.5714002027770899 0.5787002217553225
vn -0.5813094407774986 0.5742092758502527 0.5765093594994622
vn 0.5769835268521977 -0.5777834808110853 0.5772835170373614
vn 0.5768834583291674 -0.5778834453912509 -0.577283465074929
vn 1.0 -0.0 -0.0
vn 0.5777168427636913 0.5769168292827699 -0.5774168526095058
vn 0.5777168427636913 0.5769168292827699 0.5774168526095058
vn -0.5729164794381753 -0.5627161582673805 -0.5959171358611589
vn -0.5771151097650518 0.5852153212627313 -0.5696149382172404
vn -0.0 -0.00019999999094757546 -0.9999999800000017
vn 0.5649275727664498 0.568627769475363 -0.5979291741583455
vn 0.5844107793804707 -0.5793107080135188 -0.5682104755500256
vn 0.5689985760308895 -0.5715985902443852 0.5911985048234234
vn 0.5657943115706464 0.575494192010633 0.5904940575114427
vn -0.04249984459449636 0.0004999981682759771 0.9990963483124514
vn -0.581603045927705 0.5863031105520402 0.5639029699554863
vn -0.5939988780356251 -0.5758989749186811 0.5616989439014736
vn 0.5865098488872763 -0.5753096599559608 0.5701096318424914
vn 0.5622994363852972 -0.5699994028983285 -0.5990993444632753
vn 0.9997425399395747 -0.01160049313319116 -0.019500830603713392
vn 0.5839188156357235 0.5856189189353787 -0.5622181947709735
vn 0.5864087994020497 0.569608574464135 0.5759086662664337
vn 0.564613754801473 -0.5839142154556867 -0.5833142351063892
vn 0.56189834156717 0.5794982815806069 -0.5902982258055565
vn 0.9992312563912794 -0.0004000124902901335 -0.03920122754089287
vn 0.5908028520527989 0.5689027941224741 0.5721027887066453
vn 0.5899702873985491 -0.5749710766469858 0.566871520722535
vn 0.5570736258278695 -0.5850722507071922 -0.5893720699688875
vn 0.5783822108315011 0.5780822206765536 -0.5755822828504447
vn 0.9997452545089835 -0.011700528963284173 -0.019300873263848096
vn 0.5788038121526429 0.5720037569442328 0.5812037930702544
vn 0.5839853093856252 -0.5785854267705537 0.5693856885719132
vn -0.5891358633657765 -0.5616342216828211 -0.5809353970373925
vn 0.5882027767292702 -0.5647026917641779 -0.5789027235747543
vn 0.0016999616561366876 -0.9999774307616651 0.006499853665029258
vn 0.590114387386847 -0.5538134914682526 0.5874143567080992
vn -0.5958844186349747 -0.5517855663235566 0.5834847456661146
vn -0.5960132754543487 0.5732127119170608 -0.5623125130911347
vn 0.5733184460601787 0.5666182287498688 -0.5918190114008703
vn -0.0217998926164911 -0.011599942279142687 -0.9996950565152505
vn 0.5672767604367566 -0.5927756863840794 -0.5716765367760535
vn -0.5760017095165155 -0.5830017386737931 -0.5730017481102355
vn -0.5879823755860065 -0.5812825748777474 0.5624831500976117
vn -0.5820042189539936 0.5726041497272294 0.5774041711270439
vn -0.9997340965249486 -0.01130038584877164 -0.020100684692654056
vn -0.5853228352459905 0.5736223247002135 -0.5730223443681038
vn -0.5654942634805097 -0.5759940978365516 -0.5902940260819967
vn 0.6084067251605593 0.5889065887013203 -0.5320059083916058
vn 0.6096027280510194 -0.5659025709816596 -0.5551025077488865
vn 0.09929888919612796 0.011699868683667672 -0.9949888661071541
vn -0.5458024070613545 -0.5854026000281718 -0.5995027342108521
vn -0.5472993939377139 0.5741993877931735 -0.6088993647995996
vn 0.5966046609407946 0.5792045166909188 -0.5555042811613236
vn 0.5709995435137025 -0.5803995533061344 -0.5805995864872651
vn 0.021200217100291092 0.011400116496599626 -0.9997102520924573
vn -0.5782831981790292 -0.5766832306787061 -0.5770831778503027
vn -0.5694186382493536 0.5785188961123235 -0.584019093228321
vn -0.5898050139955091 -0.5753048726792586 -0.56670481640556
vn -0.5669115857835856 -0.592512079081273 0.5723117070680344
vn -0.9992620036266484 -0.0009999620648142437 0.038398544033924994
vn -0.561169640779536 0.5716690577539648 0.5985675589890087
vn -0.590078249895506 0.569879010120404 -0.5718789844227932
vn 0.5833215616452084 0.5582206156364286 0.5900217792575815
vn -0.560300228061285 0.5924003093378606 0.5789002745990705
vn 0.020800411411771608 -0.011300223722277283 0.9997197846541437
vn -0.5696766814628526 -0.5718766292358853 0.5902758673122878
vn 0.5907896700306471 -0.5794899407920936 0.5613902157197388
vn -0.558123460635302 -0.5849246291353 0.5885247496235027
vn -0.5632946789551051 0.560694664882785 0.6068942226062515
vn -0.99771719061438 -0.030000516811170868 0.06050104580593108
vn -0.6131738961862782 0.5805752818045173 -0.535677249090667
vn -0.5811079180669386 -0.5777078902938406 -0.5732077991899167
vn -0.5877018455659563 0.5798017864976908 0.5643017181370753
vn -0.5846930237626462 -0.5743931621704995 0.5728931516566312
vn -0.021899408949650083 -0.013199643775989709 0.9996730391942371
vn 0.5729655065153723 -0.5909644404261176 0.5678657926794223
vn 0.5669057106509708 0.5718057486662272 0.5930059873420952
vn -0.5773160475175635 -0.5786160844287148 -0.5761159675960046
vn -0.5777821067943386 -0.5755822187450196 0.5786820772521436
vn -1.0 -0.0 -0.0
vn -0.5763127065560825 0.5804127907597295 0.5753126598507154
vn -0.5771153016466563 0.5758153243343535 -0.5791153951217427
vn 0.5979155912826152 -0.5576145662695301 -0.5758150234104739
vn 0.5726056861508797 -0.5781057639396027 0.5813058178682619
vn -0.0 -1.0 -0.0
vn -0.5862725767829849 -0.5569739146696148 0.5882724913591012
vn -0.5902041915129018 -0.5673040292238647 -0.5743040577490034
vn 0.573995852497855 0.5908957351928178 -0.5668959264681658
vn 0.5681915406120059 -0.5718914990164795 -0.5916912087648752
vn -0.02099983862546311 0.013199898777450534 -0.9996923373968462
vn -0.5872408179881891 -0.5799403225926796 -0.5646392157118219
vn -0.5843945541400792 0.5748945873673755 -0.5726946992133882
vn -0.5852068352880874 -0.5680066046464086 0.5787067107008175
vn -0.5631182367027677 0.5798188626362629 0.5888191046696397
vn -0.9997309871449623 0.012400384780342192 0.01960060711965017
vn -0.5877687099007866 0.5727694400639035 -0.5713695058282754
vn -0.5842062718000216 -0.5837062484446661 -0.5639060626701694
vn 0.5661134040553811 0.5776137028631646 0.5881139549556126
vn 0.5647822781853173 -0.5823816806952179 0.5846815853423263
vn 0.9992625032084892 -0.0 0.03839856353438419
vn 0.5899789011251773 -0.5722796008486205 -0.5695796297969864
vn 0.5900032506717144 0.5751032220004051 -0.5667031394315395
vn 0.5786200556701978 -0.5838202627193043 -0.5695197380377434
vn -0.5786200556701978 -0.5838202627193043 -0.5695197380377434
vn 0.0003999979317216009 -0.02469987293136905 -0.9996948315755307
vn -0.5842976697043198 0.5606978061393451 -0.5866977103829765
vn 0.5674073693181058 0.5815075632881175 -0.5830075737777536
vn -0.5833801930247644 0.5838801567600336 -0.5645808294020151
vn -0.5632979829297439 -0.5827978807462355 -0.5856978851122637
vn -0.9997119866260563 -0.01280015253393796 -0.020300243626418125
vn -0.5904288876653887 -0.575528203337277 0.5658277262326208
vn -0.5859121802894295 0.5617116235823986 0.584112120162656
vn 0.5774169449924548 0.5773169284005019 0.5773169284005019
vn 0.576382972455276 -0.5784829036144894 0.5771829859666427
vn 1.0 -0.0 -0.0
vn 0.5746955030276343 -0.5729955786311868 -0.5842954267054687
vn 0.5778996426296252 0.5824996311521853 -0.5715996700105063
vn -0.5532388710488284 -0.5817408586264224 -0.5962418342964627
vn -0.5709869556614507 0.5851866290324723 -0.5757868578441852
vn 0.021599671064154044 0.012799804212718523 -0.9996847599228651
vn 0.583415262591885 0.5685148168391901 -0.5800151156729829
vn 0.5977202925609837 -0.5619190626424347 -0.5718193936024377
vn 0.5824157549844257 -0.5846157624057886 0.5648152783810119
vn 0.5876011601239511 0.5745011326370586 0.5698011277803191
vn 0.021300243556364815 0.011100127500897023 0.9997115017813405
vn -0.5785910637274618 0.5832910092992182 0.5700912027434063
vn -0.5669045212172233 -0.5717045426656966 0.593104695411255
vn -0.5657926367845905 -0.5752924243468773 -0.5906922368284798
vn -0.590380159891037 -0.577680614865566 0.5636810924765662
vn -0.9997358162071917 0.01150041172845558 -0.01990071161080413
vn -0.5697901934345239 0.5830899568457869 0.5790900082814642
vn -0.5721023734623089 0.582102423627822 -0.5778024253024631
vn -0.6057037744639308 0.5748035939532375 0.5502033860115633
vn -0.5900824803567566 -0.5835826539536905 0.5578834577045508
vn -0.06640020839721453 -0.013400041663337985 0.9977030877010592
vn 0.5754766535767468 -0.5751766633958633 0.5813763213899502
vn 0.5401190750162166 0.5829205714888296 0.6070214099508869
vn 0.5801121111014578 0.5743119830038447 0.5776120538316367
vn -0.5777115078359636 0.5802115649926209 0.5741114469880485
vn -0.0 -0.0 1.0
vn -0.5809768324998122 -0.5767770297062261 0.5742770917438274
vn 0.5773169284005019 -0.5773169284005019 0.5774169449924548
vn -0.5584973351512128 0.5848972439874983 0.5881971953391333
vn -0.585480507507813 0.5767807924250231 -0.5696810448118806
vn -1.0 -0.0 -0.0
vn -0.5591290799541692 -0.5816302514199907 -0.5908307055178519
vn -0.5850685623915444 -0.5795688420164329 0.5672695432198196
usemtl Surface
f 1/1/1 2/2/2 3/3/3
f 4/4/4 5/5/5 6/6/6
f 7/7/7 8/8/8 9/9/9
f 1/1/1 10/10/10 2/2/2
f 7/7/7 9/9/9 11/11/11
f 12/12/12 13/13/13 14/14/14
f 12/12/12 15/15/15 13/13/13
f 16/16/16 17/17/17 18/18/18
f 19/19/19 20/20/20 21/21/21
f 22/22/22 23/23/23 24/24/24
f 22/22/22 24/24/24 25/25/25
f 26/26/26 27/27/27 28/28/28
f 29/29/29 30/30/30 31/31/31
f 32/32/32 33/33/33 34/34/34
f 26/26/26 35/35/35 27/27/27
f 36/36/36 37/37/37 38/38/38
f 39/39/39 40/40/40 41/41/41
f 42/42/42 43/43/43 44/44/44
f 36/36/36 38/38/38 45/45/45
f 39/39/39 41/41/41 46/46/46
f 47/47/47 48/48/48 49/49/49
f 47/47/47 50/50/50 48/48/48
f 51/51/51 52/52/52 53/53/53
f 51/51/51 53/53/53 54/54/54
f 55/55/55 56/56/56 57/57/57
f 58/58/58 59/59/59 60/60/60
f 58/58/58 61/61/61 59/59/59
f 58/58/58 60/60/60 62/62/62
f 63/63/63 64/64/64 65/65/65
f 66/66/66 67/67/67 68/68/68
f 69/69/69 70/70/70 71/71/71
f 69/69/69 71/71/71 72/72/72
f 73/73/73 74/74/74 75/75/75
f 76/76/76 77/77/77 78/78/78
f 79/79/79 80/80/80 81/81/81
f 82/82/82 83/83/83 84/84/84
f 79/79/79 85/85/85 80/80/80
f 82/82/82 86/86/86 83/83/83
f 87/87/87 88/88/88 89/89/89
f 87/87/87 90/90/90 91/91/91
f 87/87/87 91/91/91 92/92/92
f 93/93/93 94/94/94 95/95/95
f 87/87/87 92/92/92 88/88/88
f 96/96/96 97/97/97 98/98/98
f 99/99/99 100/100/100 101/101/101
f 102/102/102 103/103/103 104/104/104
f 102/102/102 105/105/105 103/103/103
f 106/106/106 107/107/107 108/108/108
f 106/106/106 108/108/108 109/109/109
f 110/110/110 111/111/111 112/112/112
f 113/113/113 114/114/114 115/115/115
f 113/113/113 116/116/116 117/117/117
f 113/113/113 115/115/115 116/116/116
f 110/110/110 112/112/112 118/118/118
f 110/110/110 119/119/119 111/111/111
f 120/120/120 121/121/121 122/122/122
f 120/120/120 123/123/123 121/121/121
f 124/124/124 125/125/125 126/126/126
f 127/127/127 128/128/128 129/129/129
f 120/120/120 130/130/130 123/123/123
f 120/120/120 122/122/122 131/131/131
f 132/132/132 133/133/133 134/134/134
f 132/132/132 135/135/135 133/133/133
f 136/136/136 137/137/137 138/138/138
f 139/139/139 140/140/140 141/141/141
f 139/139/139 141/141/141 142/142/142
f 143/143/143 144/144/144 145/145/145
f 146/146/146 147/147/147 148/148/148
f 149/149/149 150/150/150 151/151/151
f 149/149/149 151/151/151 152/152/152
f 153/153/153 154/154/154 155/155/155
f 156/156/156 157/157/157 158/158/158
f 156/156/156 158/158/158 159/159/159
f 160/160/160 161/161/161 162/162/162
f 163/163/163 164/164/164 165/165/165
f 166/166/166 167/167/167 168/168/168
f 169/169/169 170/170/170 171/171/171
f 172/172/172 173/173/173 174/174/174
f 166/166/166 168/168/168 175/175/175
f 176/176/176 177/177/177 178/178/178
f 179/179/179 180/180/180 181/181/181
f 176/176/176 182/182/182 183/183/183
f 179/179/179 184/184/184 185/185/185
f 179/179/179 185/185/185 180/180/180
f 176/176/176 178/178/178 182/182/182
f 186/186/186 187/187/187 188/188/188
f 189/189/189 190/190/190 191/191/191
f 189/189/189 191/191/191 192/192/192
f 186/186/186 193/193/193 187/187/187
f 194/194/194 195/195/195 196/196/196
f 197/197/197 198/198/198 199/199/199
f 197/197/197 200/200/200 198/198/198
f 197/197/197 201/201/201 200/200/200
f 194/194/194 196/196/196 202/202/202
f 197/197/197 203/203/203 201/201/201
f 204/204/204 205/205/205 206/206/206
f 204/204/204 207/207/207 205/205/205
f 204/204/204 208/208/208 207/207/207
f 209/209/209 210/210/210 211/211/211
f 212/212/212 213/213/213 214/214/214
f 111/111/111 215/215/215 216/216/216
f 111/111/111 119/119/119 215/215/215
f 217/217/217 218/218/218 219/219/219
f 220/220/220 221/221/221 222/222/222
f 217/217/217 219/219/219 223/223/223
f 224/224/224 225/225/225 226/226/226
f 227/227/227 228/228/228 229/229/229
f 224/224/224 230/230/230 231/231/231
f 224/224/224 226/226/226 230/230/230
f 224/224/224 232/232/232 225/225/225
f 233/233/233 234/234/234 235/235/235
f 236/236/236 237/237/237 238/238/238
f 236/236/236 238/238/238 239/239/239
f 240/240/240 241/241/241 242/242/242
f 243/243/243 244/244/244 245/245/245
f 243/243/243 246/246/246 244/244/244
f 247/247/247 248/248/248 249/249/249
f 250/250/250 251/251/251 252/252/252
f 253/253/253 254/254/254 255/255/255
f 250/250/250 256/256/256 251/251/251
f 257/257/257 258/258/258 259/259/259
f 260/260/260 261/261/261 262/262/262
f 263/263/263 264/264/264 265/265/265
f 260/260/260 262/262/262 266/266/266
f 263/263/263 267/267/267 264/264/264
f 268/268/268 269/269/269 270/270/270
f 271/271/271 272/272/272 273/273/273
f 274/274/274 275/275/275 276/276/276
f 277/277/277 278/278/278 279/279/279
f 280/280/280 281/281/281 282/282/282
f 280/280/280 282/282/282 283/283/283
f 284/284/284 285/285/285 286/286/286
f 287/287/287 288/288/288 289/289/289
f 290/290/290 291/291/291 292/292/292
f 290/290/290 293/293/293 291/291/291
f 294/294/294 295/295/295 296/296/296
f 287/287/287 297/297/297 288/288/288
f 298/298/298 299/299/299 300/300/300
f 301/301/301 302/302/302 303/303/303
f 298/298/298 300/300/300 304/304/304
f 305/305/305 306/306/306 307/307/307
f 308/308/308 309/309/309 310/310/310
f 308/308/308 310/310/310 311/311/311
f 312/312/312 313/313/313 314/314/314
f 315/315/315 316/316/316 317/317/317
f 318/318/318 319/319/319 320/320/320
f 318/318/318 320/320/320 321/321/321
f 315/315/315 317/317/317 322/322/322
f 318/318/318 321/321/321 323/323/323
f 315/315/315 324/324/324 325/325/325
f 315/315/315 325/325/325 316/316/316
f 326/326/326 327/327/327 328/328/328
f 329/329/329 330/330/330 331/331/331
f 326/326/326 328/328/328 332/332/332
f 333/333/333 334/334/334 335/335/335
f 336/336/336 337/337/337 338/338/338
f 333/333/333 335/335/335 339/339/339
f 336/336/336 338/338/338 340/340/340
f 341/341/341 342/342/342 343/343/343
f 344/344/344 345/345/345 346/346/346
f 347/347/347 348/348/348 349/349/349
f 347/347/347 350/350/350 348/348/348
f 351/351/351 352/352/352 353/353/353
f 351/351/351 354/354/354 352/352/352
f 355/355/355 356/356/356 357/357/357
f 358/358/358 359/359/359 360/360/360
f 361/361/361 362/362/362 363/363/363
f 361/361/361 364/364/364 362/362/362
f 365/365/365 366/366/366 367/367/367
f 368/368/368 369/369/369 370/370/370
f 365/365/365 235/235/235 234/234/234
f 368/368/368 370/370/370 371/371/371
f 365/365/365 234/234/234 366/366/366
f 372/372/372 373/373/373 374/374/374
f 375/375/375 376/376/376 377/377/377
f 375/375/375 378/378/378 376/376/376
f 379/379/379 380/380/380 381/381/381
f 379/379/379 381/381/381 382/382/382
f 372/372/372 374/374/374 383/383/383
f 384/384/384 385/385/385 386/386/386
f 387/387/387 388/388/388 389/389/389
f 384/384/384 386/386/386 390/390/390
f 387/387/387 389/389/389 391/391/391
f 392/392/392 393/393/393 394/394/394
f 395/395/395 396/396/396 397/397/397
f 398/398/398 399/399/399 400/400/400
f 398/398/398 400/400/400 401/401/401
f 402/402/402 403/403/403 404/404/404
f 402/402/402 404/404/404 405/405/405
f 406/406/406 407/407/407 408/408/408
f 409/409/409 410/410/410 411/411/411
f 412/412/412 413/413/413 414/414/414
f 409/409/409 415/415/415 410/410/410
f 281/281/281 416/416/416 282/282/282
f 281/281/281 417/417/417 416/416/416
f 418/418/418 419/419/419 420/420/420
f 418/418/418 420/420/420 421/421/421
f 422/422/422 423/423/423 424/424/424
f 425/425/425 426/426/426 427/427/427
f 428/428/428 429/429/429 430/430/430
f 425/425/425 431/431/431 426/426/426
f 432/432/432 433/433/433 434/434/434
f 428/428/428 435/435/435 429/429/429
f 432/432/432 436/436/436 433/433/433
f 432/432/432 434/434/434 437/437/437
f 438/438/438 439/439/439 440/440/440
f 438/438/438 440/440/440 441/441/441
f 438/438/438 442/442/442 439/439/439
f 443/443/443 444/444/444 445/445/445
f 446/446/446 447/447/447 448/448/448
f 446/446/446 448/448/448 449/449/449
f 450/450/450 451/451/451 452/452/452
f 453/453/453 454/454/454 455/455/455
f 453/453/453 456/456/456 454/454/454
f 457/457/457 458/458/458 459/459/459
f 457/457/457 460/460/460 458/458/458
f 461/461/461 462/462/462 463/463/463
f 464/464/464 465/465/465 466/466/466
f 461/461/461 467/467/467 462/462/462
f 468/468/468 469/469/469 470/470/470
f 468/468/468 470/470/470 471/471/471
f 472/472/472 473/473/473 474/474/474
f 475/475/475 476/476/476 477/477/477
f 475/475/475 478/478/478 476/476/476
f 479/479/479 165/165/165 164/164/164
f 480/480/480 481/481/481 144/144/144
f 482/482/482 148/148/148 483/483/483
f 480/480/480 484/484/484 481/481/481
f 485/485/485 486/486/486 487/487/487
f 488/488/488 489/489/489 490/490/490
f 488/488/488 490/490/490 323/323/323
f 485/485/485 491/491/491 486/486/486
f 485/485/485 487/487/487 492/492/492
f 488/488/488 323/323/323 321/321/321
f 493/493/493 494/494/494 382/382/382
f 493/493/493 382/382/382 381/381/381
f 495/495/495 496/496/496 497/497/497
f 495/495/495 498/498/498 499/499/499
f 495/495/495 497/497/497 498/498/498
f 493/493/493 381/381/381 500/500/500
f 501/501/501 502/502/502 503/503/503
f 504/504/504 505/505/505 506/506/506
f 507/507/507 508/508/508 509/509/509
f 501/501/501 510/510/510 502/502/502
f 511/511/511 512/512/512 513/513/513
f 514/514/514 515/515/515 516/516/516
f 517/517/517 518/518/518 519/519/519
f 517/517/517 519/519/519 520/520/520
f 514/514/514 521/521/521 515/515/515
f 522/522/522 523/523/523 524/524/524
f 514/514/514 525/525/525 521/521/521
f 517/517/517 526/526/526 518/518/518
f 527/527/527 528/528/528 529/529/529
f 530/530/530 531/531/531 532/532/532
f 533/533/533 534/534/534 535/535/535
f 533/533/533 536/536/536 534/534/534
f 530/530/530 537/537/537 531/531/531
f 538/538/538 539/539/539 540/540/540
f 538/538/538 541/541/541 539/539/539
f 542/542/542 474/474/474 473/473/473
f 366/366/366 543/543/543 367/367/367
f 544/544/544 231/231/231 545/545/545
f 544/544/544 545/545/545 546/546/546
f 547/547/547 548/548/548 549/549/549
f 550/550/550 551/551/551 552/552/552
f 547/547/547 553/553/553 548/548/548
f 554/554/554 555/555/555 556/556/556
f 557/557/557 558/558/558 559/559/559
f 554/554/554 556/556/556 560/560/560
f 561/561/561 562/562/562 563/563/563
f 564/564/564 565/565/565 566/566/566
f 567/567/567 568/568/568 569/569/569
f 242/242/242 241/241/241 570/570/570
f 571/571/571 572/572/572 573/573/573
f 574/574/574 575/575/575 576/576/576
f 577/577/577 578/578/578 579/579/579
f 580/580/580 581/581/581 582/582/582
f 577/577/577 579/579/579 583/583/583
f 483/483/483 148/148/148 584/584/584
f 181/181/181 180/180/180 585/585/585
f 586/586/586 489/489/489 587/587/587
f 586/586/586 490/490/490 489/489/489
f 588/588/588 589/589/589 38/38/38
f 590/590/590 591/591/591 592/592/592
f 590/590/590 593/593/593 594/594/594
f 590/590/590 594/594/594 591/591/591
f 588/588/588 38/38/38 595/595/595
f 596/596/596 597/597/597 598/598/598
f 599/599/599 600/600/600 601/601/601
f 599/599/599 601/601/601 602/602/602
f 603/603/603 604/604/604 605/605/605
f 606/606/606 607/607/607 608/608/608
f 609/609/609 610/610/610 611/611/611
f 606/606/606 612/612/612 607/607/607
f 613/613/613 614/614/614 615/615/615
f 613/613/613 616/616/616 614/614/614
f 617/617/617 618/618/618 619/619/619
f 620/620/620 621/621/621 622/622/622
f 623/623/623 624/624/624 625/625/625
f 623/623/623 625/625/625 626/626/626
f 620/620/620 622/622/622 627/627/627
f 628/628/628 629/629/629 630/630/630
f 282/282/282 416/416/416 631/631/631
f 282/282/282 631/631/631 283/283/283
f 632/632/632 633/633/633 634/634/634
f 635/635/635 636/636/636 637/637/637
f 635/635/635 638/638/638 636/636/636
f 639/639/639 640/640/640 641/641/641
f 642/642/642 643/643/643 644/644/644
f 639/639/639 645/645/645 232/232/232
f 642/642/642 646/646/646 647/647/647
f 642/642/642 647/647/647 643/643/643
f 639/639/639 232/232/232 640/640/640
f 118/118/118 648/648/648 649/649/649
f 118/118/118 112/112/112 648/648/648
f 114/114/114 650/650/650 651/651/651
f 114/114/114 651/651/651 115/115/115
f 652/652/652 653/653/653 654/654/654
f 655/655/655 656/656/656 657/657/657
f 655/655/655 657/657/657 658/658/658
f 652/652/652 659/659/659 653/653/653
f 660/660/660 661/661/661 662/662/662
f 660/660/660 663/663/663 661/661/661
f 664/664/664 665/665/665 666/666/666
f 667/667/667 668/668/668 669/669/669
f 667/667/667 669/669/669 670/670/670
f 671/671/671 672/672/672 673/673/673
f 674/674/674 675/675/675 676/676/676
f 674/674/674 676/676/676 677/677/677
f 678/678/678 679/679/679 680/680/680
f 681/681/681 682/682/682 683/683/683
f 684/684/684 685/685/685 686/686/686
f 681/681/681 687/687/687 682/682/682
f 688/688/688 689/689/689 690/690/690
f 691/691/691 692/692/692 693/693/693
f 688/688/688 690/690/690 694/694/694
f 695/695/695 696/696/696 697/697/697
f 698/698/698 699/699/699 700/700/700
f 698/698/698 701/701/701 699/699/699
f 702/702/702 703/703/703 704/704/704
f 705/705/705 706/706/706 707/707/707
f 708/708/708 709/709/709 710/710/710
f 705/705/705 711/711/711 706/706/706
f 712/712/712 713/713/713 714/714/714
f 715/715/715 716/716/716 717/717/717
f 718/718/718 719/719/719 720/720/720
f 718/718/718 721/721/721 719/719/719
f 722/722/722 723/723/723 724/724/724
f 722/722/722 724/724/724 725/725/725
f 722/722/722 725/725/725 726/726/726
f 727/727/727 429/429/429 435/435/435
f 528/528/528 728/728/728 729/729/729
f 528/528/528 729/729/729 529/529/529
f 730/730/730 731/731/731 732/732/732
f 730/730/730 733/733/733 731/731/731
f 730/730/730 732/732/732 734/734/734
f 735/735/735 736/736/736 737/737/737
f 735/735/735 737/737/737 738/738/738
f 739/739/739 740/740/740 741/741/741
f 739/739/739 741/741/741 742/742/742
f 739/739/739 743/743/743 740/740/740
f 744/744/744 745/745/745 746/746/746
f 744/744/744 747/747/747 745/745/745
f 359/359/359 748/748/748 360/360/360
f 749/749/749 750/750/750 751/751/751
f 752/752/752 753/753/753 754/754/754
f 752/752/752 755/755/755 756/756/756
f 757/757/757 758/758/758 759/759/759
f 752/752/752 756/756/756 760/760/760
f 752/752/752 754/754/754 755/755/755
f 761/761/761 762/762/762 763/763/763
f 764/764/764 765/765/765 766/766/766
f 764/764/764 766/766/766 767/767/767
f 768/768/768 769/769/769 770/770/770
f 771/771/771 772/772/772 773/773/773
f 774/774/774 775/775/775 776/776/776
f 774/774/774 777/777/777 775/775/775
f 778/778/778 779/779/779 780/780/780
f 781/781/781 782/782/782 783/783/783
f 781/781/781 783/783/783 784/784/784
f 785/785/785 786/786/786 787/787/787
f 788/788/788 789/789/789 790/790/790
f 785/785/785 791/791/791 786/786/786
f 792/792/792 793/793/793 794/794/794
f 795/795/795 796/796/796 797/797/797
f 792/792/792 794/794/794 798/798/798
f 799/799/799 800/800/800 801/801/801
f 802/802/802 803/803/803 804/804/804
f 799/799/799 801/801/801 805/805/805
f 799/799/799 805/805/805 806/806/806
f 807/807/807 808/808/808 809/809/809
f 807/807/807 809/809/809 810/810/810
f 155/155/155 154/154/154 811/811/811
f 812/812/812 813/813/813 814/814/814
f 812/812/812 814/814/814 815/815/815
f 812/812/812 816/816/816 813/813/813
f 817/817/817 818/818/818 819/819/819
f 820/820/820 821/821/821 822/822/822
f 817/817/817 823/823/823 818/818/818
f 824/824/824 825/825/825 826/826/826
f 827/827/827 828/828/828 829/829/829
f 827/827/827 830/830/830 828/828/828
f 831/831/831 832/832/832 833/833/833
f 834/834/834 835/835/835 836/836/836
f 834/834/834 837/837/837 835/835/835
f 831/831/831 838/838/838 832/832/832
f 839/839/839 840/840/840 841/841/841
f 842/842/842 843/843/843 844/844/844
f 845/845/845 846/846/846 847/847/847
f 848/848/848 849/849/849 850/850/850
f 851/851/851 852/852/852 853/853/853
f 848/848/848 850/850/850 854/854/854
f 855/855/855 367/367/367 543/543/543
f 856/856/856 857/857/857 858/858/858
f 859/859/859 860/860/860 861/861/861
f 856/856/856 862/862/862 857/857/857
f 856/856/856 858/858/858 369/369/369
f 856/856/856 863/863/863 862/862/862
f 864/864/864 259/259/259 258/258/258
f 865/865/865 866/866/866 867/867/867
f 865/865/865 867/867/867 868/868/868
f 869/869/869 870/870/870 871/871/871
f 872/872/872 500/500/500 381/381/381
f 873/873/873 874/874/874 875/875/875
f 872/872/872 876/876/876 500/500/500
f 877/877/877 878/878/878 879/879/879
f 44/44/44 880/880/880 881/881/881
f 44/44/44 43/43/43 880/880/880
f 37/37/37 882/882/882 38/38/38
f 883/883/883 884/884/884 885/885/885
f 886/886/886 607/607/607 612/612/612
f 887/887/887 888/888/888 889/889/889
f 886/886/886 612/612/612 890/890/890
f 891/891/891 892/892/892 893/893/893
f 894/894/894 895/895/895 896/896/896
f 894/894/894 896/896/896 897/897/897
f 894/894/894 897/897/897 898/898/898
f 891/891/891 899/899/899 900/900/900
f 891/891/891 893/893/893 899/899/899
f 901/901/901 902/902/902 903/903/903
f 901/901/901 644/644/644 902/902/902
f 225/225/225 232/232/232 645/645/645
f 904/904/904 905/905/905 906/906/906
f 907/907/907 908/908/908 909/909/909
f 907/907/907 909/909/909 910/910/910
f 713/713/713 911/911/911 714/714/714
f 912/912/912 913/913/913 914/914/914
f 915/915/915 916/916/916 917/917/917
f 912/912/912 918/918/918 913/913/913
f 919/919/919 920/920/920 921/921/921
f 922/922/922 923/923/923 924/924/924
f 922/922/922 925/925/925 923/923/923
f 919/919/919 921/921/921 926/926/926
f 927/927/927 928/928/928 929/929/929
f 919/919/919 926/926/926 930/930/930
f 931/931/931 932/932/932 933/933/933
f 934/934/934 935/935/935 936/936/936
f 931/931/931 937/937/937 932/932/932
f 779/779/779 938/938/938 780/780/780
f 939/939/939 940/940/940 941/941/941
f 939/939/939 942/942/942 940/940/940
f 943/943/943 944/944/944 945/945/945
f 943/943/943 946/946/946 947/947/947
f 948/948/948 949/949/949 950/950/950
f 948/948/948 950/950/950 951/951/951
f 948/948/948 952/952/952 949/949/949
f 943/943/943 947/947/947 944/944/944
f 953/953/953 954/954/954 955/955/955
f 953/953/953 955/955/955 956/956/956
f 953/953/953 956/956/956 957/957/957
f 958/958/958 959/959/959 960/960/960
f 961/961/961 962/962/962 963/963/963
f 964/964/964 741/741/741 965/965/965
f 966/966/966 967/967/967 968/968/968
f 964/964/964 965/965/965 969/969/969
f 961/961/961 970/970/970 962/962/962
f 966/966/966 968/968/968 971/971/971
f 972/972/972 973/973/973 974/974/974
f 975/975/975 976/976/976 977/977/977
f 972/972/972 974/974/974 978/978/978
f 979/979/979 980/980/980 981/981/981
f 982/982/982 983/983/983 984/984/984
f 985/985/985 986/986/986 987/987/987
f 979/979/979 988/988/988 980/980/980
f 765/765/765 989/989/989 766/766/766
f 376/376/376 378/378/378 990/990/990
f 376/376/376 990/990/990 991/991/991
f 765/765/765 992/992/992 989/989/989
f 716/716/716 993/993/993 717/717/717
f 994/994/994 513/513/513 512/512/512
f 995/995/995 996/996/996 997/997/997
f 995/995/995 998/998/998 996/996/996
f 999/999/999 1000/1000/1000 1001/1001/1001
f 999/999/999 1002/1002/1002 1000/1000/1000
f 1003/1003/1003 1004/1004/1004 1005/1005/1005
f 1003/1003/1003 1005/1005/1005 1006/1006/1006
f 1007/1007/1007 1008/1008/1008 1009/1009/1009
f 1010/1010/1010 346/346/346 345/345/345
f 1007/1007/1007 1009/1009/1009 1011/1011/1011
f 1012/1012/1012 1013/1013/1013 1014/1014/1014
f 1015/1015/1015 1016/1016/1016 1017/1017/1017
f 1015/1015/1015 1017/1017/1017 1018/1018/1018
f 1019/1019/1019 1020/1020/1020 1021/1021/1021
f 1022/1022/1022 18/18/18 17/17/17
f 1022/1022/1022 229/229/229 1023/1023/1023
f 1022/1022/1022 1023/1023/1023 18/18/18
f 640/640/640 1024/1024/1024 641/641/641
f 1025/1025/1025 1026/1026/1026 1027/1027/1027
f 1028/1028/1028 1029/1029/1029 558/558/558
f 1030/1030/1030 1031/1031/1031 1032/1032/1032
f 1025/1025/1025 1027/1027/1027 1033/1033/1033
f 1025/1025/1025 1034/1034/1034 1026/1026/1026
f 1025/1025/1025 1035/1035/1035 1034/1034/1034
f 1036/1036/1036 1037/1037/1037 1038/1038/1038
f 1039/1039/1039 1040/1040/1040 1041/1041/1041
f 1042/1042/1042 1043/1043/1043 1044/1044/1044
f 1036/1036/1036 1045/1045/1045 1037/1037/1037
f 1046/1046/1046 1047/1047/1047 1048/1048/1048
f 1049/1049/1049 619/619/619 618/618/618
f 1046/1046/1046 1050/1050/1050 1047/1047/1047
f 1051/1051/1051 1052/1052/1052 1053/1053/1053
f 1051/1051/1051 1053/1053/1053 1054/1054/1054
f 1055/1055/1055 1056/1056/1056 1057/1057/1057
f 1058/1058/1058 1059/1059/1059 1060/1060/1060
f 1061/1061/1061 595/595/595 38/38/38
f 1062/1062/1062 1063/1063/1063 1064/1064/1064
f 1061/1061/1061 38/38/38 882/882/882
f 1062/1062/1062 1065/1065/1065 1066/1066/1066
f 1062/1062/1062 1066/1066/1066 1063/1063/1063
f 1067/1067/1067 1068/1068/1068 1069/1069/1069
f 1070/1070/1070 837/837/837 1071/1071/1071
f 1070/1070/1070 1072/1072/1072 837/837/837
f 180/180/180 1073/1073/1073 585/585/585
f 1074/1074/1074 1075/1075/1075 161/161/161
f 145/145/145 144/144/144 481/481/481
f 880/880/880 1076/1076/1076 881/881/881
f 1077/1077/1077 1078/1078/1078 1079/1079/1079
f 884/884/884 1080/1080/1080 885/885/885
f 1077/1077/1077 611/611/611 1078/1078/1078
f 1081/1081/1081 1082/1082/1082 1083/1083/1083
f 1084/1084/1084 1085/1085/1085 1086/1086/1086
f 1087/1087/1087 1088/1088/1088 1089/1089/1089
f 1087/1087/1087 1089/1089/1089 1090/1090/1090
f 1091/1091/1091 1092/1092/1092 1093/1093/1093
f 1091/1091/1091 1093/1093/1093 1094/1094/1094
f 1095/1095/1095 1096/1096/1096 1097/1097/1097
f 1095/1095/1095 1098/1098/1098 1096/1096/1096
f 1099/1099/1099 1100/1100/1100 1101/1101/1101
f 800/800/800 1102/1102/1102 801/801/801
f 1099/1099/1099 1103/1103/1103 1100/1100/1100
f 486/486/486 491/491/491 1104/1104/1104
f 1105/1105/1105 1106/1106/1106 1107/1107/1107
f 1108/1108/1108 949/949/949 1109/1109/1109
f 1108/1108/1108 214/214/214 950/950/950
f 648/648/648 560/560/560 649/649/649
f 1108/1108/1108 950/950/950 949/949/949
f 1110/1110/1110 977/977/977 976/976/976
f 1111/1111/1111 1112/1112/1112 1113/1113/1113
f 1111/1111/1111 1114/1114/1114 1112/1112/1112
f 1115/1115/1115 1116/1116/1116 1117/1117/1117
f 1115/1115/1115 1117/1117/1117 1118/1118/1118
f 944/944/944 1119/1119/1119 945/945/945
f 116/116/116 1120/1120/1120 117/117/117
f 1121/1121/1121 126/126/126 1122/1122/1122
f 1123/1123/1123 1124/1124/1124 1125/1125/1125
f 1126/1126/1126 506/506/506 505/505/505
f 1127/1127/1127 1128/1128/1128 1129/1129/1129
f 1123/1123/1123 1125/1125/1125 1130/1130/1130
f 1131/1131/1131 1132/1132/1132 1133/1133/1133
f 1134/1134/1134 1135/1135/1135 1136/1136/1136
f 1131/1131/1131 1133/1133/1133 1137/1137/1137
f 1138/1138/1138 1139/1139/1139 1140/1140/1140
f 1138/1138/1138 1141/1141/1141 1139/1139/1139
f 195/195/195 1142/1142/1142 196/196/196
f 1143/1143/1143 1144/1144/1144 98/98/98
f 1143/1143/1143 98/98/98 97/97/97
f 1143/1143/1143 97/97/97 1145/1145/1145
f 1146/1146/1146 1147/1147/1147 1148/1148/1148
f 1149/1149/1149 1150/1150/1150 1151/1151/1151
f 582/582/582 581/581/581 1152/1152/1152
f 1153/1153/1153 1154/1154/1154 1155/1155/1155
f 1153/1153/1153 1155/1155/1155 1156/1156/1156
f 1157/1157/1157 1158/1158/1158 1159/1159/1159
f 1160/1160/1160 1161/1161/1161 1162/1162/1162
f 1163/1163/1163 1164/1164/1164 1165/1165/1165
f 1166/1166/1166 759/759/759 758/758/758
f 1163/1163/1163 1165/1165/1165 1167/1167/1167
f 1168/1168/1168 1169/1169/1169 1170/1170/1170
f 1171/1171/1171 1172/1172/1172 1173/1173/1173
f 1174/1174/1174 1175/1175/1175 1176/1176/1176
f 1174/1174/1174 1177/1177/1177 1175/1175/1175
f 1178/1178/1178 523/523/523 991/991/991
f 1174/1174/1174 1179/1179/1179 1177/1177/1177
f 1178/1178/1178 524/524/524 523/523/523
f 1178/1178/1178 991/991/991 990/990/990
f 1180/1180/1180 1181/1181/1181 1182/1182/1182
f 1180/1180/1180 1182/1182/1182 1183/1183/1183
f 1184/1184/1184 552/552/552 551/551/551
f 898/898/898 897/897/897 1185/1185/1185
f 518/518/518 526/526/526 1186/1186/1186
f 1187/1187/1187 1188/1188/1188 1189/1189/1189
f 1187/1187/1187 1190/1190/1190 1188/1188/1188
f 1191/1191/1191 987/987/987 986/986/986
f 1192/1192/1192 1193/1193/1193 1194/1194/1194
f 1192/1192/1192 1195/1195/1195 1193/1193/1193
f 1196/1196/1196 1197/1197/1197 1198/1198/1198
f 1199/1199/1199 1200/1200/1200 1201/1201/1201
f 1202/1202/1202 1203/1203/1203 1204/1204/1204
f 1205/1205/1205 1206/1206/1206 1207/1207/1207
f 1205/1205/1205 1208/1208/1208 1206/1206/1206
f 1209/1209/1209 1210/1210/1210 1211/1211/1211
f 1209/1209/1209 1211/1211/1211 1212/1212/1212
f 1209/1209/1209 1212/1212/1212 1213/1213/1213
f 171/171/171 170/170/170 1214/1214/1214
f 1215/1215/1215 1216/1216/1216 1217/1217/1217
f 322/322/322 317/317/317 1218/1218/1218
f 319/319/319 1219/1219/1219 1220/1220/1220
f 319/319/319 1220/1220/1220 320/320/320
f 832/832/832 1221/1221/1221 833/833/833
f 1222/1222/1222 183/183/183 182/182/182
f 1222/1222/1222 1223/1223/1223 1224/1224/1224
f 1222/1222/1222 1224/1224/1224 183/183/183
f 1222/1222/1222 1225/1225/1225 1223/1223/1223
f 1226/1226/1226 466/466/466 465/465/465
f 1227/1227/1227 1228/1228/1228 1229/1229/1229
f 1230/1230/1230 1231/1231/1231 1232/1232/1232
f 1233/1233/1233 1234/1234/1234 1235/1235/1235
f 900/900/900 899/899/899 1236/1236/1236
f 1175/1175/1175 1237/1237/1237 1176/1176/1176
f 1238/1238/1238 1239/1239/1239 1240/1240/1240
f 1238/1238/1238 1240/1240/1240 1244/1244/1244
f 1245/1245/1245 371/371/371 370/370/370
f 1246/1246/1246 1247/1247/1247 1248/1248/1248
f 1245/1245/1245 1249/1249/1249 371/371/371
f 1245/1245/1245 370/370/370 1250/1250/1250
f 1246/1246/1246 1251/1251/1251 1247/1247/1247
f 597/597/597 1252/1252/1252 598/598/598
f 1253/1253/1253 1254/1254/1254 1255/1255/1255
f 1256/1256/1256 174/174/174 173/173/173
f 1257/1257/1257 1258/1258/1258 1259/1259/1259
f 1253/1253/1253 1255/1255/1255 1260/1260/1260
f 1261/1261/1261 1129/1129/1129 1128/1128/1128
f 1262/1262/1262 1263/1263/1263 1264/1264/1264
f 1265/1265/1265 1266/1266/1266 1267/1267/1267
f 1265/1265/1265 1268/1268/1268 1269/1269/1269
f 1265/1265/1265 91/91/91 926/926/926
f 1265/1265/1265 1269/1269/1269 92/92/92
f 1265/1265/1265 92/92/92 91/91/91
f 1265/1265/1265 1267/1267/1267 1268/1268/1268
f 1265/1265/1265 926/926/926 1266/1266/1266
f 825/825/825 1270/1270/1270 826/826/826
f 1271/1271/1271 1272/1272/1272 1273/1273/1273
f 1274/1274/1274 1275/1275/1275 1276/1276/1276
f 1274/1274/1274 1277/1277/1277 1275/1275/1275
f 1278/1278/1278 1279/1279/1279 1280/1280/1280
f 1281/1281/1281 1282/1282/1282 1283/1283/1283
f 1284/1284/1284 650/650/650 1285/1285/1285
f 1284/1284/1284 651/651/651 650/650/650
f 1286/1286/1286 1287/1287/1287 1288/1288/1288
f 1289/1289/1289 697/697/697 696/696/696
f 1290/1290/1290 1291/1291/1291 1292/1292/1292
f 1290/1290/1290 1293/1293/1293 1291/1291/1291
f 1294/1294/1294 1295/1295/1295 1296/1296/1296
f 1297/1297/1297 1298/1298/1298 1299/1299/1299
f 797/797/797 796/796/796 1300/1300/1300
f 584/584/584 148/148/148 147/147/147
f 158/158/158 1301/1301/1301 159/159/159
f 1302/1302/1302 1303/1303/1303 1304/1304/1304
f 1302/1302/1302 1305/1305/1305 1306/1306/1306
f 1302/1302/1302 704/704/704 1303/1303/1303
f 1307/1307/1307 1308/1308/1308 1309/1309/1309
f 1310/1310/1310 1311/1311/1311 1312/1312/1312
f 1313/1313/1313 1314/1314/1314 1315/1315/1315
f 1307/1307/1307 1316/1316/1316 1308/1308/1308
f 1313/1313/1313 1317/1317/1317 1314/1314/1314
f 1318/1318/1318 1319/1319/1319 1320/1320/1320
f 1318/1318/1318 1321/1321/1321 1319/1319/1319
f 1322/1322/1322 1323/1323/1323 1324/1324/1324
f 1322/1322/1322 1325/1325/1325 1323/1323/1323
f 531/531/531 1326/1326/1326 532/532/532
f 426/426/426 1327/1327/1327 1328/1328/1328
f 426/426/426 1328/1328/1328 427/427/427
f 1021/1021/1021 1020/1020/1020 1329/1329/1329
f 1132/1132/1132 1330/1330/1330 1133/1133/1133
f 1136/1136/1136 1331/1331/1331 1332/1332/1332
f 1136/1136/1136 1332/1332/1332 1333/1333/1333
f 1136/1136/1136 1135/1135/1135 1331/1331/1331
f 1334/1334/1334 1335/1335/1335 1336/1336/1336
f 1337/1337/1337 1338/1338/1338 1339/1339/1339
f 1340/1340/1340 1341/1341/1341 1342/1342/1342
f 1337/1337/1337 1343/1343/1343 1338/1338/1338
f 1340/1340/1340 1342/1342/1342 1344/1344/1344
f 563/563/563 562/562/562 1345/1345/1345
f 1346/1346/1346 1347/1347/1347 1348/1348/1348
f 1259/1259/1259 1258/1258/1258 1349/1349/1349
f 1350/1350/1350 1217/1217/1217 1216/1216/1216
f 1351/1351/1351 1352/1352/1352 1353/1353/1353
f 1354/1354/1354 1355/1355/1355 1356/1356/1356
f 1357/1357/1357 1358/1358/1358 1359/1359/1359
f 1351/1351/1351 1353/1353/1353 1360/1360/1360
f 1361/1361/1361 1362/1362/1362 1363/1363/1363
f 1364/1364/1364 13/13/13 15/15/15
f 902/902/902 644/644/644 643/643/643
f 1364/1364/1364 15/15/15 1365/1365/1365
f 1364/1364/1364 1365/1365/1365 1366/1366/1366
f 1367/1367/1367 1368/1368/1368 1369/1369/1369
f 1370/1370/1370 1371/1371/1371 1372/1372/1372
f 1373/1373/1373 1374/1374/1374 1375/1375/1375
f 1376/1376/1376 1377/1377/1377 1378/1378/1378
f 1376/1376/1376 1378/1378/1378 1379/1379/1379
f 1380/1380/1380 357/357/357 356/356/356
f 1373/1373/1373 1375/1375/1375 1381/1381/1381
f 1221/1221/1221 1382/1382/1382 833/833/833
f 1221/1221/1221 1383/1383/1383 1382/1382/1382
f 589/589/589 45/45/45 38/38/38
f 592/592/592 591/591/591 1384/1384/1384
f 1385/1385/1385 1386/1386/1386 40/40/40
f 1387/1387/1387 1388/1388/1388 1389/1389/1389
f 1390/1390/1390 874/874/874 1391/1391/1391
f 1390/1390/1390 875/875/875 874/874/874
f 1387/1387/1387 1389/1389/1389 1392/1392/1392
f 1390/1390/1390 1391/1391/1391 1393/1393/1393
f 1394/1394/1394 1395/1395/1395 1396/1396/1396
f 1397/1397/1397 1398/1398/1398 654/654/654
f 1399/1399/1399 1400/1400/1400 1401/1401/1401
f 1397/1397/1397 654/654/654 653/653/653
f 1185/1185/1185 897/897/897 498/498/498
f 519/519/519 1402/1402/1402 520/520/520
f 1185/1185/1185 498/498/498 1403/1403/1403
f 1404/1404/1404 1405/1405/1405 1406/1406/1406
f 1122/1122/1122 126/126/126 125/125/125
f 1404/1404/1404 1406/1406/1406 1407/1407/1407
f 369/369/369 858/858/858 370/370/370
f 1408/1408/1408 1409/1409/1409 1410/1410/1410
f 161/161/161 1075/1075/1075 162/162/162
f 1411/1411/1411 1412/1412/1412 1413/1413/1413
f 1414/1414/1414 773/773/773 772/772/772
f 1415/1415/1415 1416/1416/1416 1417/1417/1417
f 1411/1411/1411 1418/1418/1418 1412/1412/1412
f 1415/1415/1415 1417/1417/1417 1419/1419/1419
f 331/331/331 330/330/330 1420/1420/1420
f 1421/1421/1421 1422/1422/1422 1423/1423/1423
f 1424/1424/1424 1425/1425/1425 1426/1426/1426
f 1427/1427/1427 1428/1428/1428 1429/1429/1429
f 1424/1424/1424 1430/1430/1430 1425/1425/1425
f 1427/1427/1427 1431/1431/1431 1428/1428/1428
f 1432/1432/1432 1433/1433/1433 1434/1434/1434
f 1435/1435/1435 1436/1436/1436 1437/1437/1437
f 1435/1435/1435 1437/1437/1437 1438/1438/1438
f 1439/1439/1439 1104/1104/1104 491/491/491
f 1439/1439/1439 1440/1440/1440 1104/1104/1104
f 1439/1439/1439 1441/1441/1441 1440/1440/1440
f 929/929/929 285/285/285 1442/1442/1442
f 929/929/929 286/286/286 285/285/285
f 929/929/929 928/928/928 286/286/286
f 929/929/929 1442/1442/1442 1443/1443/1443
f 1234/1234/1234 1444/1444/1444 1235/1235/1235
f 1445/1445/1445 1446/1446/1446 1447/1447/1447
f 686/686/686 685/685/685 1448/1448/1448
f 1449/1449/1449 1359/1359/1359 1358/1358/1358
f 679/679/679 1450/1450/1450 680/680/680
f 1451/1451/1451 1452/1452/1452 1453/1453/1453
f 1451/1451/1451 1454/1454/1454 1452/1452/1452
f 1455/1455/1455 1456/1456/1456 1457/1457/1457
f 1458/1458/1458 1459/1459/1459 1460/1460/1460
f 1458/1458/1458 1460/1460/1460 1461/1461/1461
f 1462/1462/1462 1176/1176/1176 1237/1237/1237
f 723/723/723 1463/1463/1463 724/724/724
f 1464/1464/1464 1465/1465/1465 1466/1466/1466
f 1464/1464/1464 1466/1466/1466 1467/1467/1467
f 494/494/494 1177/1177/1177 1179/1179/1179
f 499/499/499 897/897/897 896/896/896
f 494/494/494 1179/1179/1179 382/382/382
f 499/499/499 498/498/498 897/897/897
f 394/394/394 393/393/393 1468/1468/1468
f 1469/1469/1469 1470/1470/1470 1471/1471/1471
f 303/303/303 302/302/302 1472/1472/1472
f 1473/1473/1473 960/960/960 959/959/959
f 1474/1474/1474 1206/1206/1206 1475/1475/1475
f 1474/1474/1474 1476/1476/1476 1206/1206/1206
f 1477/1477/1477 1478/1478/1478 1479/1479/1479
f 1480/1480/1480 1481/1481/1481 1482/1482/1482
f 815/815/815 814/814/814 1483/1483/1483
f 1484/1484/1484 1213/1213/1213 1212/1212/1212
f 1485/1485/1485 1486/1486/1486 1487/1487/1487
f 1164/1164/1164 1488/1488/1488 1165/1165/1165
f 88/88/88 1489/1489/1489 89/89/89
f 88/88/88 1490/1490/1490 1489/1489/1489
f 1491/1491/1491 1492/1492/1492 1493/1493/1493
f 88/88/88 92/92/92 1269/1269/1269
f 1494/1494/1494 1495/1495/1495 1496/1496/1496
f 1497/1497/1497 844/844/844 1498/1498/1498
f 1499/1499/1499 33/33/33 1500/1500/1500
f 1494/1494/1494 1501/1501/1501 1495/1495/1495
f 1499/1499/1499 34/34/34 33/33/33
f 1497/1497/1497 1502/1502/1502 844/844/844
f 1503/1503/1503 1504/1504/1504 1505/1505/1505
f 1503/1503/1503 1506/1506/1506 1504/1504/1504
f 1475/1475/1475 1206/1206/1206 1208/1208/1208
f 396/396/396 1507/1507/1507 397/397/397
f 1508/1508/1508 1509/1509/1509 1510/1510/1510
f 1508/1508/1508 1510/1510/1510 1511/1511/1511
f 421/421/421 420/420/420 1512/1512/1512
f 1513/1513/1513 1514/1514/1514 1515/1515/1515
f 317/317/317 1516/1516/1516 1218/1218/1218
f 1517/1517/1517 1518/1518/1518 1519/1519/1519
f 666/666/666 665/665/665 1520/1520/1520
f 1521/1521/1521 1522/1522/1522 1523/1523/1523
f 1521/1521/1521 1524/1524/1524 1522/1522/1522
f 222/222/222 221/221/221 1525/1525/1525
f 371/371/371 1249/1249/1249 1366/1366/1366
f 228/228/228 1023/1023/1023 229/229/229
f 371/371/371 1366/1366/1366 1365/1365/1365
f 1526/1526/1526 1403/1403/1403 497/497/497
f 989/989/989 992/992/992 1402/1402/1402
f 1527/1527/1527 1528/1528/1528 1529/1529/1529
f 1530/1530/1530 1531/1531/1531 1532/1532/1532
f 1533/1533/1533 1534/1534/1534 1535/1535/1535
f 1533/1533/1533 1536/1536/1536 1534/1534/1534
f 1537/1537/1537 871/871/871 870/870/870
f 1538/1538/1538 1539/1539/1539 1540/1540/1540
f 1538/1538/1538 1540/1540/1540 1541/1541/1541
f 138/138/138 137/137/137 1542/1542/1542
f 1543/1543/1543 1544/1544/1544 1545/1545/1545
f 1546/1546/1546 1547/1547/1547 1548/1548/1548
f 1546/1546/1546 1549/1549/1549 1547/1547/1547
f 1550/1550/1550 1551/1551/1551 1552/1552/1552
f 1550/1550/1550 1479/1479/1479 1478/1478/1478
f 1550/1550/1550 1552/1552/1552 1479/1479/1479
f 1553/1553/1553 1554/1554/1554 1555/1555/1555
f 1556/1556/1556 188/188/188 187/187/187
f 1556/1556/1556 1557/1557/1557 188/188/188
f 1556/1556/1556 1440/1440/1440 1441/1441/1441
f 1553/1553/1553 1555/1555/1555 1515/1515/1515
f 1553/1553/1553 1515/1515/1515 1514/1514/1514
f 1556/1556/1556 1441/1441/1441 1557/1557/1557
f 90/90/90 930/930/930 926/926/926
f 90/90/90 1558/1558/1558 930/930/930
f 90/90/90 926/926/926 91/91/91
f 441/441/441 440/440/440 1559/1559/1559
f 1151/1151/1151 1150/1150/1150 1560/1560/1560
f 1561/1561/1561 1562/1562/1562 1563/1563/1563
f 1564/1564/1564 1565/1565/1565 1566/1566/1566
f 576/576/576 575/575/575 1567/1567/1567
f 935/935/935 1568/1568/1568 936/936/936
f 1569/1569/1569 1570/1570/1570 1571/1571/1571
f 753/753/753 1572/1572/1572 754/754/754
f 1573/1573/1573 1574/1574/1574 1575/1575/1575
f 1573/1573/1573 1575/1575/1575 1576/1576/1576
f 1577/1577/1577 700/700/700 1578/1578/1578
f 1573/1573/1573 1579/1579/1579 745/745/745
f 1573/1573/1573 745/745/745 1574/1574/1574
f 1447/1447/1447 1446/1446/1446 1580/1580/1580
f 604/604/604 1581/1581/1581 1582/1582/1582
f 608/608/608 607/607/607 1583/1583/1583
f 604/604/604 1582/1582/1582 605/605/605
f 1584/1584/1584 699/699/699 701/701/701
f 740/740/740 1585/1585/1585 741/741/741
f 1584/1584/1584 701/701/701 1586/1586/1586
f 1587/1587/1587 1588/1588/1588 1589/1589/1589
f 129/129/129 128/128/128 1590/1590/1590
f 534/534/534 536/536/536 1591/1591/1591
f 306/306/306 1592/1592/1592 307/307/307
f 1593/1593/1593 1457/1457/1457 1456/1456/1456
f 314/314/314 313/313/313 1594/1594/1594
f 1595/1595/1595 1596/1596/1596 1597/1597/1597
f 1598/1598/1598 1599/1599/1599 1600/1600/1600
f 1595/1595/1595 1601/1601/1601 1596/1596/1596
f 184/184/184 1602/1602/1602 185/185/185
f 27/27/27 1603/1603/1603 28/28/28
f 1495/1495/1495 1501/1501/1501 1604/1604/1604
f 699/699/699 1605/1605/1605 1578/1578/1578
f 699/699/699 1578/1578/1578 700/700/700
f 1169/1169/1169 1606/1606/1606 1170/1170/1170
f 766/766/766 1607/1607/1607 767/767/767
f 1608/1608/1608 1389/1389/1389 1388/1388/1388
f 1330/1330/1330 1609/1609/1609 1133/1133/1133
f 1333/1333/1333 1332/1332/1332 1610/1610/1610
f 1330/1330/1330 1611/1611/1611 1609/1609/1609
f 1612/1612/1612 1613/1613/1613 1614/1614/1614
f 1335/1335/1335 1615/1615/1615 1336/1336/1336
f 1206/1206/1206 1616/1616/1616 1207/1207/1207
f 1206/1206/1206 1476/1476/1476 1617/1617/1617
f 1206/1206/1206 1617/1617/1617 1616/1616/1616
f 1422/1422/1422 1618/1618/1618 1423/1423/1423
f 1619/1619/1619 1620/1620/1620 1621/1621/1621
f 1619/1619/1619 211/211/211 1620/1620/1620
f 951/951/951 950/950/950 213/213/213
f 946/946/946 1622/1622/1622 947/947/947
f 1623/1623/1623 1624/1624/1624 1625/1625/1625
f 1626/1626/1626 1627/1627/1627 1628/1628/1628
f 1623/1623/1623 1629/1629/1629 1624/1624/1624
f 962/962/962 1630/1630/1630 747/747/747
f 962/962/962 970/970/970 1630/1630/1630
f 962/962/962 747/747/747 963/963/963
f 1631/1631/1631 1482/1482/1482 1481/1481/1481
f 1632/1632/1632 1083/1083/1083 1082/1082/1082
f 40/40/40 1386/1386/1386 41/41/41
f 1554/1554/1554 1633/1633/1633 1555/1555/1555
f 1554/1554/1554 1634/1634/1634 1633/1633/1633
f 1326/1326/1326 1635/1635/1635 532/532/532
f 210/210/210 1620/1620/1620 211/211/211
f 1636/1636/1636 1637/1637/1637 1638/1638/1638
f 1639/1639/1639 1640/1640/1640 1641/1641/1641
f 1639/1639/1639 1642/1642/1642 1640/1640/1640
f 1643/1643/1643 1511/1511/1511 1510/1510/1510
f 1644/1644/1644 1645/1645/1645 1345/1345/1345
f 1029/1029/1029 559/559/559 558/558/558
f 1644/1644/1644 1345/1345/1345 562/562/562
f 1646/1646/1646 1647/1647/1647 1648/1648/1648
f 1649/1649/1649 1650/1650/1650 1651/1651/1651
f 1646/1646/1646 1652/1652/1652 1647/1647/1647
f 1653/1653/1653 1560/1560/1560 1150/1150/1150
f 844/844/844 843/843/843 1498/1498/1498
f 840/840/840 31/31/31 841/841/841
f 840/840/840 1654/1654/1654 31/31/31
f 1571/1571/1571 1570/1570/1570 1655/1655/1655
f 1656/1656/1656 1657/1657/1657 1658/1658/1658
f 1311/1311/1311 1659/1659/1659 1312/1312/1312
f 1656/1656/1656 1660/1660/1660 1657/1657/1657
f 1395/1395/1395 1661/1661/1661 1396/1396/1396
f 1395/1395/1395 1662/1662/1662 1661/1661/1661
f 1410/1410/1410 1409/1409/1409 1663/1663/1663
f 275/275/275 1664/1664/1664 276/276/276
f 1197/1197/1197 1665/1665/1665 1198/1198/1198
f 1666/1666/1666 343/343/343 342/342/342
f 1667/1667/1667 1668/1668/1668 1669/1669/1669
f 1670/1670/1670 1671/1671/1671 1672/1672/1672
f 1667/1667/1667 1673/1673/1673 1668/1668/1668
f 1670/1670/1670 1669/1669/1669 1671/1671/1671
f 1674/1674/1674 1145/1145/1145 97/97/97
f 1566/1566/1566 1565/1565/1565 1675/1675/1675
f 1676/1676/1676 1677/1677/1677 1678/1678/1678
f 1676/1676/1676 1678/1678/1678 1679/1679/1679
f 1680/1680/1680 1681/1681/1681 1602/1602/1602
f 1680/1680/1680 1682/1682/1682 1681/1681/1681
f 1683/1683/1683 1604/1604/1604 1501/1501/1501
f 847/847/847 846/846/846 1684/1684/1684
f 1685/1685/1685 1363/1363/1363 1362/1362/1362
f 1686/1686/1686 1687/1687/1687 1688/1688/1688
f 1686/1686/1686 1689/1689/1689 1690/1690/1690
f 1686/1686/1686 1688/1688/1688 1689/1689/1689
f 1691/1691/1691 1204/1204/1204 1203/1203/1203
f 1574/1574/1574 1692/1692/1692 1693/1693/1693
f 1574/1574/1574 1693/1693/1693 1575/1575/1575
f 1574/1574/1574 745/745/745 1692/1692/1692
f 1694/1694/1694 1695/1695/1695 1696/1696/1696
f 1696/1696/1696 1695/1695/1695 1697/1697/1697
f 1698/1698/1698 1699/1699/1699 1700/1700/1700
f 1698/1698/1698 1700/1700/1700 1701/1701/1701
f 1218/1218/1218 1516/1516/1516 1702/1702/1702
f 1519/1519/1519 1518/1518/1518 1703/1703/1703
f 1296/1296/1296 1295/1295/1295 1704/1704/1704
f 572/572/572 1705/1705/1705 573/573/573
f 853/853/853 852/852/852 1706/1706/1706
f 546/546/546 1707/1707/1707 1610/1610/1610
f 860/860/860 1708/1708/1708 861/861/861
f 546/546/546 1610/1610/1610 1332/1332/1332
f 546/546/546 545/545/545 1707/1707/1707
f 1709/1709/1709 1710/1710/1710 1711/1711/1711
f 1712/1712/1712 1713/1713/1713 1714/1714/1714
f 1638/1638/1638 1715/1715/1715 1716/1716/1716
f 1638/1638/1638 1637/1637/1637 1715/1715/1715
f 1717/1717/1717 1718/1718/1718 1719/1719/1719
f 1356/1356/1356 1355/1355/1355 1720/1720/1720
f 492/492/492 1382/1382/1382 1383/1383/1383
f 492/492/492 487/487/487 1382/1382/1382
f 1630/1630/1630 1692/1692/1692 745/745/745
f 1630/1630/1630 970/970/970 1692/1692/1692
f 1630/1630/1630 745/745/745 747/747/747
f 1721/1721/1721 1722/1722/1722 1723/1723/1723
f 1078/1078/1078 611/611/611 610/610/610
f 1724/1724/1724 1725/1725/1725 1726/1726/1726
f 1727/1727/1727 1086/1086/1086 1085/1085/1085
f 1727/1727/1727 1728/1728/1728 1086/1086/1086
f 1724/1724/1724 1726/1726/1726 1729/1729/1729
f 1730/1730/1730 1731/1731/1731 1732/1732/1732
f 1733/1733/1733 1060/1060/1060 1059/1059/1059
f 1730/1730/1730 1734/1734/1734 1731/1731/1731
f 1490/1490/1490 1268/1268/1268 1735/1735/1735
f 1490/1490/1490 1269/1269/1269 1268/1268/1268
f 633/633/633 1736/1736/1736 634/634/634
f 1737/1737/1737 1738/1738/1738 1739/1739/1739
f 1119/1119/1119 1034/1034/1034 1035/1035/1035
f 1119/1119/1119 1035/1035/1035 945/945/945
f 1740/1740/1740 1741/1741/1741 1742/1742/1742
f 1740/1740/1740 1743/1743/1743 1741/1741/1741
f 1172/1172/1172 1744/1744/1744 1173/1173/1173
f 1745/1745/1745 1746/1746/1746 1747/1747/1747
f 1748/1748/1748 1749/1749/1749 1750/1750/1750
f 1751/1751/1751 1752/1752/1752 1753/1753/1753
f 1751/1751/1751 1754/1754/1754 1752/1752/1752
f 1401/1401/1401 1400/1400/1400 1755/1755/1755
f 1756/1756/1756 1757/1757/1757 1758/1758/1758
f 1756/1756/1756 1759/1759/1759 1757/1757/1757
f 1760/1760/1760 1761/1761/1761 1762/1762/1762
f 692/692/692 1763/1763/1763 693/693/693
f 1760/1760/1760 1762/1762/1762 1764/1764/1764
f 1585/1585/1585 965/965/965 741/741/741
f 5/5/5 1765/1765/1765 6/6/6
f 629/629/629 1766/1766/1766 630/630/630
f 1596/1596/1596 1601/1601/1601 1708/1708/1708
f 190/190/190 1699/1699/1699 191/191/191
f 190/190/190 1700/1700/1700 1699/1699/1699
f 196/196/196 1767/1767/1767 202/202/202
f 1288/1288/1288 1287/1287/1287 1768/1768/1768
f 1713/1713/1713 1769/1769/1769 1714/1714/1714
f 1770/1770/1770 57/57/57 56/56/56
f 1747/1747/1747 1746/1746/1746 1771/1771/1771
f 983/983/983 1772/1772/1772 984/984/984
f 1749/1749/1749 1773/1773/1773 1750/1750/1750
f 862/862/862 863/863/863 1774/1774/1774
f 1775/1775/1775 917/917/917 916/916/916
f 1692/1692/1692 970/970/970 1693/1693/1693
f 67/67/67 1776/1776/1776 68/68/68
f 1777/1777/1777 1778/1778/1778 1779/1779/1779
f 923/923/923 925/925/925 1780/1780/1780
f 452/452/452 451/451/451 1781/1781/1781
f 1782/1782/1782 1783/1783/1783 1650/1650/1650
f 835/835/835 837/837/837 1072/1072/1072
f 1681/1681/1681 185/185/185 1602/1602/1602
f 1603/1603/1603 1784/1784/1784 28/28/28
f 1785/1785/1785 1786/1786/1786 1787/1787/1787
f 1788/1788/1788 889/889/889 888/888/888
f 1788/1788/1788 888/888/888 1789/1789/1789
f 1056/1056/1056 1790/1790/1790 1057/1057/1057
f 1064/1064/1064 1063/1063/1063 1791/1791/1791
f 1792/1792/1792 1793/1793/1793 1794/1794/1794
f 509/509/509 508/508/508 1795/1795/1795
f 585/585/585 1073/1073/1073 324/324/324
f 1796/1796/1796 1797/1797/1797 1798/1798/1798
f 1799/1799/1799 770/770/770 769/769/769
f 1247/1247/1247 906/906/906 1248/1248/1248
f 230/230/230 545/545/545 231/231/231
f 949/949/949 1800/1800/1800 1109/1109/1109
f 949/949/949 952/952/952 1800/1800/1800
f 1040/1040/1040 1801/1801/1801 1041/1041/1041
f 822/822/822 821/821/821 1802/1802/1802
f 1803/1803/1803 1804/1804/1804 1805/1805/1805
f 1068/1068/1068 1107/1107/1107 1069/1069/1069
f 30/30/30 841/841/841 31/31/31
f 1723/1723/1723 1722/1722/1722 1806/1806/1806
f 1470/1470/1470 1807/1807/1807 1471/1471/1471
f 1808/1808/1808 1787/1787/1787 1786/1786/1786
f 1725/1725/1725 1809/1809/1809 1726/1726/1726
f 1810/1810/1810 1811/1811/1811 1812/1812/1812
f 556/556/556 649/649/649 560/560/560
f 556/556/556 1813/1813/1813 649/649/649
f 556/556/556 1814/1814/1814 1813/1813/1813
f 1715/1715/1715 1815/1815/1815 1716/1716/1716
f 1715/1715/1715 1637/1637/1637 1816/1816/1816
f 1817/1817/1817 1818/1818/1818 1819/1819/1819
f 254/254/254 1820/1820/1820 255/255/255
f 1821/1821/1821 1392/1392/1392 1389/1389/1389
f 496/496/496 1822/1822/1822 497/497/497
f 1264/1264/1264 1263/1263/1263 1823/1823/1823
f 408/408/408 407/407/407 1824/1824/1824
f 1719/1719/1719 1718/1718/1718 1825/1825/1825
f 1826/1826/1826 1827/1827/1827 1828/1828/1828
f 1829/1829/1829 790/790/790 789/789/789
f 1266/1266/1266 921/921/921 1267/1267/1267
f 1266/1266/1266 926/926/926 921/921/921
f 1780/1780/1780 925/925/925 1830/1830/1830
f 295/295/295 1831/1831/1831 296/296/296
f 1487/1487/1487 1486/1486/1486 1832/1832/1832
f 1248/1248/1248 906/906/906 905/905/905
f 520/520/520 1402/1402/1402 992/992/992
f 1811/1811/1811 1833/1833/1833 1812/1812/1812
f 1834/1834/1834 658/658/658 657/657/657
f 1835/1835/1835 673/673/673 672/672/672
f 1836/1836/1836 1280/1280/1280 1279/1279/1279
f 1433/1433/1433 1837/1837/1837 1434/1434/1434
f 1838/1838/1838 1702/1702/1702 1516/1516/1516
f 1838/1838/1838 1839/1839/1839 1840/1840/1840
f 1838/1838/1838 1516/1516/1516 1839/1839/1839
f 1841/1841/1841 1842/1842/1842 1843/1843/1843
f 214/214/214 213/213/213 950/950/950
f 1844/1844/1844 532/532/532 1635/1635/1635
f 1845/1845/1845 1591/1591/1591 536/536/536
f 1846/1846/1846 1847/1847/1847 1848/1848/1848
f 1849/1849/1849 1850/1850/1850 1781/1781/1781
f 1851/1851/1851 1563/1563/1563 1562/1562/1562
f 1852/1852/1852 1648/1648/1648 1647/1647/1647
f 1849/1849/1849 1781/1781/1781 451/451/451
f 1853/1853/1853 1369/1369/1369 1368/1368/1368
f 1854/1854/1854 1855/1855/1855 1856/1856/1856
f 1854/1854/1854 1857/1857/1857 1855/1855/1855
f 1840/1840/1840 1839/1839/1839 1858/1858/1858
f 1739/1739/1739 1738/1738/1738 1859/1859/1859
f 1689/1689/1689 1860/1860/1860 1690/1690/1690
f 1861/1861/1861 710/710/710 709/709/709
f 1043/1043/1043 1862/1862/1862 1044/1044/1044
f 1863/1863/1863 1628/1628/1628 1627/1627/1627
f 1599/1599/1599 1774/1774/1774 1600/1600/1600
f 1864/1864/1864 1159/1159/1159 1158/1158/1158
f 1865/1865/1865 1866/1866/1866 1867/1867/1867
f 1865/1865/1865 1868/1868/1868 1866/1866/1866
f 413/413/413 1869/1869/1869 414/414/414
f 1870/1870/1870 101/101/101 100/100/100
f 1871/1871/1871 1872/1872/1872 1873/1873/1873
f 1871/1871/1871 1873/1873/1873 1874/1874/1874
f 1875/1875/1875 1876/1876/1876 1877/1877/1877
f 1708/1708/1708 1601/1601/1601 861/861/861
f 1878/1878/1878 1879/1879/1879 1880/1880/1880
f 1878/1878/1878 1880/1880/1880 1881/1881/1881
f 1882/1882/1882 1883/1883/1883 1884/1884/1884
f 1882/1882/1882 1884/1884/1884 1885/1885/1885
f 1306/1306/1306 1305/1305/1305 968/968/968
f 1306/1306/1306 968/968/968 967/967/967
f 1273/1273/1273 1272/1272/1272 1886/1886/1886
f 1887/1887/1887 1888/1888/1888 1889/1889/1889
f 1887/1887/1887 1889/1889/1889 1890/1890/1890
f 1891/1891/1891 1614/1614/1614 1613/1613/1613
f 1892/1892/1892 1893/1893/1893 1894/1894/1894
f 1303/1303/1303 1895/1895/1895 1304/1304/1304
f 1303/1303/1303 704/704/704 703/703/703
f 1372/1372/1372 1371/1371/1371 1896/1896/1896
f 746/746/746 745/745/745 1579/1579/1579
f 1897/1897/1897 1162/1162/1162 1161/1161/1161
f 20/20/20 1898/1898/1898 21/21/21
f 1899/1899/1899 1894/1894/1894 1893/1893/1893
f 1900/1900/1900 1800/1800/1800 952/952/952
f 1544/1544/1544 1901/1901/1901 1545/1545/1545
f 1690/1690/1690 1860/1860/1860 1902/1902/1902
f 1107/1107/1107 1106/1106/1106 1069/1069/1069
f 1903/1903/1903 971/971/971 968/968/968
f 1903/1903/1903 968/968/968 1305/1305/1305
f 1904/1904/1904 1014/1014/1014 1013/1013/1013
f 1905/1905/1905 1906/1906/1906 1907/1907/1907
f 751/751/751 750/750/750 1908/1908/1908
f 1850/1850/1850 1909/1909/1909 1781/1781/1781
f 1910/1910/1910 1828/1828/1828 1827/1827/1827
f 1805/1805/1805 1804/1804/1804 1911/1911/1911
f 1298/1298/1298 1912/1912/1912 1299/1299/1299
f 1913/1913/1913 1283/1283/1283 1282/1282/1282
f 1914/1914/1914 947/947/947 1622/1622/1622
f 1403/1403/1403 498/498/498 497/497/497
f 324/324/324 1073/1073/1073 325/325/325
f 1915/1915/1915 1916/1916/1916 1917/1917/1917
f 1918/1918/1918 1907/1907/1907 1906/1906/1906
f 1848/1848/1848 1847/1847/1847 1919/1919/1919
f 1877/1877/1877 1876/1876/1876 1920/1920/1920
f 1921/1921/1921 1922/1922/1922 1923/1923/1923
f 1650/1650/1650 1783/1783/1783 1651/1651/1651
f 1509/1509/1509 1924/1924/1924 1510/1510/1510
f 1774/1774/1774 863/863/863 1600/1600/1600
f 1925/1925/1925 249/249/249 248/248/248
f 1923/1923/1923 1922/1922/1922 1926/1926/1926
f 1722/1722/1722 1927/1927/1927 1806/1806/1806
f 1797/1797/1797 1928/1928/1928 1798/1798/1798
f 1932/1932/1932 1933/1933/1933 1934/1934/1934
f 1935/1935/1935 1936/1936/1936 1937/1937/1937
f 1935/1935/1935 1937/1937/1937 1938/1938/1938
f 1939/1939/1939 1940/1940/1940 1941/1941/1941
f 1939/1939/1939 1941/1941/1941 1942/1942/1942
f 1943/1943/1943 1944/1944/1944 1945/1945/1945
f 1943/1943/1943 1945/1945/1945 1946/1946/1946
f 1947/1947/1947 1948/1948/1948 1949/1949/1949
f 1947/1947/1947 1949/1949/1949 1950/1950/1950
f 1951/1951/1951 1952/1952/1952 1953/1953/1953
f 1951/1951/1951 1953/1953/1953 1954/1954/1954
f 1955/1955/1955 1956/1956/1956 1957/1957/1957
f 1955/1955/1955 1957/1957/1957 1958/1958/1958
f 1959/1959/1959 1960/1960/1960 1961/1961/1961
f 1959/1959/1959 1961/1961/1961 1962/1962/1962
f 1963/1963/1963 1964/1964/1964 1965/1965/1965
f 1963/1963/1963 1965/1965/1965 1966/1966/1966
f 1967/1967/1967 1968/1968/1968 1969/1969/1969
f 1968/1968/1968 1970/1970/1970 1969/1969/1969
f 1970/1970/1970 1971/1971/1971 1969/1969/1969
f 1971/1971/1971 1972/1972/1972 1969/1969/1969
f 1972/1972/1972 1967/1967/1967 1969/1969/1969
f 1973/1973/1973 1974/1974/1974 1975/1975/1975
f 1974/1974/1974 1976/1976/1976 1975/1975/1975
f 1976/1976/1976 1977/1977/1977 1975/1975/1975
f 1977/1977/1977 1973/1973/1973 1975/1975/1975
f 1978/1978/1978 1979/1979/1979 1980/1980/1980
f 1979/1979/1979 1981/1981/1981 1980/1980/1980
f 1981/1981/1981 1982/1982/1982 1980/1980/1980
f 1982/1982/1982 1983/1983/1983 1980/1980/1980
f 1983/1983/1983 1978/1978/1978 1980/1980/1980
f 1984/1984/1984 1985/1985/1985 1986/1986/1986
f 1985/1985/1985 1987/1987/1987 1986/1986/1986
f 1987/1987/1987 1988/1988/1988 1986/1986/1986
f 1988/1988/1988 1984/1984/1984 1986/1986/1986
f 1989/1989/1989 1990/1990/1990 1991/1991/1991
f 1992/1992/1992 1993/1993/1993 1994/1994/1994
f 1993/1993/1993 1995/1995/1995 1994/1994/1994
f 1995/1995/1995 1996/1996/1996 1994/1994/1994
f 1996/1996/1996 1997/1997/1997 1994/1994/1994
f 1998/1998/1998 1999/1999/1999 2000/2000/2000
f 1999/1999/1999 2001/2001/2001 2000/2000/2000
f 2001/2001/2001 2002/2002/2002 2000/2000/2000
f 2002/2002/2002 1998/1998/1998 2000/2000/2000
f 2003/2003/2003 2004/2004/2004 2005/2005/2005
f 2004/2004/2004 2006/2006/2006 2005/2005/2005
f 2006/2006/2006 2007/2007/2007 2005/2005/2005
f 2007/2007/2007 2008/2008/2008 2005/2005/2005
f 2008/2008/2008 2003/2003/2003 2005/2005/2005
f 2009/2009/2009 2010/2010/2010 2011/2011/2011
f 2010/2010/2010 2012/2012/2012 2011/2011/2011
f 2012/2012/2012 2013/2013/2013 2011/2011/2011
f 2013/2013/2013 2009/2009/2009 2011/2011/2011
f 2014/2014/2014 2015/2015/2015 2016/2016/2016
f 2015/2015/2015 2017/2017/2017 2016/2016/2016
f 2017/2017/2017 2018/2018/2018 2016/2016/2016
f 2018/2018/2018 2019/2019/2019 2016/2016/2016
f 2019/2019/2019 2014/2014/2014 2016/2016/2016
f 2020/2020/2020 2021/2021/2021 2022/2022/2022
f 2021/2021/2021 2023/2023/2023 2022/2022/2022
f 2023/2023/2023 2024/2024/2024 2022/2022/2022
f 2024/2024/2024 2020/2020/2020 2022/2022/2022
f 2025/2025/2025 2026/2026/2026 2027/2027/2027
f 2026/2026/2026 2028/2028/2028 2027/2027/2027
f 2028/2028/2028 2029/2029/2029 2027/2027/2027
f 2029/2029/2029 2025/2025/2025 2027/2027/2027
f 2030/2030/2030 2031/2031/2031 2032/2032/2032
f 2030/2030/2030 2032/2032/2032 2033/2033/2033
f 2034/2034/2034 2035/2035/2035 2036/2036/2036
f 2034/2034/2034 2036/2036/2036 2037/2037/2037
f 2038/2038/2038 2039/2039/2039 2040/2040/2040
f 2039/2039/2039 2041/2041/2041 2040/2040/2040
f 2041/2041/2041 2042/2042/2042 2040/2040/2040
f 2042/2042/2042 2038/2038/2038 2040/2040/2040
f 2043/2043/2043 2044/2044/2044 2045/2045/2045
f 2043/2043/2043 2045/2045/2045 2046/2046/2046
f 2047/2047/2047 2048/2048/2048 2049/2049/2049
f 2047/2047/2047 2049/2049/2049 2050/2050/2050
f 2051/2051/2051 2052/2052/2052 2053/2053/2053
f 2052/2052/2052 2054/2054/2054 2053/2053/2053
f 2054/2054/2054 2055/2055/2055 2053/2053/2053
f 2055/2055/2055 2051/2051/2051 2053/2053/2053
f 2056/2056/2056 2057/2057/2057 2058/2058/2058
f 2056/2056/2056 2058/2058/2058 2059/2059/2059
f 2056/2056/2056 2059/2059/2059 2060/2060/2060
f 106/106/106 2061/2061/2061 107/107/107
f 2062/2062/2062 2063/2063/2063 2064/2064/2064
f 2063/2063/2063 2065/2065/2065 2064/2064/2064
f 2065/2065/2065 2066/2066/2066 2064/2064/2064
f 2066/2066/2066 2062/2062/2062 2064/2064/2064
f 2067/2067/2067 2068/2068/2068 2069/2069/2069
f 2068/2068/2068 2070/2070/2070 2069/2069/2069
f 2070/2070/2070 2071/2071/2071 2069/2069/2069
f 2071/2071/2071 2067/2067/2067 2069/2069/2069
f 2072/2072/2072 2073/2073/2073 2074/2074/2074
f 2072/2072/2072 2074/2074/2074 2075/2075/2075
f 2076/2076/2076 1632/1632/1632 1082/1082/1082
f 2077/2077/2077 2078/2078/2078 2079/2079/2079
f 2078/2078/2078 2080/2080/2080 2079/2079/2079
f 2080/2080/2080 2077/2077/2077 2079/2079/2079
f 2081/2081/2081 2082/2082/2082 2083/2083/2083
f 2082/2082/2082 2084/2084/2084 2083/2083/2083
f 2084/2084/2084 2085/2085/2085 2083/2083/2083
f 2085/2085/2085 2081/2081/2081 2083/2083/2083
f 2086/2086/2086 2087/2087/2087 2088/2088/2088
f 2087/2087/2087 2089/2089/2089 2088/2088/2088
f 2089/2089/2089 2090/2090/2090 2088/2088/2088
f 2090/2090/2090 2086/2086/2086 2088/2088/2088
f 2091/2091/2091 2092/2092/2092 2093/2093/2093
f 2094/2094/2094 2091/2091/2091 2093/2093/2093
f 2095/2095/2095 2096/2096/2096 2097/2097/2097
f 2095/2095/2095 2097/2097/2097 2098/2098/2098
f 2099/2099/2099 2100/2100/2100 2101/2101/2101
f 2100/2100/2100 2102/2102/2102 2101/2101/2101
f 2102/2102/2102 2103/2103/2103 2101/2101/2101
f 2103/2103/2103 2099/2099/2099 2101/2101/2101
f 2104/2104/2104 2105/2105/2105 2106/2106/2106
f 2104/2104/2104 2106/2106/2106 2107/2107/2107
f 2108/2108/2108 2109/2109/2109 2110/2110/2110
f 2111/2111/2111 2108/2108/2108 2110/2110/2110
f 2112/2112/2112 2113/2113/2113 2114/2114/2114
f 2113/2113/2113 2115/2115/2115 2114/2114/2114
f 2115/2115/2115 2116/2116/2116 2114/2114/2114
f 2116/2116/2116 2112/2112/2112 2114/2114/2114
f 2117/2117/2117 2118/2118/2118 2119/2119/2119
f 2118/2118/2118 2120/2120/2120 2119/2119/2119
f 2120/2120/2120 2121/2121/2121 2119/2119/2119
f 2121/2121/2121 2122/2122/2122 2119/2119/2119
f 2122/2122/2122 2123/2123/2123 2119/2119/2119
f 2123/2123/2123 2124/2124/2124 2119/2119/2119
f 2124/2124/2124 2125/2125/2125 2119/2119/2119
f 2125/2125/2125 2117/2117/2117 2119/2119/2119
f 2126/2126/2126 2127/2127/2127 2128/2128/2128
f 2127/2127/2127 2129/2129/2129 2128/2128/2128
f 2129/2129/2129 2130/2130/2130 2128/2128/2128
f 2130/2130/2130 2126/2126/2126 2128/2128/2128
f 2131/2131/2131 2132/2132/2132 2133/2133/2133
f 2132/2132/2132 2134/2134/2134 2133/2133/2133
f 2134/2134/2134 2135/2135/2135 2133/2133/2133
f 2135/2135/2135 2136/2136/2136 2133/2133/2133
f 2136/2136/2136 2137/2137/2137 2133/2133/2133
f 2137/2137/2137 2138/2138/2138 2133/2133/2133
f 2138/2138/2138 2139/2139/2139 2133/2133/2133
f 2139/2139/2139 2131/2131/2131 2133/2133/2133
f 2140/2140/2140 2141/2141/2141 2142/2142/2142
f 2141/2141/2141 2143/2143/2143 2142/2142/2142
f 2143/2143/2143 2144/2144/2144 2142/2142/2142
f 2144/2144/2144 2140/2140/2140 2142/2142/2142
f 2145/2145/2145 2146/2146/2146 2147/2147/2147
f 2146/2146/2146 2148/2148/2148 2147/2147/2147
f 2148/2148/2148 2149/2149/2149 2147/2147/2147
f 2149/2149/2149 2150/2150/2150 2147/2147/2147
f 2150/2150/2150 2151/2151/2151 2147/2147/2147
f 2151/2151/2151 2152/2152/2152 2147/2147/2147
f 2152/2152/2152 2153/2153/2153 2147/2147/2147
f 2153/2153/2153 2145/2145/2145 2147/2147/2147
f 2154/2154/2154 2155/2155/2155 2156/2156/2156
f 2155/2155/2155 2157/2157/2157 2156/2156/2156
f 2157/2157/2157 2158/2158/2158 2156/2156/2156
f 2158/2158/2158 2154/2154/2154 2156/2156/2156
f 2159/2159/2159 2160/2160/2160 2161/2161/2161
f 2160/2160/2160 2162/2162/2162 2161/2161/2161
f 2162/2162/2162 2163/2163/2163 2161/2161/2161
f 2163/2163/2163 2159/2159/2159 2161/2161/2161
f 2164/2164/2164 2165/2165/2165 2166/2166/2166
f 2165/2165/2165 2167/2167/2167 2166/2166/2166
f 2167/2167/2167 2168/2168/2168 2166/2166/2166
f 2168/2168/2168 2169/2169/2169 2166/2166/2166
f 2169/2169/2169 2170/2170/2170 2166/2166/2166
f 2170/2170/2170 2171/2171/2171 2166/2166/2166
f 2171/2171/2171 2172/2172/2172 2166/2166/2166
f 2172/2172/2172 2164/2164/2164 2166/2166/2166
f 2173/2173/2173 2174/2174/2174 2175/2175/2175
f 2174/2174/2174 2176/2176/2176 2175/2175/2175
f 2176/2176/2176 2177/2177/2177 2175/2175/2175
f 2177/2177/2177 2173/2173/2173 2175/2175/2175
f 2178/2178/2178 2179/2179/2179 2180/2180/2180
f 2179/2179/2179 2181/2181/2181 2180/2180/2180
f 2181/2181/2181 2182/2182/2182 2180/2180/2180
f 2182/2182/2182 2183/2183/2183 2180/2180/2180
f 2183/2183/2183 2184/2184/2184 2180/2180/2180
f 2184/2184/2184 2185/2185/2185 2180/2180/2180
f 2185/2185/2185 2186/2186/2186 2180/2180/2180
f 2186/2186/2186 2178/2178/2178 2180/2180/2180
f 2187/2187/2187 2188/2188/2188 2189/2189/2189
f 2188/2188/2188 2190/2190/2190 2189/2189/2189
f 2190/2190/2190 2191/2191/2191 2189/2189/2189
f 2191/2191/2191 2187/2187/2187 2189/2189/2189
f 2192/2192/2192 2193/2193/2193 2194/2194/2194
f 2193/2193/2193 2195/2195/2195 2194/2194/2194
f 2195/2195/2195 2196/2196/2196 2194/2194/2194
f 2196/2196/2196 2192/2192/2192 2194/2194/2194
f 2197/2197/2197 2198/2198/2198 2199/2199/2199
f 2198/2198/2198 2200/2200/2200 2199/2199/2199
f 2200/2200/2200 2201/2201/2201 2199/2199/2199
f 2201/2201/2201 2197/2197/2197 2199/2199/2199
f 2202/2202/2202 2203/2203/2203 2204/2204/2204
f 2203/2203/2203 2205/2205/2205 2204/2204/2204
f 2205/2205/2205 2206/2206/2206 2204/2204/2204
f 2206/2206/2206 2202/2202/2202 2204/2204/2204
f 2207/2207/2207 2208/2208/2208 2209/2209/2209
f 2208/2208/2208 2210/2210/2210 2209/2209/2209
f 2210/2210/2210 2211/2211/2211 2209/2209/2209
f 2211/2211/2211 2207/2207/2207 2209/2209/2209
f 2212/2212/2212 2213/2213/2213 2214/2214/2214
f 2213/2213/2213 2215/2215/2215 2214/2214/2214
f 2215/2215/2215 2216/2216/2216 2214/2214/2214
f 2216/2216/2216 2212/2212/2212 2214/2214/2214
f 2217/2217/2217 2218/2218/2218 2219/2219/2219
f 2218/2218/2218 2220/2220/2220 2219/2219/2219
f 2220/2220/2220 2221/2221/2221 2219/2219/2219
f 2221/2221/2221 2217/2217/2217 2219/2219/2219
f 2222/2222/2222 2223/2223/2223 2224/2224/2224
f 2223/2223/2223 2225/2225/2225 2224/2224/2224
f 2225/2225/2225 2226/2226/2226 2224/2224/2224
f 2226/2226/2226 2222/2222/2222 2224/2224/2224
f 2227/2227/2227 2228/2228/2228 2229/2229/2229
f 2228/2228/2228 2230/2230/2230 2229/2229/2229
f 2230/2230/2230 2231/2231/2231 2229/2229/2229
f 2231/2231/2231 2227/2227/2227 2229/2229/2229
f 2232/2232/2232 2233/2233/2233 2234/2234/2234
f 2233/2233/2233 2235/2235/2235 2234/2234/2234
f 2235/2235/2235 2236/2236/2236 2234/2234/2234
f 2236/2236/2236 2232/2232/2232 2234/2234/2234
f 2237/2237/2237 2238/2238/2238 2239/2239/2239
f 2238/2238/2238 2240/2240/2240 2239/2239/2239
f 2240/2240/2240 2241/2241/2241 2239/2239/2239
f 2241/2241/2241 2237/2237/2237 2239/2239/2239
f 2242/2242/2242 2243/2243/2243 2244/2244/2244
f 2243/2243/2243 2245/2245/2245 2244/2244/2244
f 2245/2245/2245 2246/2246/2246 2244/2244/2244
f 2246/2246/2246 2242/2242/2242 2244/2244/2244
f 2247/2247/2247 2248/2248/2248 2249/2249/2249
f 2248/2248/2248 2250/2250/2250 2249/2249/2249
f 2250/2250/2250 2251/2251/2251 2249/2249/2249
f 2251/2251/2251 2247/2247/2247 2249/2249/2249
f 2252/2252/2252 2253/2253/2253 2254/2254/2254
f 2253/2253/2253 2255/2255/2255 2254/2254/2254
f 2255/2255/2255 2256/2256/2256 2254/2254/2254
f 2256/2256/2256 2252/2252/2252 2254/2254/2254
f 2257/2257/2257 2258/2258/2258 2259/2259/2259
f 2258/2258/2258 2260/2260/2260 2259/2259/2259
f 2260/2260/2260 2261/2261/2261 2259/2259/2259
f 2261/2261/2261 2257/2257/2257 2259/2259/2259
f 2262/2262/2262 2263/2263/2263 2264/2264/2264
f 2263/2263/2263 2265/2265/2265 2264/2264/2264
f 2265/2265/2265 2266/2266/2266 2264/2264/2264
f 2266/2266/2266 2262/2262/2262 2264/2264/2264
f 2267/2267/2267 2268/2268/2268 2269/2269/2269
f 2268/2268/2268 2270/2270/2270 2269/2269/2269
f 2270/2270/2270 2271/2271/2271 2269/2269/2269
f 2271/2271/2271 2267/2267/2267 2269/2269/2269
f 2272/2272/2272 2273/2273/2273 2274/2274/2274
f 2273/2273/2273 2275/2275/2275 2274/2274/2274
f 2275/2275/2275 2276/2276/2276 2274/2274/2274
f 2276/2276/2276 2272/2272/2272 2274/2274/2274
f 2277/2277/2277 2278/2278/2278 2279/2279/2279
f 2278/2278/2278 2280/2280/2280 2279/2279/2279
f 2280/2280/2280 2281/2281/2281 2279/2279/2279
f 2281/2281/2281 2277/2277/2277 2279/2279/2279
f 2282/2282/2282 2283/2283/2283 2284/2284/2284
f 2283/2283/2283 2285/2285/2285 2284/2284/2284
f 2285/2285/2285 2286/2286/2286 2284/2284/2284
f 2286/2286/2286 2282/2282/2282 2284/2284/2284
f 2287/2287/2287 2288/2288/2288 2289/2289/2289
f 2288/2288/2288 2290/2290/2290 2289/2289/2289
f 2290/2290/2290 2291/2291/2291 2289/2289/2289
f 2291/2291/2291 2287/2287/2287 2289/2289/2289
f 2292/2292/2292 2293/2293/2293 2294/2294/2294
f 2293/2293/2293 2295/2295/2295 2294/2294/2294
f 2295/2295/2295 2296/2296/2296 2294/2294/2294
f 2296/2296/2296 2292/2292/2292 2294/2294/2294
f 2297/2297/2297 2298/2298/2298 2299/2299/2299
f 2298/2298/2298 2300/2300/2300 2299/2299/2299
f 2300/2300/2300 2301/2301/2301 2299/2299/2299
f 2301/2301/2301 2297/2297/2297 2299/2299/2299
f 2302/2302/2302 2303/2303/2303 2304/2304/2304
f 2303/2303/2303 2305/2305/2305 2304/2304/2304
f 2305/2305/2305 2306/2306/2306 2304/2304/2304
f 2306/2306/2306 2302/2302/2302 2304/2304/2304
f 2307/2307/2307 2308/2308/2308 2309/2309/2309
f 2308/2308/2308 2310/2310/2310 2309/2309/2309
f 2310/2310/2310 2311/2311/2311 2309/2309/2309
f 2311/2311/2311 2307/2307/2307 2309/2309/2309
f 2312/2312/2312 2313/2313/2313 2314/2314/2314
f 2313/2313/2313 2315/2315/2315 2314/2314/2314
f 2315/2315/2315 2316/2316/2316 2314/2314/2314
f 2316/2316/2316 2312/2312/2312 2314/2314/2314
f 2317/2317/2317 2318/2318/2318 2319/2319/2319
f 2318/2318/2318 2320/2320/2320 2319/2319/2319
f 2320/2320/2320 2321/2321/2321 2319/2319/2319
f 2321/2321/2321 2317/2317/2317 2319/2319/2319
f 2322/2322/2322 2323/2323/2323 2324/2324/2324
f 2323/2323/2323 2325/2325/2325 2324/2324/2324
f 2325/2325/2325 2326/2326/2326 2324/2324/2324
f 2326/2326/2326 2322/2322/2322 2324/2324/2324
f 2327/2327/2327 2328/2328/2328 2329/2329/2329
f 2328/2328/2328 2330/2330/2330 2329/2329/2329
f 2330/2330/2330 2331/2331/2331 2329/2329/2329
f 2331/2331/2331 2327/2327/2327 2329/2329/2329
f 2332/2332/2332 2333/2333/2333 2334/2334/2334
f 2333/2333/2333 2335/2335/2335 2334/2334/2334
f 2335/2335/2335 2336/2336/2336 2334/2334/2334
f 2336/2336/2336 2332/2332/2332 2334/2334/2334
f 2337/2337/2337 2338/2338/2338 2339/2339/2339
f 2338/2338/2338 2340/2340/2340 2339/2339/2339
f 2340/2340/2340 2341/2341/2341 2339/2339/2339
f 2341/2341/2341 2337/2337/2337 2339/2339/2339
f 2342/2342/2342 2343/2343/2343 2344/2344/2344
f 2343/2343/2343 2345/2345/2345 2344/2344/2344
f 2345/2345/2345 2346/2346/2346 2344/2344/2344
f 2346/2346/2346 2342/2342/2342 2344/2344/2344
f 2347/2347/2347 2348/2348/2348 2349/2349/2349
f 2348/2348/2348 2350/2350/2350 2349/2349/2349
f 2350/2350/2350 2351/2351/2351 2349/2349/2349
f 2351/2351/2351 2347/2347/2347 2349/2349/2349
f 2352/2352/2352 2353/2353/2353 2354/2354/2354
f 2353/2353/2353 2355/2355/2355 2354/2354/2354
f 2355/2355/2355 2356/2356/2356 2354/2354/2354
f 2356/2356/2356 2352/2352/2352 2354/2354/2354
f 2357/2357/2357 2358/2358/2358 2359/2359/2359
f 2358/2358/2358 2360/2360/2360 2359/2359/2359
f 2360/2360/2360 2361/2361/2361 2359/2359/2359
f 2361/2361/2361 2357/2357/2357 2359/2359/2359
f 2362/2362/2362 2363/2363/2363 2364/2364/2364
f 2363/2363/2363 2365/2365/2365 2364/2364/2364
f 2365/2365/2365 2366/2366/2366 2364/2364/2364
f 2366/2366/2366 2362/2362/2362 2364/2364/2364
f 2367/2367/2367 2368/2368/2368 2369/2369/2369
f 2368/2368/2368 2370/2370/2370 2369/2369/2369
f 2370/2370/2370 2371/2371/2371 2369/2369/2369
f 2371/2371/2371 2367/2367/2367 2369/2369/2369
f 2372/2372/2372 2373/2373/2373 2374/2374/2374
f 2373/2373/2373 2375/2375/2375 2374/2374/2374
f 2375/2375/2375 2376/2376/2376 2374/2374/2374
f 2376/2376/2376 2372/2372/2372 2374/2374/2374
